District,Latitude,Longitude,Potential of Hydrogen (pH),Electric Conductivity (μS/cm),Total Dissolved Solids (mg/L),Fluoride (mg/L),Total Hardness (mgCaCO3/L),Calcium (mg/L),Magnesium (mg/L),Chloride (mg/L),Risk,Medium,High,Predicted_Risk
VISAKHAPATNAM,17.42916667,82.74722222,8.19,3630.0,2147.0,,630.0,56.0,119.0,567.0,High,Medium,High,High
VISAKHAPATNAM,17.42916667,82.74722222,7.94,3272.0,0.0,,630.0,128.0,75.53,624.0,High,Medium,High,High
EAST GODAVARI,17.47833333,82.01861111,7.79,510.0,290.0,,190.0,50.0,16.0,14.0,Low,,,Low
EAST GODAVARI,17.47833333,82.01861111,6.7,420.0,0.0,,190.0,50.0,15.86,21.0,Low,,,Low
EAST GODAVARI,17.45666667,82.03944444,7.02,490.0,382.0,,210.0,50.0,20.73,11.0,Low,,,Low
ANANTAPUR,14.35333333,78.0375,7.98,3240.0,1886.0,,750.0,88.0,129.0,440.0,High,Medium,High,High
ANANTAPUR,14.35333333,78.0375,7.99,2000.0,0.0,,700.0,108.0,104.68,135.0,Medium,Medium,,Medium
ANANTAPUR,14.35333333,78.0375,7.85,1880.0,809.0,,530.0,96.0,70.62,135.0,Medium,Medium,,Medium
KURNOOL,15.66666667,77.2875,7.12,4670.0,0.0,,760.0,116.0,114.41,737.0,High,Medium,High,High
KURNOOL,15.66666667,77.2875,7.64,4680.0,407.0,,920.0,224.0,87.8,908.0,High,Medium,High,High
VIZIANAGARAM,18.45,83.53333333,7.72,1586.0,897.0,,375.0,64.0,52.0,255.0,Medium,Medium,,Medium
VIZIANAGARAM,18.45,83.53333333,7.38,1733.0,0.0,,445.0,98.0,48.75,319.0,Medium,Medium,,Medium
PRAKASAM,15.59638889,79.73305556,8.25,932.0,605.0,,290.0,42.0,45.0,43.0,Medium,Medium,,Medium
KURNOOL,15.15305556,78.66666667,7.48,714.0,0.0,,340.0,88.0,29.28,53.0,Low,,,Low
EAST GODAVARI,16.66138889,82.01277778,7.83,1160.0,681.0,,340.0,56.0,49.0,177.0,Medium,Medium,,Medium
EAST GODAVARI,16.66138889,82.01277778,7.85,1450.0,0.0,,310.0,60.0,38.97,142.0,Low,,,Low
EAST GODAVARI,16.66138889,82.01277778,7.15,2310.0,985.0,,880.0,168.0,112.04,397.0,Medium,Medium,,Medium
WEST GODAVARI,16.58277778,81.38888889,7.68,2440.0,1308.0,,700.0,100.0,109.0,546.0,High,Medium,High,High
WEST GODAVARI,16.58277778,81.38888889,7.9,2936.0,0.0,,390.0,44.0,68.13,702.0,Medium,Medium,,Medium
WEST GODAVARI,16.58277778,81.38888889,8.53,10070.0,238.0,,1150.0,120.0,206.81,2274.0,High,Medium,High,High
WEST GODAVARI,16.575,81.37916667,7.66,1120.0,1575.0,,280.0,64.0,29.25,191.0,High,Medium,High,High
VISAKHAPATNAM,17.70916667,83.20722222,7.74,760.0,0.0,,280.0,72.0,24.4,53.0,Low,,,Low
ANANTAPUR,20.73666667,77.00722222,7.5,4681.0,3043.0,,523.0,84.0,77.0,573.0,High,Medium,High,High
ANANTAPUR,20.73666667,77.00722222,7.7,4625.0,0.0,,1392.3,91.9836,277.0656,584.39325,High,Medium,High,High
KRISHNA,16.9625,80.65138889,8.39,1050.0,565.0,,260.0,42.0,38.0,57.0,Medium,Medium,,Medium
KRISHNA,16.9625,80.65138889,7.72,1123.0,0.0,,315.0,38.0,53.54,64.0,Low,,,Low
KRISHNA,16.42305556,80.8925,7.92,970.0,550.0,,305.0,55.0,41.0,92.0,Medium,Medium,,Medium
KRISHNA,16.42305556,80.8925,7.34,1148.0,0.0,,290.0,46.0,42.6,89.0,Low,,,Low
KRISHNA,16.41055556,80.8425,8.2,1560.0,526.0,,290.0,68.0,29.26,124.0,Medium,Medium,,Medium
ANANTAPUR,14.04694444,77.04444444,7.63,1389.0,0.0,,265.0,44.0,37.74,128.0,Low,,,Low
VIZIANAGARAM,17.99166667,83.25,7.42,1608.0,929.0,,205.0,32.0,30.0,287.0,Medium,Medium,,Medium
VIZIANAGARAM,17.99472222,83.24277778,7.29,1905.0,0.0,,460.0,98.0,52.39,326.0,Medium,Medium,,Medium
ANANTAPUR,26.02944444,78.79722222,7.63,910.0,591.5,,240.0,36.0,36.0,71.0,Medium,Medium,,Medium
ANANTAPUR,14.19166667,78.16388889,7.28,3330.0,1966.0,,760.0,216.0,54.0,624.0,High,Medium,High,High
ANANTAPUR,14.19166667,78.16388889,7.69,2254.0,0.0,,520.0,96.0,68.19,397.0,Medium,Medium,,Medium
ANANTAPUR,26.02944444,78.79722222,7.64,906.0,0.0,,233.0,34.0,36.02,40.0,Low,,,Low
ANANTAPUR,26.02944444,78.79722222,7.5,1589.0,1033.0,,265.0,68.0,23.18,197.0,High,Medium,High,High
KURNOOL,15.45833333,78.32472222,7.76,1018.0,0.0,,340.0,84.0,31.71,128.0,Low,,,Low
PRAKASAM,15.34583333,79.62333333,7.56,1081.0,0.0,,220.0,68.0,12.24,138.0,Low,,,Low
PRAKASAM,15.34583333,79.62333333,7.64,1290.0,887.0,,200.0,58.0,13.44,145.0,Medium,Medium,,Medium
SRIKAKULAM,18.56666667,84.05833333,7.71,4608.0,2686.0,,1300.0,224.0,180.0,1276.0,High,Medium,High,High
SRIKAKULAM,18.56666667,84.05833333,7.11,5028.0,0.0,,1200.0,128.0,214.11,1390.0,High,Medium,High,High
ANANTAPUR,20.40972222,76.85333333,7.3,568.0,369.0,,279.0,78.0,21.0,23.0,Low,,,Low
ANANTAPUR,20.40972222,76.85333333,7.5,521.0,0.0,,249.9,61.3224,23.0888,13.64825,Low,,,Low
ANANTAPUR,20.40972222,76.85333333,7.6,555.0,646.1,,122.4,24.52896,14.5824,14.889,Medium,Medium,,Medium
CUDDAPAH,14.71666667,78.7,7.58,1870.0,1196.0,,270.0,96.0,7.0,227.0,High,Medium,High,High
CUDDAPAH,14.71666667,78.7,7.58,1086.0,0.0,,215.0,48.0,23.16,106.0,Low,,,Low
CUDDAPAH,14.71722222,78.71638889,7.72,1450.0,1963.0,,280.0,80.0,19.55,177.0,High,Medium,High,High
NELLORE,14.67833333,80.05194444,7.14,5500.0,0.0,,760.0,120.0,111.99,1305.0,High,Medium,High,High
NELLORE,14.67833333,80.05194444,7.2,6260.0,2729.0,,462.0,89.0,58.34,1315.0,High,Medium,High,High
KURNOOL,15.4,77.225,7.18,4640.0,2837.0,,360.0,56.0,54.0,780.0,High,Medium,High,High
KURNOOL,15.40083333,77.22444444,7.22,4231.0,0.0,,1400.0,417.0,87.43,851.0,High,Medium,High,High
EAST GODAVARI,16.58305556,82.02833333,8.16,240.0,141.0,,95.0,22.0,10.0,12.0,Low,,,Low
EAST GODAVARI,16.58305556,82.02833333,7.84,1070.0,536.0,,350.0,108.0,19.58,106.0,Medium,Medium,,Medium
EAST GODAVARI,16.57555556,82.00388889,7.71,620.0,321.0,,255.0,50.0,31.67,25.0,Low,,,Low
ANANTAPUR,14.12638889,76.97777778,7.79,1506.0,0.0,,385.0,54.0,60.85,241.0,Medium,Medium,,Medium
GUNTUR,16.575,80.36,8.17,3950.0,2579.0,,260.0,48.0,34.0,383.0,High,Medium,High,High
GUNTUR,16.575,80.36,8.04,3073.0,0.0,,340.0,32.0,63.25,340.0,High,Medium,High,High
EAST GODAVARI,16.59388889,81.95055556,7.64,1290.0,714.0,,410.0,68.0,58.0,163.0,Medium,Medium,,Medium
EAST GODAVARI,16.59388889,81.95055556,7.92,490.0,627.0,,243.0,64.0,20.26,14.0,Medium,Medium,,Medium
ANANTAPUR,20.45666667,76.85916667,7.5,711.0,0.0,,321.3,65.41056,37.6712,31.01875,Low,,,Low
ANANTAPUR,20.45666667,76.85916667,7.7,884.0,360.75,,178.5,24.52896,27.9496,44.667,Low,,,Low
ANANTAPUR,19.35,74.175,8.0,883.0,0.0,,316.2,26.57304,59.5448,38.46325,Low,,,Low
ANANTAPUR,19.35,74.175,8.1,984.0,1744.6,,168.3,55.55,27.39825,89.334,High,Medium,High,High
ANANTAPUR,14.84166667,77.25,7.63,3340.0,2213.0,,780.0,304.0,5.0,383.0,High,Medium,High,High
ANANTAPUR,14.84166667,77.25,8.2,691.0,0.0,,210.0,34.0,30.43,82.0,Low,,,Low
CHITTOOR,13.45638889,79.96361111,7.65,118.0,80.0,,40.0,8.0,5.0,14.0,Low,,,Low
CHITTOOR,13.45638889,79.96361111,8.13,130.0,0.0,,40.0,6.0,6.09,18.0,Low,,,Low
CHITTOOR,13.45638889,79.96361111,8.2,120.0,3934.0,,35.0,10.0,2.44,7.1,High,Medium,High,High
SRIKAKULAM,18.40833333,83.90833333,8.48,1031.0,608.0,,330.0,82.0,30.0,110.0,Medium,Medium,,Medium
SRIKAKULAM,18.40833333,83.90833333,7.68,616.0,0.0,,250.0,62.0,23.17,43.0,Low,,,Low
SRIKAKULAM,18.40833333,83.90833333,7.52,719.0,230.0,,295.0,76.0,25.62,50.0,Low,,,Low
GUNTUR,16.24333333,79.84138889,7.89,2460.0,1493.0,,380.0,52.0,61.0,312.0,High,Medium,High,High
GUNTUR,16.24333333,79.84138889,7.49,2306.0,0.0,,550.0,100.0,73.06,241.0,Medium,Medium,,Medium
GUNTUR,16.24333333,79.84138889,7.62,3520.0,1821.0,,900.0,152.0,126.61,397.0,High,Medium,High,High
VISAKHAPATNAM,17.69166667,83.0,8.42,1430.0,814.0,,170.0,28.0,24.0,89.0,Medium,Medium,,Medium
VISAKHAPATNAM,17.69166667,83.0,8.24,1333.0,0.0,,360.0,48.0,58.41,82.0,Low,,,Low
VISAKHAPATNAM,17.89194444,83.37111111,8.14,262.0,0.0,,105.0,22.0,12.18,14.0,Low,,,Low
VISAKHAPATNAM,18.23666667,83.01194444,8.02,60.0,35.0,,25.0,6.0,2.0,11.0,Low,,,Low
VISAKHAPATNAM,18.23666667,83.01194444,7.96,40.0,0.0,,20.0,2.0,3.65,7.0,Low,,,Low
ANANTAPUR,14.675,77.60833333,6.98,1127.0,0.0,,320.0,74.0,32.91,128.0,Low,,,Low
EAST GODAVARI,16.94444444,81.96666667,7.75,1130.0,710.0,,290.0,86.0,18.0,156.0,Medium,Medium,,Medium
EAST GODAVARI,16.94444444,81.96666667,7.46,1070.0,0.0,,340.0,92.0,26.86,156.0,Low,,,Low
EAST GODAVARI,16.94444444,81.96666667,7.64,920.0,3509.0,,300.0,60.0,36.54,131.0,High,Medium,High,High
KRISHNA,16.78944444,80.27527778,8.18,1200.0,740.0,,270.0,84.0,15.0,103.0,Medium,Medium,,Medium
KRISHNA,16.78944444,80.27527778,7.59,1205.0,0.0,,360.0,76.0,41.42,121.0,Low,,,Low
KRISHNA,16.78944444,80.27527778,8.2,1220.0,665.0,,325.0,78.0,31.7,113.0,Medium,Medium,,Medium
ANANTAPUR,20.00138889,74.59166667,7.5,3188.0,0.0,,795.6,73.58688,145.824,308.94675,High,Medium,High,High
ANANTAPUR,20.00138889,74.59166667,7.3,1933.0,749.45,,308.55,73.58688,29.7724,176.6828,Medium,Medium,,Medium
ANANTAPUR,32.125,75.69166667,8.09,464.0,0.0,,0.0,40.0,29.0,35.0,Low,,,Low
ANANTAPUR,20.88333333,76.85277778,7.8,2123.0,1380.0,,105.0,26.0,10.0,64.0,High,Medium,High,High
KRISHNA,16.08638889,81.04916667,8.12,1530.0,877.0,,370.0,98.0,30.0,220.0,Medium,Medium,,Medium
KRISHNA,16.08638889,81.04916667,7.17,1956.0,0.0,,550.0,122.0,59.72,305.0,Medium,Medium,,Medium
ANANTAPUR,20.04111111,74.46833333,7.6,1680.0,1092.0,,443.0,78.0,61.0,98.0,High,Medium,High,High
ANANTAPUR,20.04111111,74.46833333,7.6,1381.0,0.0,,459.0,47.01384,81.4184,78.16725,Low,,,Low
ANANTAPUR,20.04111111,74.46833333,7.6,1555.0,2888.6,,296.31,47.01384,42.65352,79.408,High,Medium,High,High
ANANTAPUR,19.01944444,76.83472222,7.4,1674.0,0.0,,637.5,136.95335,70.4816,130.27875,Medium,Medium,,Medium
EAST GODAVARI,17.01388889,82.25,7.7,1250.0,761.0,,370.0,104.0,27.0,191.0,Medium,Medium,,Medium
EAST GODAVARI,17.01388889,82.25,7.47,10650.0,2012.0,,1725.0,281.0,248.94,2233.0,High,Medium,High,High
CUDDAPAH,14.22083333,78.53333333,7.98,1380.0,814.0,,340.0,52.0,51.0,135.0,Medium,Medium,,Medium
CUDDAPAH,14.22083333,78.53333333,7.43,4260.0,0.0,,1310.0,273.0,152.9,652.0,High,Medium,High,High
EAST GODAVARI,16.78861111,82.21166667,7.87,2010.0,1181.0,,460.0,80.0,63.0,241.0,High,Medium,High,High
EAST GODAVARI,16.78861111,82.21166667,8.0,1730.0,0.0,,300.0,60.0,36.54,142.0,Medium,Medium,,Medium
ANANTAPUR,17.26361111,80.42972222,8.13,2850.0,1683.0,,390.0,40.0,71.0,425.0,High,Medium,High,High
ANANTAPUR,17.26361111,80.42972222,7.84,2716.0,0.0,,400.0,44.0,70.56,362.0,Medium,Medium,,Medium
EAST GODAVARI,17.28,82.41,7.8,1380.0,804.0,,380.0,72.0,49.0,255.0,Medium,Medium,,Medium
EAST GODAVARI,16.36722222,81.73333333,7.61,5740.0,0.0,,760.0,96.0,126.55,1404.0,High,Medium,High,High
VIZIANAGARAM,18.67611111,83.37277778,7.66,1608.0,972.0,,335.0,40.0,57.0,213.0,Medium,Medium,,Medium
VIZIANAGARAM,18.67611111,83.37277778,7.8,1689.0,0.0,,370.0,72.0,46.28,209.0,Medium,Medium,,Medium
CHITTOOR,13.2775,78.96,7.42,2270.0,0.0,,650.0,232.0,17.3,581.0,Medium,Medium,,Medium
CHITTOOR,13.2775,78.96,7.3,2830.0,462.0,,920.0,192.0,107.21,596.0,Medium,Medium,,Medium
ANANTAPUR,18.67472222,75.18138889,8.0,2789.0,0.0,,759.9,177.83496,75.3424,244.42775,Medium,Medium,,Medium
ANANTAPUR,18.67472222,75.18138889,8.0,3277.0,845.0,,627.3,398.95,55.48905,362.299,High,Medium,High,High
SRIKAKULAM,18.28333333,83.91666667,7.98,766.0,482.0,,205.0,18.0,39.0,96.0,Low,,,Low
SRIKAKULAM,18.28333333,83.91666667,7.56,976.0,0.0,,360.0,68.0,46.28,85.0,Low,,,Low
NELLORE,13.9,80.06666667,7.61,5400.0,3070.0,,1120.0,56.0,238.0,1106.0,High,Medium,High,High
NELLORE,13.9,80.06666667,7.48,2453.0,0.0,,460.0,68.0,70.59,475.0,Medium,Medium,,Medium
CHITTOOR,13.53333333,78.5,7.58,1580.0,965.0,,510.0,130.0,45.0,181.0,Medium,Medium,,Medium
VISAKHAPATNAM,18.33611111,82.84722222,7.3,490.0,312.0,,140.0,42.0,9.0,58.0,Low,,,Low
VISAKHAPATNAM,18.33611111,82.84722222,7.58,202.0,0.0,,105.0,24.0,10.97,18.0,Low,,,Low
KURNOOL,15.48,77.39083333,7.58,1160.0,0.0,,365.0,96.0,30.51,131.0,Low,,,Low
NELLORE,13.715,80.12111111,7.31,4253.0,0.0,,860.0,228.0,70.79,1035.0,High,Medium,High,High
KURNOOL,15.89166667,78.59166667,7.62,1430.0,834.0,,365.0,92.0,33.0,213.0,Medium,Medium,,Medium
KURNOOL,15.89166667,78.59166667,6.95,1540.0,0.0,,420.0,144.0,14.76,248.0,Medium,Medium,,Medium
KURNOOL,15.89166667,78.59166667,7.52,1470.0,1340.0,,370.0,98.0,30.51,241.0,High,Medium,High,High
ANANTAPUR,14.64444444,77.35833333,7.75,860.0,358.0,,280.0,48.0,38.96,25.0,Low,,,Low
WEST GODAVARI,16.68333333,81.63333333,8.4,1782.0,1153.0,,360.0,70.0,45.0,152.0,High,Medium,High,High
WEST GODAVARI,16.68055556,81.63055556,7.61,4068.0,0.0,,1180.0,248.0,136.46,766.0,High,Medium,High,High
KRISHNA,16.0125,80.91666667,7.62,4030.0,2520.0,,840.0,156.0,109.0,659.0,High,Medium,High,High
KRISHNA,16.02277778,80.91916667,7.75,2255.0,0.0,,520.0,64.0,87.61,298.0,Medium,Medium,,Medium
KRISHNA,16.22055556,80.9425,8.14,1620.0,952.0,,500.0,92.0,66.0,188.0,Medium,Medium,,Medium
KRISHNA,16.22055556,80.9425,7.68,1343.0,0.0,,420.0,54.0,69.36,174.0,Low,,,Low
KRISHNA,16.22055556,80.9425,8.25,1590.0,775.0,,365.0,78.0,41.43,177.0,Medium,Medium,,Medium
CUDDAPAH,14.53305556,78.49444444,8.69,1595.0,0.0,,255.0,30.0,43.8,156.0,Medium,Medium,,Medium
CUDDAPAH,14.53305556,78.49444444,8.19,2860.0,1117.0,,690.0,56.0,133.79,425.0,High,Medium,High,High
ANANTAPUR,19.6,74.50833333,8.0,709.0,0.0,,260.1,49.05792,32.8104,43.42625,Low,,,Low
ANANTAPUR,19.6,74.50833333,8.1,872.0,919.75,,127.5,50.5,18.711,54.593,Medium,Medium,,Medium
ANANTAPUR,20.66666667,76.76666667,7.6,1139.0,740.0,,359.0,60.0,51.0,44.0,Medium,Medium,,Medium
EAST GODAVARI,17.5825,82.26861111,7.27,4350.0,714.0,,1280.0,393.0,72.81,567.0,High,Medium,High,High
CHITTOOR,13.08916667,78.61055556,7.4,920.0,578.0,,280.0,88.0,15.0,64.0,Medium,Medium,,Medium
ANANTAPUR,26.29611111,78.98,8.5,4000.0,2600.0,,300.0,40.0,49.0,496.0,High,Medium,High,High
ANANTAPUR,26.29611111,78.98,8.02,2589.0,0.0,,139.0,10.0,27.73,70.0,Medium,Medium,,Medium
ANANTAPUR,26.29611111,78.98,7.9,3573.0,2322.0,,915.0,244.0,74.45,870.0,High,Medium,High,High
VIZIANAGARAM,18.61666667,83.525,7.68,854.0,493.0,,210.0,64.0,12.0,99.0,Low,,,Low
VIZIANAGARAM,18.61666667,83.525,7.32,906.0,0.0,,325.0,92.0,23.21,124.0,Low,,,Low
CHITTOOR,13.52138889,79.38083333,7.74,930.0,0.0,,300.0,56.0,38.97,57.0,Low,,,Low
CHITTOOR,13.52138889,79.38083333,7.88,920.0,511.0,,255.0,42.0,36.52,60.0,Medium,Medium,,Medium
KRISHNA,16.275,81.18333333,8.05,6680.0,4017.0,,1300.0,230.0,176.0,1134.0,High,Medium,High,High
KRISHNA,16.275,81.18333333,7.56,5782.0,0.0,,1240.0,160.0,204.42,1035.0,High,Medium,High,High
KRISHNA,16.275,81.18333333,7.84,4600.0,2724.0,,860.0,176.0,102.33,723.0,High,Medium,High,High
ANANTAPUR,19.28888889,74.7375,8.0,537.0,0.0,,209.1,42.92568,24.304,26.05575,Low,,,Low
ANANTAPUR,19.28888889,74.7375,8.0,382.0,326.3,,96.9,55.55,10.04805,12.4075,Low,,,Low
KURNOOL,15.31666667,78.225,7.87,1700.0,949.0,,430.0,66.0,64.0,308.0,Medium,Medium,,Medium
CHITTOOR,13.14777778,79.19833333,7.83,910.0,647.0,,275.0,50.0,36.53,174.0,Medium,Medium,,Medium
VISAKHAPATNAM,17.71472222,82.59055556,8.0,1150.0,665.0,,435.0,64.0,67.0,106.0,Medium,Medium,,Medium
VISAKHAPATNAM,17.71472222,82.59055556,7.91,1768.0,0.0,,730.0,62.0,139.88,216.0,Medium,Medium,,Medium
VISAKHAPATNAM,18.21666667,83.10833333,7.85,430.0,239.0,,170.0,42.0,16.0,28.0,Low,,,Low
VISAKHAPATNAM,18.21666667,83.10833333,7.91,416.0,0.0,,195.0,54.0,14.65,35.0,Low,,,Low
VISAKHAPATNAM,17.77083333,82.90833333,8.15,1260.0,685.0,,530.0,56.0,95.0,117.0,Medium,Medium,,Medium
VISAKHAPATNAM,17.77083333,82.90833333,7.88,1134.0,0.0,,470.0,62.0,76.66,89.0,Low,,,Low
CHITTOOR,13.19055556,78.90861111,7.94,820.0,276.0,,195.0,28.0,30.43,156.0,Low,,,Low
ANANTAPUR,18.83333333,74.86666667,7.7,4111.0,2672.0,,767.0,194.0,69.0,314.0,High,Medium,High,High
ANANTAPUR,18.83333333,74.86666667,7.6,3322.0,0.0,,984.3,75.63096,189.5712,430.54025,High,Medium,High,High
ANANTAPUR,18.83333333,74.86666667,8.2,1388.0,1405.3,,239.7,111.1,31.2498,116.6305,High,Medium,High,High
KRISHNA,16.37,81.27388889,7.98,3150.0,1922.0,,500.0,132.0,41.0,574.0,High,Medium,High,High
KRISHNA,16.37,81.27388889,7.7,3143.0,0.0,,710.0,136.0,90.12,666.0,High,Medium,High,High
KRISHNA,16.37,81.27388889,7.83,2910.0,906.0,,650.0,172.0,53.7,546.0,Medium,Medium,,Medium
GUNTUR,15.91583333,80.4825,7.96,1015.0,596.0,,180.0,54.0,11.0,89.0,Medium,Medium,,Medium
GUNTUR,15.91583333,80.4825,7.73,843.0,0.0,,220.0,62.0,15.88,110.0,Low,,,Low
KRISHNA,16.64583333,80.9625,7.16,1850.0,1464.0,,575.0,160.0,42.74,567.0,High,Medium,High,High
KRISHNA,16.64583333,80.9625,7.32,1293.0,0.0,,405.0,84.0,47.51,195.0,Low,,,Low
KURNOOL,15.76166667,77.47916667,8.12,326.0,0.0,,140.0,26.0,18.27,28.0,Low,,,Low
ANANTAPUR,18.45833333,74.82333333,7.9,3172.0,0.0,,1239.3,102.204,234.5336,457.83676,High,Medium,High,High
ANANTAPUR,18.45833333,74.82333333,7.9,1300.0,1168.05,,158.1,106.05,12.64815,136.4825,High,Medium,High,High
SRIKAKULAM,18.88333333,84.56944444,8.8,2299.0,1500.0,,60.0,8.0,10.0,238.0,High,Medium,High,High
SRIKAKULAM,18.88333333,84.56944444,7.85,2635.0,0.0,,530.0,128.0,51.21,447.0,Medium,Medium,,Medium
CHITTOOR,13.55305556,78.52916667,7.56,5420.0,3002.0,,1240.0,240.0,156.0,1531.0,High,Medium,High,High
CHITTOOR,13.55305556,78.52916667,7.14,4980.0,0.0,,1410.0,305.0,157.8,1347.0,High,Medium,High,High
CHITTOOR,13.55305556,78.52916667,7.17,6820.0,1394.0,,1490.0,313.0,172.4,1801.0,High,Medium,High,High
KURNOOL,15.24583333,78.5,8.0,2400.0,1517.0,,460.0,104.0,49.0,312.0,High,Medium,High,High
KURNOOL,15.24583333,78.5,7.83,2450.0,0.0,,610.0,84.0,97.35,326.0,Medium,Medium,,Medium
KURNOOL,15.24583333,78.5,7.55,2380.0,1579.0,,500.0,112.0,53.63,312.0,High,Medium,High,High
CHITTOOR,13.53333333,78.90555556,7.4,890.0,550.0,,245.0,68.0,18.0,82.0,Medium,Medium,,Medium
CHITTOOR,13.53333333,78.90555556,7.6,970.0,0.0,,295.0,74.0,26.83,92.0,Low,,,Low
CHITTOOR,13.53333333,78.90555556,7.8,1330.0,613.0,,490.0,120.0,46.34,71.0,Medium,Medium,,Medium
KRISHNA,16.53916667,80.65166667,8.03,920.0,526.0,,245.0,60.0,23.0,89.0,Medium,Medium,,Medium
KRISHNA,16.53916667,80.65166667,7.2,3480.0,0.0,,810.0,152.0,104.73,737.0,High,Medium,High,High
KRISHNA,16.53916667,80.65166667,8.04,873.0,579.0,,285.0,68.0,28.04,103.0,Medium,Medium,,Medium
GUNTUR,16.50833333,80.00833333,7.23,4384.0,0.0,,1600.0,369.0,165.17,702.0,High,Medium,High,High
SRIKAKULAM,18.71666667,84.38333333,7.98,439.0,295.0,,145.0,26.0,19.0,39.0,Low,,,Low
SRIKAKULAM,18.71666667,84.38333333,7.78,590.0,0.0,,205.0,54.0,17.08,46.0,Low,,,Low
ANANTAPUR,32.19305556,75.99444444,8.3,488.0,0.0,,0.0,28.0,27.0,43.0,Low,,,Low
ANANTAPUR,19.48944444,74.96722222,8.1,603.0,0.0,,249.9,51.102,29.1648,21.09275,Low,,,Low
ANANTAPUR,19.48944444,74.96722222,7.9,865.0,533.65,,127.5,70.7,13.8024,76.9265,Medium,Medium,,Medium
EAST GODAVARI,16.97222222,82.23,7.88,1280.0,778.0,,300.0,40.0,49.0,191.0,Medium,Medium,,Medium
ANANTAPUR,32.17916667,75.94916667,8.43,306.0,0.0,,0.0,56.0,4.84,28.0,Low,,,Low
GUNTUR,16.08666667,80.75277778,7.89,1252.0,771.0,,325.0,78.0,32.0,117.0,Medium,Medium,,Medium
GUNTUR,16.08666667,80.75277778,7.5,1076.0,0.0,,350.0,96.0,26.86,106.0,Low,,,Low
GUNTUR,16.08666667,80.75277778,7.45,1450.0,477.0,,465.0,136.0,30.56,191.0,Low,,,Low
EAST GODAVARI,17.20833333,81.84666667,7.55,3550.0,0.0,,1200.0,72.0,248.08,808.0,High,Medium,High,High
WEST GODAVARI,16.53166667,81.52333333,8.4,1497.0,836.0,,335.0,58.0,46.0,191.0,Medium,Medium,,Medium
VISAKHAPATNAM,18.10361111,82.675,8.13,270.0,168.0,,100.0,22.0,11.0,25.0,Low,,,Low
VISAKHAPATNAM,17.88333333,83.43333333,7.87,1660.0,1057.0,,310.0,76.0,29.0,191.0,High,Medium,High,High
VISAKHAPATNAM,17.88333333,83.43333333,7.66,855.0,0.0,,310.0,92.0,19.56,124.0,Low,,,Low
VISAKHAPATNAM,17.88333333,83.43333333,7.29,1680.0,1399.0,,470.0,82.0,64.53,358.0,High,Medium,High,High
VISAKHAPATNAM,17.88333333,83.43333333,8.0,560.0,352.0,,180.0,46.0,16.0,57.0,Low,,,Low
VISAKHAPATNAM,17.88333333,83.43333333,7.4,1795.0,0.0,,445.0,106.0,43.89,266.0,Medium,Medium,,Medium
VISAKHAPATNAM,17.88333333,83.43333333,7.4,2450.0,1749.0,,640.0,148.0,65.83,479.0,High,Medium,High,High
ANANTAPUR,18.64444444,74.89666667,7.9,767.0,0.0,,316.2,65.41056,36.456,55.83375,Low,,,Low
ANANTAPUR,29.23333333,74.75,7.9,300.0,195.0,,140.0,48.0,5.0,21.0,Low,,,Low
ANANTAPUR,29.23333333,74.75,7.46,1090.0,708.5,,300.0,72.0,29.18,85.0,Medium,Medium,,Medium
ANANTAPUR,29.23333333,74.75,8.07,1400.0,910.0,,370.0,56.0,55.99,269.0,Medium,Medium,,Medium
ANANTAPUR,29.23333333,74.75,8.2,1400.0,498.0,,390.0,80.0,46.29,279.0,Low,,,Low
ANANTAPUR,29.23333333,74.75,8.15,1290.0,838.5,,430.0,79.0,56.544,121.0,Medium,Medium,,Medium
EAST GODAVARI,16.96111111,82.04583333,7.43,2230.0,1331.0,,460.0,104.0,49.0,440.0,High,Medium,High,High
EAST GODAVARI,16.96111111,82.04583333,7.48,450.0,0.0,,145.0,42.0,9.78,39.0,Low,,,Low
ANANTAPUR,18.53472222,72.98333333,8.0,1275.0,829.0,,174.0,34.0,22.0,190.0,Medium,Medium,,Medium
ANANTAPUR,18.53472222,72.98333333,7.8,260.0,0.0,,91.8,20.4408,9.7216,13.64825,Low,,,Low
ANANTAPUR,29.075,74.3,7.57,280.0,182.0,,120.0,24.0,15.0,43.0,Low,,,Low
ANANTAPUR,29.075,74.3,7.72,280.0,2158.0,,145.0,36.0,13.42,53.0,High,Medium,High,High
ANANTAPUR,29.075,74.3,8.05,1330.0,864.5,,460.0,64.0,72.96,99.0,Medium,Medium,,Medium
ANANTAPUR,28.86666667,74.27777778,7.78,275.0,178.75,,100.0,20.0,12.0,35.0,Low,,,Low
ANANTAPUR,28.86666667,74.27777778,7.83,1100.0,715.0,,300.0,40.0,48.64,92.0,Medium,Medium,,Medium
ANANTAPUR,28.86666667,74.27777778,8.36,1315.0,854.75,,430.0,24.0,89.99,106.0,Medium,Medium,,Medium
ANANTAPUR,28.86666667,74.27777778,8.42,1315.0,6292.0,,455.0,122.0,36.62,116.0,High,Medium,High,High
ANANTAPUR,28.86666667,74.27777778,7.87,1910.0,1241.5,,500.0,80.0,72.96,326.0,High,Medium,High,High
VIZIANAGARAM,18.58333333,83.36666667,6.76,839.0,499.0,,315.0,88.0,23.0,117.0,Low,,,Low
VIZIANAGARAM,18.58333333,83.36666667,7.6,977.0,0.0,,400.0,124.0,22.03,131.0,Low,,,Low
CUDDAPAH,14.14166667,78.58333333,7.78,770.0,1231.0,,345.0,42.0,58.4,14.0,High,Medium,High,High
CUDDAPAH,14.62138889,78.25166667,7.92,1154.0,0.0,,265.0,38.0,41.38,46.0,Low,,,Low
CUDDAPAH,14.62138889,78.25166667,8.25,880.0,633.0,,205.0,32.0,30.43,60.0,Medium,Medium,,Medium
KRISHNA,16.48166667,81.20805556,8.08,4170.0,2530.0,,860.0,176.0,102.0,709.0,High,Medium,High,High
KRISHNA,16.48166667,81.20805556,7.5,4553.0,0.0,,1100.0,273.0,101.84,893.0,High,Medium,High,High
KRISHNA,16.48166667,81.20805556,7.74,4485.0,1039.0,,1040.0,96.0,194.62,858.0,High,Medium,High,High
VIZIANAGARAM,18.24166667,83.35,7.86,2716.0,1456.0,,840.0,48.0,175.0,574.0,High,Medium,High,High
VIZIANAGARAM,18.24166667,83.35,7.15,2621.0,0.0,,700.0,176.0,63.43,496.0,Medium,Medium,,Medium
VISAKHAPATNAM,17.74861111,82.5625,8.2,630.0,354.0,,242.5,64.0,20.0,28.0,Low,,,Low
ANANTAPUR,,,8.5,479.0,263.7,,175.0,40.0,18.2,47.5,Low,,,Low
ANANTAPUR,,,8.3,519.2,342.67,,160.0,32.0,19.417475,39.0,Low,,,Low
ANANTAPUR,,,7.215,400.7,238.8,,140.0,40.032,9.689321,24.815,Low,,,Low
ANANTAPUR,20.5075,73.75388889,7.8,713.0,0.0,,316.2,20.4408,63.1904,18.61125,Low,,,Low
ANANTAPUR,20.73333333,77.12777778,7.8,2106.0,0.0,,775.2,151.26192,94.7856,321.35425,Medium,Medium,,Medium
ANANTAPUR,19.27777778,74.22777778,7.9,1124.0,731.0,,473.0,70.0,73.0,146.0,Medium,Medium,,Medium
ANANTAPUR,19.27777778,74.22777778,7.7,1264.0,0.0,,504.9,77.67504,74.1272,93.05625,Low,,,Low
NELLORE,14.34444444,80.06861111,7.3,2081.0,0.0,,390.0,68.0,53.57,475.0,Medium,Medium,,Medium
NELLORE,14.34444444,80.06861111,7.36,4915.0,1250.0,,871.0,287.0,37.67,1053.0,High,Medium,High,High
GUNTUR,16.54972222,79.83611111,7.66,1430.0,913.0,,315.0,58.0,41.0,121.0,Medium,Medium,,Medium
GUNTUR,16.54972222,79.83611111,7.42,1812.0,0.0,,450.0,120.0,36.62,209.0,Medium,Medium,,Medium
GUNTUR,16.54027778,79.84916667,7.53,1732.0,1764.0,,545.0,126.0,56.07,174.0,High,Medium,High,High
NELLORE,13.90138889,79.92777778,7.09,3548.0,0.0,,1020.0,160.0,150.94,844.0,High,Medium,High,High
GUNTUR,16.26,80.47444444,7.99,1709.0,1101.0,,205.0,46.0,22.0,163.0,High,Medium,High,High
GUNTUR,16.26,80.47444444,7.64,1443.0,0.0,,265.0,14.0,55.94,191.0,Low,,,Low
GUNTUR,16.26,80.47444444,7.91,1770.0,2385.0,,235.0,38.0,34.08,269.0,High,Medium,High,High
ANANTAPUR,13.96666667,77.16666667,7.45,1600.0,958.0,,345.0,76.0,38.0,181.0,Medium,Medium,,Medium
ANANTAPUR,13.96666667,77.16666667,7.7,1426.0,0.0,,335.0,90.0,26.85,156.0,Low,,,Low
ANANTAPUR,13.96666667,77.16666667,7.95,1170.0,1042.0,,325.0,64.0,40.19,99.0,High,Medium,High,High
ANANTAPUR,13.92777778,77.32027778,8.06,849.0,0.0,,70.0,12.0,9.74,110.0,Low,,,Low
ANANTAPUR,13.92777778,77.32027778,8.0,1080.0,779.0,,205.0,36.0,28.0,99.0,Medium,Medium,,Medium
EAST GODAVARI,17.19166667,82.10416667,7.67,970.0,2956.0,,315.0,70.0,34.12,135.0,High,Medium,High,High
WEST GODAVARI,17.19888889,81.31888889,8.38,920.0,555.0,,215.0,28.0,35.0,53.0,Medium,Medium,,Medium
WEST GODAVARI,17.19888889,81.31888889,7.6,1093.0,0.0,,315.0,84.0,25.63,96.0,Low,,,Low
WEST GODAVARI,17.19888889,81.31888889,7.8,1420.0,996.0,,410.0,64.0,60.86,149.0,Medium,Medium,,Medium
CUDDAPAH,14.5875,78.63694444,8.1,680.0,401.0,,90.0,22.0,9.0,35.0,Low,,,Low
CUDDAPAH,14.5875,78.63694444,7.8,7400.0,479.0,,1600.0,381.0,157.89,1666.0,High,Medium,High,High
PRAKASAM,15.13305556,80.00416667,8.13,3829.0,2298.0,,400.0,68.0,56.0,851.0,High,Medium,High,High
PRAKASAM,15.13305556,80.00416667,7.56,6310.0,0.0,,1520.0,96.0,311.33,1815.0,High,Medium,High,High
SRIKAKULAM,18.50916667,84.06305556,8.02,539.0,306.0,,180.0,40.0,19.0,85.0,Low,,,Low
SRIKAKULAM,18.50916667,84.06305556,7.52,522.0,0.0,,225.0,46.0,26.8,67.0,Low,,,Low
ANANTAPUR,13.88972222,77.6075,7.45,1084.0,0.0,,325.0,54.0,46.26,99.0,Low,,,Low
KRISHNA,16.11805556,80.93333333,7.94,1230.0,714.0,,290.0,90.0,16.0,156.0,Medium,Medium,,Medium
KRISHNA,16.11805556,80.93333333,7.41,2187.0,0.0,,660.0,132.0,80.39,390.0,Medium,Medium,,Medium
ANANTAPUR,19.48333333,74.2,7.8,1328.0,863.0,,393.0,80.0,47.0,195.0,Medium,Medium,,Medium
ANANTAPUR,19.48333333,74.2,7.7,1144.0,0.0,,443.7,61.3224,69.2664,98.01925,Low,,,Low
ANANTAPUR,19.48333333,74.2,8.0,1076.0,401.05,,209.1,90.9,28.7226,121.5935,Low,,,Low
KRISHNA,16.80222222,80.63,8.3,2380.0,1341.0,,300.0,76.0,27.0,397.0,High,Medium,High,High
KRISHNA,16.80222222,80.63,7.71,2391.0,0.0,,430.0,68.0,63.3,475.0,Medium,Medium,,Medium
KRISHNA,16.80222222,80.63,8.23,2266.0,4378.0,,275.0,46.0,38.96,365.0,High,Medium,High,High
ANANTAPUR,20.46111111,76.775,7.3,728.0,473.0,,339.0,74.0,38.0,44.0,Low,,,Low
ANANTAPUR,20.46111111,76.775,7.5,878.0,0.0,,351.9,65.41056,44.9624,50.87075,Low,,,Low
ANANTAPUR,20.46111111,76.775,7.7,972.0,879.45,,183.6,22.48488,30.38,64.519,Medium,Medium,,Medium
ANANTAPUR,32.14583333,75.6875,8.75,602.0,0.0,,0.0,28.0,22.0,28.0,Low,,,Low
CUDDAPAH,14.90722222,78.92333333,7.9,1020.0,585.0,,190.0,36.0,24.0,106.0,Medium,Medium,,Medium
CUDDAPAH,14.90722222,78.92333333,7.77,4140.0,0.0,,380.0,56.0,58.42,567.0,High,Medium,High,High
ANANTAPUR,13.7,77.48888889,6.6,1038.0,0.0,,380.0,100.0,31.73,121.0,Low,,,Low
GUNTUR,16.13,80.74,8.16,1337.0,812.0,,360.0,62.0,50.0,121.0,Medium,Medium,,Medium
GUNTUR,16.13,80.74,7.58,1067.0,0.0,,360.0,88.0,34.15,103.0,Low,,,Low
GUNTUR,16.13,80.74,7.54,824.0,846.0,,310.0,78.0,28.05,57.0,Medium,Medium,,Medium
EAST GODAVARI,17.61861111,81.98555556,7.84,780.0,235.0,,195.0,36.0,25.57,21.0,Low,,,Low
GUNTUR,16.20416667,80.52777778,8.05,1661.0,1133.0,,230.0,46.0,28.0,149.0,High,Medium,High,High
GUNTUR,16.20416667,80.52777778,7.71,1468.0,0.0,,265.0,58.0,29.25,142.0,Low,,,Low
GUNTUR,16.20416667,80.52777778,7.83,1455.0,5584.0,,270.0,62.0,28.04,138.0,High,Medium,High,High
WEST GODAVARI,16.82361111,81.39166667,7.78,748.0,427.0,,210.0,66.0,11.0,106.0,Low,,,Low
PRAKASAM,15.60583333,80.09416667,8.2,2040.0,1292.0,,160.0,30.0,21.0,202.0,High,Medium,High,High
PRAKASAM,15.60583333,80.09416667,7.74,1765.0,0.0,,220.0,26.0,37.72,220.0,Medium,Medium,,Medium
NELLORE,14.90916667,79.68416667,8.12,1303.0,898.0,,345.0,48.0,55.0,96.0,Medium,Medium,,Medium
ANANTAPUR,14.27111111,77.62222222,6.5,648.0,0.0,,200.0,42.0,23.15,78.0,Low,,,Low
CUDDAPAH,14.68027778,79.15583333,8.1,590.0,0.0,,110.0,12.0,19.47,121.0,Low,,,Low
CUDDAPAH,14.68027778,79.15583333,7.6,2490.0,411.0,,870.0,144.0,124.17,624.0,Medium,Medium,,Medium
WEST GODAVARI,16.58638889,81.41666667,8.25,400.0,223.0,,125.0,36.0,9.0,25.0,Low,,,Low
WEST GODAVARI,16.58638889,81.41666667,8.05,412.0,0.0,,150.0,38.0,13.42,35.0,Low,,,Low
WEST GODAVARI,16.58638889,81.41666667,8.7,420.0,3150.0,,155.0,37.0,15.24,25.0,High,Medium,High,High
GUNTUR,15.93388889,80.445,7.9,1940.0,1213.0,,160.0,28.0,22.0,362.0,High,Medium,High,High
GUNTUR,15.93388889,80.445,7.5,8184.0,0.0,,1800.0,200.0,316.31,2056.0,High,Medium,High,High
GUNTUR,15.93388889,80.445,7.59,6880.0,1050.0,,1120.0,136.0,189.81,1900.0,High,Medium,High,High
ANANTAPUR,28.7,76.71666667,8.03,6190.0,0.0,,1882.0,184.0,345.0,475.0,High,Medium,High,High
ANANTAPUR,28.7,76.71666667,9.05,1490.0,968.5,,90.0,12.0,14.592,163.07,Medium,Medium,,Medium
ANANTAPUR,19.00138889,74.91666667,7.9,1199.0,0.0,,402.9,55.19016,63.1904,142.68625,Low,,,Low
ANANTAPUR,19.00138889,74.91666667,8.0,1431.0,432.9,,158.1,116.15,10.19385,59.556,Low,,,Low
GUNTUR,16.00416667,79.69305556,7.76,4885.0,0.0,,680.0,80.0,116.8,752.0,High,Medium,High,High
ANANTAPUR,18.86666667,74.71666667,7.5,6379.0,0.0,,2422.5,486.49103,288.0024,740.7277,High,Medium,High,High
ANANTAPUR,18.86666667,74.71666667,8.0,1995.0,1660.1,,479.4,272.7,50.2281,153.853,High,Medium,High,High
VIZIANAGARAM,18.59277778,83.50416667,8.0,1566.0,930.0,,350.0,46.0,57.0,234.0,Medium,Medium,,Medium
VIZIANAGARAM,18.59277778,83.50416667,7.46,1657.0,0.0,,470.0,96.0,56.04,248.0,Medium,Medium,,Medium
GUNTUR,16.08527778,80.15166667,8.16,2560.0,1645.0,,270.0,40.0,41.0,241.0,High,Medium,High,High
GUNTUR,16.08527778,80.15166667,7.18,2753.0,0.0,,450.0,112.0,41.47,425.0,Medium,Medium,,Medium
GUNTUR,16.08527778,80.15166667,7.62,2689.0,1799.0,,465.0,102.0,51.18,330.0,High,Medium,High,High
PRAKASAM,15.58333333,79.86666667,8.3,1480.0,895.0,,75.0,14.0,10.0,71.0,Medium,Medium,,Medium
PRAKASAM,15.58333333,79.86666667,7.04,1271.0,0.0,,430.0,108.0,39.03,121.0,Low,,,Low
PRAKASAM,15.58333333,79.86666667,7.53,1200.0,1807.0,,340.0,104.0,19.58,113.0,High,Medium,High,High
EAST GODAVARI,16.59138889,81.95916667,7.85,410.0,229.0,,160.0,38.0,16.0,18.0,Low,,,Low
EAST GODAVARI,16.59138889,81.95916667,7.84,480.0,0.0,,235.0,66.0,17.1,11.0,Low,,,Low
SRIKAKULAM,18.455,84.09,7.52,1344.0,0.0,,420.0,68.0,60.87,238.0,Low,,,Low
CUDDAPAH,13.94555556,78.70083333,7.6,1180.0,676.0,,370.0,92.0,34.0,177.0,Medium,Medium,,Medium
CUDDAPAH,13.94555556,78.70083333,7.68,950.0,3007.0,,360.0,78.0,40.21,106.0,High,Medium,High,High
CHITTOOR,13.58333333,79.96666667,7.42,1500.0,847.0,,410.0,138.0,16.0,319.0,Medium,Medium,,Medium
CHITTOOR,13.58333333,79.96666667,7.43,1520.0,0.0,,460.0,148.0,22.06,301.0,Medium,Medium,,Medium
EAST GODAVARI,17.32361111,81.69722222,8.15,750.0,415.0,,275.0,32.0,47.0,60.0,Low,,,Low
EAST GODAVARI,17.32361111,81.69722222,7.6,1250.0,312.0,,390.0,110.0,28.09,149.0,Low,,,Low
KRISHNA,17.02,80.555,8.15,1390.0,777.0,,360.0,60.0,51.0,170.0,Medium,Medium,,Medium
KRISHNA,17.02,80.555,7.49,1689.0,0.0,,440.0,92.0,51.17,245.0,Medium,Medium,,Medium
WEST GODAVARI,17.06861111,80.98972222,8.12,1520.0,848.0,,325.0,40.0,55.0,181.0,Medium,Medium,,Medium
CHITTOOR,13.50416667,78.71527778,7.16,2398.0,1481.0,,680.0,168.0,63.0,482.0,High,Medium,High,High
CHITTOOR,13.50416667,78.71527778,7.52,1720.0,0.0,,430.0,70.0,62.08,294.0,Medium,Medium,,Medium
CHITTOOR,13.65944444,78.70611111,7.05,2650.0,468.0,,690.0,140.0,82.83,539.0,Medium,Medium,,Medium
VIZIANAGARAM,18.31527778,83.58194444,7.54,1426.0,873.0,,485.0,132.0,38.0,213.0,Medium,Medium,,Medium
PRAKASAM,15.83611111,80.36111111,6.89,1590.0,0.0,,510.0,124.0,48.78,206.0,Medium,Medium,,Medium
NELLORE,14.0325,80.05861111,7.5,524.0,0.0,,110.0,24.0,12.19,110.0,Low,,,Low
CHITTOOR,13.41722222,79.12083333,7.31,2260.0,0.0,,540.0,92.0,75.48,440.0,Medium,Medium,,Medium
CHITTOOR,13.20666667,79.10166667,7.61,2000.0,1164.0,,490.0,140.0,34.0,383.0,High,Medium,High,High
CHITTOOR,13.20666667,79.10166667,7.53,1610.0,0.0,,430.0,106.0,40.25,305.0,Medium,Medium,,Medium
CUDDAPAH,14.1725,79.26222222,7.98,1192.0,0.0,,435.0,44.0,79.07,124.0,Low,,,Low
WEST GODAVARI,17.09305556,81.59388889,7.86,956.0,583.0,,330.0,68.0,39.0,78.0,Medium,Medium,,Medium
WEST GODAVARI,17.09305556,81.59388889,7.73,1540.0,914.0,,390.0,82.0,45.08,156.0,Medium,Medium,,Medium
EAST GODAVARI,16.89194444,82.23916667,8.0,1940.0,1115.0,,330.0,60.0,44.0,312.0,High,Medium,High,High
EAST GODAVARI,16.89194444,82.23916667,7.69,3610.0,0.0,,620.0,104.0,87.65,567.0,High,Medium,High,High
EAST GODAVARI,16.89194444,82.23916667,7.68,1090.0,580.0,,325.0,64.0,40.19,35.0,Medium,Medium,,Medium
ANANTAPUR,21.46666667,79.31666667,8.0,1134.0,0.0,,255.0,51.102,30.38,73.20425,Low,,,Low
ANANTAPUR,21.46666667,79.31666667,8.0,1135.0,564.85,,260.1,65.41056,23.0888,81.8895,Medium,Medium,,Medium
ANANTAPUR,21.46666667,79.31666667,7.68,2236.0,1498.12,,830.664,180.36,92.416,560.11,High,Medium,High,High
NELLORE,14.61361111,80.04722222,7.62,2910.0,1307.0,,611.0,167.0,47.25,464.0,High,Medium,High,High
CUDDAPAH,14.90777778,78.91861111,8.22,3940.0,0.0,,380.0,96.0,34.16,596.0,High,Medium,High,High
CHITTOOR,13.40833333,79.69166667,7.34,2650.0,1600.0,,330.0,44.0,54.0,369.0,High,Medium,High,High
ANANTAPUR,25.99611111,78.87916667,8.14,570.0,370.5,,190.0,24.0,32.0,28.0,Low,,,Low
ANANTAPUR,25.99611111,78.87916667,7.52,722.0,0.0,,208.0,42.0,25.09,12.0,Low,,,Low
ANANTAPUR,25.99611111,78.87916667,8.0,903.0,587.0,,240.0,60.0,21.95,32.0,Medium,Medium,,Medium
GUNTUR,16.59361111,79.73611111,7.42,1715.0,0.0,,430.0,122.0,30.54,230.0,Medium,Medium,,Medium
ANANTAPUR,18.9625,74.80694444,7.6,3722.0,2419.0,,1235.0,291.0,124.0,254.0,High,Medium,High,High
ANANTAPUR,18.9625,74.80694444,7.8,3574.0,0.0,,1458.6,206.45209,224.812,356.09525,High,Medium,High,High
NELLORE,14.03722222,79.56222222,7.72,1075.0,622.0,,320.0,52.0,46.0,110.0,Medium,Medium,,Medium
CHITTOOR,13.475,79.04722222,7.9,2510.0,1504.0,,540.0,96.0,73.0,479.0,High,Medium,High,High
CHITTOOR,13.475,79.04722222,7.59,2400.0,0.0,,720.0,88.0,121.67,457.0,Medium,Medium,,Medium
ANANTAPUR,21.25416667,75.74166667,7.9,660.0,0.0,,249.9,49.05792,30.38,13.64825,Low,,,Low
ANANTAPUR,21.25416667,75.74166667,8.0,1963.0,377.195,,540.0,56.0,97.216,389.95,Medium,Medium,,Medium
PRAKASAM,15.77083333,79.68472222,7.5,2160.0,815.0,,380.0,62.0,54.78,262.0,Medium,Medium,,Medium
PRAKASAM,15.80166667,79.67833333,7.3,1465.0,971.0,,180.0,52.0,12.0,110.0,Medium,Medium,,Medium
PRAKASAM,15.80166667,79.67833333,7.21,1500.0,0.0,,250.0,52.0,29.24,149.0,Low,,,Low
PRAKASAM,15.80166667,79.67833333,7.8,1602.0,707.0,,205.0,44.0,23.15,152.0,Medium,Medium,,Medium
VIZIANAGARAM,18.38888889,83.39166667,7.8,556.0,330.0,,220.0,38.0,30.0,25.0,Low,,,Low
VIZIANAGARAM,18.38888889,83.39166667,7.5,673.0,0.0,,305.0,62.0,36.55,32.0,Low,,,Low
ANANTAPUR,19.23333333,74.66666667,7.9,1357.0,0.0,,504.9,47.01384,92.3552,147.64925,Low,,,Low
ANANTAPUR,19.23333333,74.66666667,8.0,324.0,1120.6,,66.3,45.45,5.06655,14.889,High,Medium,High,High
EAST GODAVARI,16.68333333,81.85,7.73,700.0,386.0,,255.0,42.0,36.0,35.0,Low,,,Low
EAST GODAVARI,16.68333333,81.85,7.86,800.0,0.0,,375.0,90.0,36.58,35.0,Low,,,Low
EAST GODAVARI,16.68333333,81.85,7.91,980.0,506.0,,210.0,46.0,23.15,74.0,Medium,Medium,,Medium
VIZIANAGARAM,18.07222222,83.48333333,7.7,1246.0,726.0,,265.0,26.0,49.0,149.0,Medium,Medium,,Medium
VIZIANAGARAM,18.07222222,83.48333333,7.52,1480.0,0.0,,270.0,44.0,38.95,220.0,Low,,,Low
VIZIANAGARAM,18.07222222,83.48333333,7.67,1710.0,1045.0,,440.0,88.0,53.6,269.0,High,Medium,High,High
ANANTAPUR,21.58333333,79.36666667,7.7,613.0,0.0,,204.0,47.01384,20.6584,13.64825,Low,,,Low
ANANTAPUR,21.58333333,79.36666667,8.1,599.0,299.0,,244.8,57.23424,24.304,9.926,Low,,,Low
WEST GODAVARI,17.02777778,81.55694444,8.31,140.0,65.0,,65.0,16.0,6.0,7.0,Low,,,Low
VISAKHAPATNAM,17.98666667,82.98333333,8.07,114.0,0.0,,55.0,18.0,2.45,7.0,Low,,,Low
EAST GODAVARI,17.33333333,81.66666667,7.84,710.0,389.0,,260.0,44.0,36.0,64.0,Low,,,Low
ANANTAPUR,19.475,74.62083333,7.9,792.0,515.0,,249.0,62.0,23.0,41.0,Medium,Medium,,Medium
ANANTAPUR,19.475,74.62083333,7.9,2353.0,0.0,,775.2,73.58688,140.9632,254.35374,Medium,Medium,,Medium
ANANTAPUR,19.475,74.62083333,8.2,918.0,1201.85,,127.5,60.6,16.2567,69.482,High,Medium,High,High
ANANTAPUR,26.08055556,78.90305556,8.07,640.0,416.0,,210.0,28.0,34.0,35.0,Low,,,Low
ANANTAPUR,26.08055556,78.90305556,7.21,1051.0,0.0,,287.0,50.0,39.45,40.0,Low,,,Low
ANANTAPUR,26.08055556,78.90305556,8.0,932.0,606.0,,265.0,68.0,23.18,55.0,Medium,Medium,,Medium
ANANTAPUR,29.18333333,74.34166667,7.42,570.0,370.5,,200.0,52.0,17.02,50.0,Low,,,Low
ANANTAPUR,29.18333333,74.34166667,7.74,280.0,182.0,,120.0,24.0,14.62,35.0,Low,,,Low
ANANTAPUR,29.18333333,74.34166667,8.15,290.0,208.0,,145.0,38.0,12.2,45.0,Low,,,Low
ANANTAPUR,29.18333333,74.34166667,8.12,2280.0,1482.0,,190.0,56.0,12.16,567.2,High,Medium,High,High
VISAKHAPATNAM,17.90833333,82.12083333,7.1,332.0,0.0,,125.0,28.0,13.41,35.0,Low,,,Low
VISAKHAPATNAM,17.90833333,82.12083333,7.43,390.0,929.0,,150.0,38.0,13.42,35.0,Medium,Medium,,Medium
WEST GODAVARI,16.90944444,80.99777778,8.25,2256.0,1340.0,,630.0,52.0,122.0,284.0,High,Medium,High,High
ANANTAPUR,14.41166667,77.72,7.68,3800.0,2425.0,,740.0,240.0,34.0,624.0,High,Medium,High,High
ANANTAPUR,14.41166667,77.72,7.72,2066.0,0.0,,520.0,124.0,51.21,298.0,Medium,Medium,,Medium
ANANTAPUR,14.41166667,77.72,7.6,1950.0,1219.0,,435.0,92.0,49.95,227.0,High,Medium,High,High
EAST GODAVARI,17.22833333,82.2275,7.6,710.0,0.0,,300.0,62.0,35.33,46.0,Low,,,Low
EAST GODAVARI,17.22833333,82.2275,7.79,570.0,448.0,,240.0,56.0,24.38,64.0,Low,,,Low
CUDDAPAH,14.94472222,78.22,8.03,368.0,0.0,,135.0,34.0,12.2,28.0,Low,,,Low
CUDDAPAH,14.94472222,78.22,8.15,510.0,498.0,,150.0,25.0,21.3,46.0,Low,,,Low
KURNOOL,15.4,77.88,7.27,2444.0,0.0,,900.0,244.0,70.8,355.0,Medium,Medium,,Medium
CUDDAPAH,14.49722222,78.11666667,7.46,2630.0,1614.0,,1220.0,136.0,214.0,227.0,High,Medium,High,High
CUDDAPAH,14.49722222,78.11666667,7.79,848.0,0.0,,385.0,54.0,60.85,50.0,Low,,,Low
CUDDAPAH,14.49722222,78.11666667,7.66,1080.0,819.0,,485.0,72.0,74.24,78.0,Medium,Medium,,Medium
VIZIANAGARAM,18.94,83.61,7.99,184.0,0.0,,70.0,12.0,9.74,11.0,Low,,,Low
VISAKHAPATNAM,18.25833333,82.8,7.89,400.0,246.0,,150.0,38.0,13.0,35.0,Low,,,Low
VISAKHAPATNAM,18.25833333,82.8,7.89,356.0,0.0,,130.0,20.0,19.47,39.0,Low,,,Low
KURNOOL,15.71666667,77.275,8.22,1210.0,753.0,,480.0,112.0,49.0,156.0,Medium,Medium,,Medium
KURNOOL,15.71666667,77.275,7.45,1039.0,0.0,,410.0,82.0,49.94,78.0,Low,,,Low
KURNOOL,15.71666667,77.275,7.78,1310.0,1099.0,,480.0,64.0,77.88,149.0,High,Medium,High,High
ANANTAPUR,,,7.6,187.9,94.24,,55.0,12.0,6.1,17.5,Low,,,Low
ANANTAPUR,,,7.732,236.6,156.16,,90.0,14.0,13.349515,38.995,Low,,,Low
ANANTAPUR,,,6.877,210.5,125.5,,55.0,16.0128,3.6330097,24.815,Low,,,Low
ANANTAPUR,20.56055556,77.17833333,7.3,894.0,581.0,,374.0,70.0,49.0,51.0,Medium,Medium,,Medium
ANANTAPUR,20.56055556,77.17833333,7.1,891.0,0.0,,351.9,40.8816,59.5448,40.94475,Low,,,Low
ANANTAPUR,20.56055556,77.17833333,7.9,937.0,512.85,,188.7,16.35264,35.2408,47.1485,Medium,Medium,,Medium
WEST GODAVARI,17.21055556,81.54833333,8.65,1789.0,1041.0,,325.0,34.0,58.0,163.0,High,Medium,High,High
WEST GODAVARI,17.21055556,81.54833333,7.9,1240.0,0.0,,310.0,62.0,37.76,106.0,Low,,,Low
WEST GODAVARI,17.21055556,81.54833333,8.42,1220.0,70.0,,230.0,44.0,29.23,85.0,Low,,,Low
CUDDAPAH,14.73138889,78.14638889,8.05,10700.0,4401.0,,900.0,90.0,164.22,2127.0,High,Medium,High,High
EAST GODAVARI,16.92638889,81.78944444,8.03,270.0,154.0,,100.0,26.0,9.0,18.0,Low,,,Low
EAST GODAVARI,16.79166667,82.05833333,8.36,1020.0,555.0,,340.0,102.0,21.0,184.0,Medium,Medium,,Medium
EAST GODAVARI,16.79277778,82.06416667,7.96,320.0,0.0,,140.0,32.0,14.63,18.0,Low,,,Low
EAST GODAVARI,16.79277778,82.06416667,7.5,1370.0,1285.0,,460.0,52.0,80.3,149.0,High,Medium,High,High
PRAKASAM,15.21833333,79.87777778,8.45,1220.0,671.0,,235.0,30.0,39.0,170.0,Medium,Medium,,Medium
PRAKASAM,15.21833333,79.87777778,7.75,1051.0,0.0,,305.0,54.0,41.4,142.0,Low,,,Low
PRAKASAM,15.21833333,79.87777778,8.17,1163.0,1041.0,,255.0,58.0,26.81,170.0,High,Medium,High,High
PRAKASAM,15.87805556,80.20972222,7.69,10300.0,6333.0,,1800.0,240.0,292.0,2269.0,High,Medium,High,High
PRAKASAM,15.87805556,80.20972222,7.67,1394.0,0.0,,270.0,42.0,40.17,188.0,Low,,,Low
PRAKASAM,15.87805556,80.20972222,7.94,1329.0,1388.0,,155.0,58.0,2.5,138.0,High,Medium,High,High
PRAKASAM,15.73888889,80.1725,8.05,1170.0,666.0,,175.0,32.0,23.0,188.0,Medium,Medium,,Medium
PRAKASAM,15.73888889,80.1725,7.43,1395.0,0.0,,420.0,88.0,48.73,262.0,Low,,,Low
PRAKASAM,15.73888889,80.1725,7.65,1535.0,790.0,,305.0,110.0,7.43,273.0,Medium,Medium,,Medium
ANANTAPUR,28.90833333,74.13333333,8.15,1390.0,903.5,,200.0,24.0,34.0,92.0,Medium,Medium,,Medium
ANANTAPUR,28.90833333,74.13333333,8.04,830.0,539.5,,80.0,24.0,4.86,71.0,Medium,Medium,,Medium
ANANTAPUR,28.90833333,74.13333333,8.46,1750.0,1137.5,,260.0,32.0,43.8,106.0,High,Medium,High,High
ANANTAPUR,28.90833333,74.13333333,8.1,830.0,3179.0,,105.0,39.0,1.87,81.0,High,Medium,High,High
ANANTAPUR,28.90833333,74.13333333,8.31,1800.0,1170.0,,130.0,24.0,17.024,460.85,High,Medium,High,High
CHITTOOR,13.13333333,78.65833333,7.67,790.0,461.0,,275.0,68.0,26.0,89.0,Low,,,Low
ANANTAPUR,28.65,76.78333333,7.92,5100.0,0.0,,961.0,96.0,175.0,978.0,High,Medium,High,High
ANANTAPUR,28.65,76.78333333,7.7,9230.0,5999.5,,1040.0,136.0,170.24,2729.65,High,Medium,High,High
ANANTAPUR,20.68861111,72.94944444,7.91,260.0,109.0,,99.0,22.0,10.72,10.0,Low,,,Low
NELLORE,13.975,80.16666667,7.81,1350.0,898.0,,340.0,76.0,36.0,156.0,Medium,Medium,,Medium
NELLORE,13.975,80.16666667,7.5,1887.0,0.0,,560.0,152.0,43.95,301.0,Medium,Medium,,Medium
NELLORE,13.975,80.16666667,7.32,1998.0,813.0,,546.0,120.0,59.96,298.0,Medium,Medium,,Medium
GUNTUR,16.42361111,79.54027778,7.46,1552.0,0.0,,480.0,80.0,68.17,177.0,Medium,Medium,,Medium
EAST GODAVARI,16.92722222,81.91666667,7.6,1580.0,931.0,,420.0,104.0,39.0,269.0,Medium,Medium,,Medium
EAST GODAVARI,16.92722222,81.91666667,7.25,1030.0,526.0,,500.0,76.0,75.46,85.0,Medium,Medium,,Medium
CUDDAPAH,14.39888889,78.18305556,7.8,662.0,0.0,,230.0,40.0,31.66,50.0,Low,,,Low
WEST GODAVARI,16.71083333,81.11055556,7.581312,1312.0,758.0,,205.0,42.0,24.0,149.0,Medium,Medium,,Medium
WEST GODAVARI,16.71083333,81.11055556,7.7,1112.0,0.0,,305.0,70.0,31.69,121.0,Low,,,Low
WEST GODAVARI,16.71083333,81.11055556,7.52,1440.0,623.0,,345.0,64.0,45.06,163.0,Medium,Medium,,Medium
WEST GODAVARI,16.70416667,81.085,8.25,258.0,147.0,,100.0,20.0,12.0,21.0,Low,,,Low
WEST GODAVARI,16.70416667,81.085,8.0,696.0,0.0,,220.0,68.0,12.24,60.0,Low,,,Low
WEST GODAVARI,16.70416667,81.085,8.2,970.0,817.0,,240.0,41.0,33.48,46.0,Medium,Medium,,Medium
GUNTUR,16.01861111,79.82472222,7.82,2176.0,0.0,,540.0,42.0,105.81,298.0,Medium,Medium,,Medium
EAST GODAVARI,16.90555556,81.925,7.63,600.0,332.0,,230.0,48.0,27.0,28.0,Low,,,Low
EAST GODAVARI,16.90555556,81.925,7.71,1490.0,463.0,,350.0,46.0,57.19,106.0,Low,,,Low
CHITTOOR,13.71666667,79.61666667,7.74,820.0,490.0,,280.0,94.0,11.0,85.0,Low,,,Low
CHITTOOR,13.71666667,79.61666667,7.58,1000.0,0.0,,350.0,68.0,43.85,149.0,Low,,,Low
CHITTOOR,13.71666667,79.61666667,7.74,1140.0,757.0,,440.0,74.0,62.09,177.0,Medium,Medium,,Medium
KURNOOL,15.38,78.17,7.8,917.0,0.0,,115.0,2.0,26.75,106.0,Low,,,Low
WEST GODAVARI,17.00222222,81.00833333,7.72,1090.0,646.0,,335.0,102.0,19.0,142.0,Medium,Medium,,Medium
WEST GODAVARI,17.00222222,81.00833333,7.46,1080.0,430.0,,320.0,74.0,32.91,110.0,Low,,,Low
ANANTAPUR,17.41944444,78.45277778,7.87,661.0,411.0,,100.0,28.0,7.0,60.0,Low,,,Low
ANANTAPUR,17.41944444,78.45277778,8.06,654.0,0.0,,160.0,24.0,24.34,60.0,Low,,,Low
GUNTUR,16.26333333,80.42472222,8.15,2110.0,1469.0,,160.0,32.0,19.0,170.0,High,Medium,High,High
GUNTUR,16.26333333,80.42472222,7.64,871.0,0.0,,220.0,24.0,38.93,135.0,Low,,,Low
ANANTAPUR,21.16666667,75.85972222,7.9,728.0,473.0,,279.0,38.0,45.0,46.0,Low,,,Low
EAST GODAVARI,16.98333333,82.25833333,8.05,2490.0,1477.0,,580.0,80.0,92.0,425.0,High,Medium,High,High
EAST GODAVARI,16.98333333,82.25833333,7.38,6780.0,0.0,,1480.0,192.0,243.36,1503.0,High,Medium,High,High
EAST GODAVARI,16.98333333,82.25833333,8.16,3380.0,418.0,,640.0,92.0,99.8,496.0,High,Medium,High,High
EAST GODAVARI,17.31388889,81.83972222,8.4,2310.0,1286.0,,560.0,48.0,107.0,234.0,High,Medium,High,High
EAST GODAVARI,17.31388889,81.83972222,7.88,2400.0,0.0,,700.0,64.0,131.37,241.0,Medium,Medium,,Medium
EAST GODAVARI,17.31388889,81.83972222,7.85,950.0,761.0,,265.0,21.0,51.69,53.0,Medium,Medium,,Medium
ANANTAPUR,28.57083333,76.84166667,8.38,2520.0,0.0,,510.0,56.0,88.0,298.0,Medium,Medium,,Medium
ANANTAPUR,28.57083333,76.84166667,8.03,5860.0,3809.0,,260.0,36.0,41.344,1098.95,High,Medium,High,High
KURNOOL,15.66722222,78.44083333,7.97,1210.0,726.0,,290.0,86.0,18.0,170.0,Medium,Medium,,Medium
VIZIANAGARAM,18.29722222,83.33055556,7.74,920.0,552.0,,245.0,40.0,35.0,78.0,Medium,Medium,,Medium
VIZIANAGARAM,18.48722222,83.32833333,7.92,680.0,380.0,,245.0,60.0,23.0,64.0,Low,,,Low
VIZIANAGARAM,18.48722222,83.32833333,7.44,731.0,0.0,,335.0,78.0,34.13,74.0,Low,,,Low
CUDDAPAH,14.0,78.5,7.2,6010.0,3777.0,,1780.0,440.0,165.0,1078.0,High,Medium,High,High
CUDDAPAH,14.0,78.5,7.25,3812.0,0.0,,1310.0,269.0,155.32,759.0,High,Medium,High,High
KRISHNA,16.99444444,80.51666667,7.94,3160.0,2038.0,,360.0,112.0,19.0,475.0,High,Medium,High,High
KRISHNA,16.99444444,80.51666667,7.5,2550.0,0.0,,610.0,80.0,99.78,432.0,Medium,Medium,,Medium
KRISHNA,16.99444444,80.51666667,7.76,2415.0,474.0,,580.0,116.0,70.65,362.0,Medium,Medium,,Medium
VISAKHAPATNAM,18.17083333,82.63694444,8.1,110.0,64.0,,50.0,12.0,5.0,11.0,Low,,,Low
VISAKHAPATNAM,18.17083333,82.63694444,8.06,97.0,0.0,,30.0,8.0,2.44,11.0,Low,,,Low
VISAKHAPATNAM,18.17083333,82.63694444,7.65,140.0,801.0,,48.0,9.0,6.21,11.0,Medium,Medium,,Medium
ANANTAPUR,29.21666667,74.53333333,8.06,1240.0,806.0,,390.0,60.0,58.37,85.0,Medium,Medium,,Medium
ANANTAPUR,29.21666667,74.53333333,7.67,350.0,227.5,,140.0,32.0,14.63,35.0,Low,,,Low
ANANTAPUR,29.21666667,74.53333333,7.72,350.0,1703.0,,160.0,47.0,10.39,45.0,High,Medium,High,High
ANANTAPUR,29.21666667,74.53333333,7.42,2130.0,1384.5,,410.0,74.0,54.72,176.0,High,Medium,High,High
VISAKHAPATNAM,17.82861111,82.93388889,8.5,2040.0,1180.0,,370.0,32.0,71.0,199.0,High,Medium,High,High
VISAKHAPATNAM,17.85166667,83.25694444,8.45,1420.0,689.0,,585.0,60.0,106.0,113.0,Medium,Medium,,Medium
VISAKHAPATNAM,17.85166667,83.25694444,8.22,103.0,0.0,,45.0,8.0,6.09,11.0,Low,,,Low
VISAKHAPATNAM,17.85166667,83.25694444,7.69,2340.0,80.0,,920.0,96.0,165.45,89.0,Medium,Medium,,Medium
ANANTAPUR,18.96805556,76.75,7.5,1857.0,1207.0,,687.0,130.0,89.0,332.0,High,Medium,High,High
ANANTAPUR,18.96555556,76.73111111,7.8,728.0,0.0,,275.4,94.02768,9.7216,33.50025,Low,,,Low
ANANTAPUR,18.96555556,76.73111111,7.3,929.0,1012.7,,335.58,94.02768,24.06096,59.556,High,Medium,High,High
VIZIANAGARAM,18.86,83.46,7.71,925.0,0.0,,320.0,66.0,37.77,71.0,Low,,,Low
EAST GODAVARI,17.3875,81.91527778,7.96,490.0,293.0,,162.5,40.0,15.0,32.0,Low,,,Low
SRIKAKULAM,18.34861111,84.04583333,7.8,616.0,0.0,,200.0,44.0,21.94,74.0,Low,,,Low
VIZIANAGARAM,18.40555556,83.45833333,7.64,680.0,406.0,,205.0,48.0,21.0,57.0,Low,,,Low
VIZIANAGARAM,18.40555556,83.45833333,7.62,686.0,0.0,,255.0,80.0,13.47,53.0,Low,,,Low
VIZIANAGARAM,18.40555556,83.45833333,7.67,740.0,568.0,,290.0,84.0,19.55,67.0,Medium,Medium,,Medium
VISAKHAPATNAM,17.925,82.75,8.15,200.0,110.0,,70.0,4.0,15.0,11.0,Low,,,Low
VISAKHAPATNAM,17.925,82.75,8.25,180.0,0.0,,85.0,20.0,8.53,7.0,Low,,,Low
KRISHNA,17.0,80.495,7.84,1909.0,0.0,,360.0,56.0,53.56,191.0,Medium,Medium,,Medium
VIZIANAGARAM,18.28027778,83.52861111,7.6,650.0,382.0,,170.0,26.0,26.0,71.0,Low,,,Low
VIZIANAGARAM,18.28027778,83.52861111,7.31,996.0,0.0,,440.0,120.0,34.18,89.0,Low,,,Low
ANANTAPUR,18.75277778,74.63972222,8.0,967.0,629.0,,304.0,64.0,35.0,95.0,Medium,Medium,,Medium
ANANTAPUR,18.75277778,74.63972222,8.2,755.0,0.0,,260.1,36.79344,40.1016,21.09275,Low,,,Low
ANANTAPUR,18.75277778,74.63972222,7.9,696.0,303.55,,163.2,50.5,27.3861,32.2595,Low,,,Low
ANANTAPUR,19.35527778,74.87333333,8.1,456.0,0.0,,178.5,34.74936,21.8736,21.09275,Low,,,Low
ANANTAPUR,19.35527778,74.87333333,8.2,666.0,638.95,,147.9,70.7,18.7596,17.3705,Medium,Medium,,Medium
ANANTAPUR,18.81194444,74.89611111,7.6,291.0,189.0,,120.0,22.0,16.0,21.0,Low,,,Low
ANANTAPUR,18.81194444,74.89611111,8.1,438.0,0.0,,158.1,40.8816,13.3672,33.50025,Low,,,Low
ANANTAPUR,18.81194444,74.89611111,8.2,382.0,2130.05,,66.3,45.45,5.06655,12.4075,High,Medium,High,High
ANANTAPUR,19.4,75.3,8.0,1184.0,0.0,,469.2,102.204,51.0384,212.16824,Low,,,Low
EAST GODAVARI,17.31333333,82.36527778,7.89,880.0,0.0,,335.0,84.0,30.49,96.0,Low,,,Low
EAST GODAVARI,17.31333333,82.36527778,7.78,820.0,2949.0,,95.0,14.0,14.6,67.0,High,Medium,High,High
VISAKHAPATNAM,17.71916667,83.29,8.5,970.0,514.0,,347.5,42.0,59.0,57.0,Medium,Medium,,Medium
EAST GODAVARI,17.25,81.86666667,7.87,790.0,447.0,,212.5,32.0,32.0,64.0,Low,,,Low
EAST GODAVARI,17.25027778,81.87583333,7.07,690.0,831.0,,245.0,46.0,31.66,43.0,Medium,Medium,,Medium
GUNTUR,16.28833333,80.06333333,7.86,1080.0,670.0,,305.0,52.0,43.0,60.0,Medium,Medium,,Medium
GUNTUR,16.28833333,80.06333333,7.41,1374.0,0.0,,420.0,130.0,23.26,174.0,Low,,,Low
GUNTUR,16.28833333,80.06333333,7.56,2100.0,3122.0,,780.0,152.0,97.44,213.0,High,Medium,High,High
PRAKASAM,15.925,79.47916667,7.62,1114.0,0.0,,270.0,38.0,42.59,149.0,Low,,,Low
EAST GODAVARI,17.16666667,82.28333333,7.77,2400.0,1541.0,,440.0,112.0,39.0,284.0,High,Medium,High,High
EAST GODAVARI,17.16666667,82.28333333,7.64,2180.0,0.0,,520.0,120.0,53.63,312.0,Medium,Medium,,Medium
EAST GODAVARI,17.16666667,82.28333333,7.3,2530.0,1296.0,,640.0,128.0,77.96,397.0,High,Medium,High,High
KURNOOL,15.71222222,77.59722222,6.67,700.0,0.0,,320.0,44.0,51.11,57.0,Low,,,Low
KURNOOL,15.71666667,77.6,8.16,2300.0,1360.0,,560.0,144.0,49.0,454.0,High,Medium,High,High
KURNOOL,15.71666667,77.6,7.79,2855.0,0.0,,760.0,156.0,90.15,532.0,Medium,Medium,,Medium
GUNTUR,16.00833333,79.69583333,7.76,3307.0,2053.0,,440.0,72.0,63.0,510.0,High,Medium,High,High
GUNTUR,16.00833333,79.69583333,7.57,3357.0,0.0,,500.0,124.0,46.35,546.0,High,Medium,High,High
EAST GODAVARI,17.35361111,82.11583333,7.67,2270.0,1418.0,,380.0,80.0,44.0,312.0,High,Medium,High,High
EAST GODAVARI,17.35361111,82.11583333,7.45,2360.0,0.0,,440.0,80.0,58.45,326.0,Medium,Medium,,Medium
ANANTAPUR,15.11666667,77.64305556,7.64,2410.0,1466.0,,560.0,128.0,58.0,305.0,High,Medium,High,High
ANANTAPUR,15.11666667,77.64305556,8.2,2760.0,0.0,,740.0,144.0,92.57,411.0,Medium,Medium,,Medium
ANANTAPUR,15.11666667,77.64305556,7.85,2840.0,1052.0,,690.0,144.0,80.41,383.0,High,Medium,High,High
ANANTAPUR,15.10833333,77.625,7.56,1320.0,0.0,,435.0,88.0,52.38,106.0,Low,,,Low
ANANTAPUR,15.10833333,77.625,8.0,1380.0,1834.0,,410.0,88.0,46.3,106.0,High,Medium,High,High
VISAKHAPATNAM,17.76166667,83.22027778,7.96,707.0,0.0,,275.0,54.0,34.1,74.0,Low,,,Low
WEST GODAVARI,17.1,81.55,8.25,130.0,80.0,,50.0,14.0,4.0,7.0,Low,,,Low
WEST GODAVARI,17.1,81.55,7.24,1100.0,227.0,,410.0,84.0,48.73,106.0,Low,,,Low
KRISHNA,16.97888889,80.65138889,7.96,3100.0,1734.0,,990.0,128.0,163.0,532.0,High,Medium,High,High
KRISHNA,16.97888889,80.65138889,7.69,1772.0,0.0,,620.0,74.0,105.85,273.0,Medium,Medium,,Medium
KRISHNA,16.97888889,80.65138889,7.85,2476.0,986.0,,930.0,236.0,82.95,440.0,Medium,Medium,,Medium
WEST GODAVARI,16.91472222,81.6975,8.25,935.0,553.0,,280.0,78.0,21.0,82.0,Medium,Medium,,Medium
WEST GODAVARI,16.91472222,81.6975,7.73,1137.0,0.0,,410.0,124.0,24.46,103.0,Low,,,Low
WEST GODAVARI,16.91472222,81.6975,8.07,1200.0,2248.0,,510.0,112.0,56.06,99.0,High,Medium,High,High
ANANTAPUR,13.98333333,77.76666667,7.46,3060.0,1967.0,,660.0,208.0,34.0,447.0,High,Medium,High,High
VIZIANAGARAM,18.16361111,83.37777778,7.91,1300.0,744.0,,250.0,64.0,22.0,241.0,Medium,Medium,,Medium
VIZIANAGARAM,18.16361111,83.37777778,7.54,1347.0,0.0,,310.0,62.0,37.76,273.0,Low,,,Low
SRIKAKULAM,18.68888889,83.97222222,7.7,880.0,525.0,,245.0,52.0,28.0,110.0,Medium,Medium,,Medium
SRIKAKULAM,18.68888889,83.97222222,7.45,1058.0,0.0,,300.0,62.0,35.33,138.0,Low,,,Low
SRIKAKULAM,18.68888889,83.97222222,7.24,1119.0,669.0,,320.0,96.0,19.57,106.0,Medium,Medium,,Medium
VIZIANAGARAM,18.13194444,83.13194444,7.78,1248.0,730.0,,325.0,24.0,64.0,106.0,Medium,Medium,,Medium
VIZIANAGARAM,18.13194444,83.13194444,7.43,997.0,0.0,,415.0,58.0,65.72,103.0,Low,,,Low
GUNTUR,16.06944444,80.6675,7.78,1250.0,750.0,,285.0,46.0,41.0,117.0,Medium,Medium,,Medium
GUNTUR,16.06944444,80.6675,7.7,1039.0,0.0,,285.0,64.0,30.47,113.0,Low,,,Low
GUNTUR,16.06944444,80.6675,7.97,850.0,619.0,,240.0,40.0,34.09,99.0,Medium,Medium,,Medium
WEST GODAVARI,16.69833333,81.63111111,6.96,700.0,428.0,,185.0,46.0,17.0,25.0,Low,,,Low
WEST GODAVARI,16.69833333,81.63111111,7.6,700.0,845.0,,310.0,64.0,36.55,39.0,Medium,Medium,,Medium
KURNOOL,15.725,78.46666667,7.61,2450.0,1509.0,,600.0,168.0,44.0,397.0,High,Medium,High,High
KURNOOL,15.725,78.46666667,7.67,1244.0,0.0,,255.0,58.0,26.81,142.0,Low,,,Low
KURNOOL,15.725,78.46666667,7.64,1720.0,567.0,,500.0,68.0,80.32,262.0,Medium,Medium,,Medium
VISAKHAPATNAM,17.88333333,82.15,7.99,100.0,59.0,,45.0,12.0,4.0,7.0,Low,,,Low
VISAKHAPATNAM,17.88333333,82.15,7.64,1526.0,0.0,,610.0,62.0,110.7,174.0,Medium,Medium,,Medium
WEST GODAVARI,17.15,81.51666667,8.56,946.0,575.0,,290.0,64.0,32.0,67.0,Medium,Medium,,Medium
ANANTAPUR,17.38333333,78.43333333,7.5,1412.0,880.0,,335.0,52.0,50.0,149.0,Medium,Medium,,Medium
ANANTAPUR,17.38333333,78.43333333,7.77,1117.0,0.0,,350.0,90.0,30.5,113.0,Low,,,Low
KRISHNA,16.35305556,81.04611111,8.2,980.0,553.0,,270.0,56.0,32.0,105.0,Medium,Medium,,Medium
KRISHNA,16.35305556,81.04611111,7.58,1060.0,0.0,,350.0,70.0,42.63,135.0,Low,,,Low
KRISHNA,16.35305556,81.04611111,7.5,5540.0,2972.0,,1220.0,257.0,140.72,1262.0,High,Medium,High,High
NELLORE,14.14444444,79.87027778,8.35,6690.0,4055.0,,680.0,116.0,95.0,1191.0,High,Medium,High,High
NELLORE,14.14055556,79.83944444,7.88,670.0,729.0,,255.0,46.0,34.09,71.0,Medium,Medium,,Medium
KRISHNA,16.23583333,81.07694444,7.67,5377.0,0.0,,840.0,136.0,121.73,1007.0,High,Medium,High,High
KRISHNA,16.23583333,81.07694444,8.25,5373.0,687.0,,560.0,136.0,53.65,1021.0,High,Medium,High,High
KURNOOL,15.37194444,77.065,8.3,8050.0,5139.0,,550.0,130.0,55.0,1117.0,High,Medium,High,High
KURNOOL,15.37194444,77.065,7.52,18400.0,0.0,,3800.0,240.0,778.31,3687.0,High,Medium,High,High
KURNOOL,15.37194444,77.065,8.3,12370.0,7787.0,,1200.0,230.0,152.0,1897.0,High,Medium,High,High
KURNOOL,15.37194444,77.065,7.14,11850.0,0.0,,1700.0,561.0,73.01,2333.0,High,Medium,High,High
KURNOOL,15.37194444,77.065,7.74,5750.0,2531.0,,275.0,80.0,18.33,762.0,High,Medium,High,High
VIZIANAGARAM,18.95416667,83.64444444,6.3,564.0,356.0,,120.0,22.0,16.0,35.0,Low,,,Low
VIZIANAGARAM,18.95416667,83.64444444,7.87,717.0,0.0,,180.0,48.0,14.65,46.0,Low,,,Low
ANANTAPUR,15.16805556,77.37638889,7.77,2450.0,1611.0,,440.0,120.0,34.0,298.0,High,Medium,High,High
ANANTAPUR,15.16805556,77.37638889,7.73,3000.0,0.0,,830.0,196.0,82.9,369.0,Medium,Medium,,Medium
GUNTUR,16.29083333,80.45111111,7.69,2470.0,1414.0,,760.0,72.0,141.0,454.0,High,Medium,High,High
GUNTUR,16.29083333,80.45111111,6.97,7122.0,0.0,,2450.0,501.0,291.76,1950.0,High,Medium,High,High
GUNTUR,16.29083333,80.45111111,7.37,5402.0,454.0,,1480.0,251.0,207.57,1290.0,High,Medium,High,High
CHITTOOR,13.65138889,79.5425,7.28,1648.0,962.0,,365.0,60.0,52.0,220.0,Medium,Medium,,Medium
CHITTOOR,13.65138889,79.5425,7.85,1050.0,0.0,,300.0,86.0,20.77,92.0,Low,,,Low
CHITTOOR,13.65138889,79.5425,7.8,1060.0,71.0,,350.0,56.0,51.13,156.0,Low,,,Low
GUNTUR,16.55722222,79.58583333,7.49,2258.0,0.0,,610.0,124.0,73.09,298.0,Medium,Medium,,Medium
VISAKHAPATNAM,17.38194444,82.77083333,7.6,2980.0,1866.0,,690.0,204.0,44.0,482.0,High,Medium,High,High
VISAKHAPATNAM,17.38194444,82.77083333,7.55,2361.0,0.0,,670.0,104.0,99.81,496.0,Medium,Medium,,Medium
VISAKHAPATNAM,17.38194444,82.77083333,7.69,2460.0,1241.0,,990.0,216.0,109.67,482.0,High,Medium,High,High
VISAKHAPATNAM,17.825,83.24,7.95,1270.0,738.0,,370.0,64.0,51.0,113.0,Medium,Medium,,Medium
VISAKHAPATNAM,17.825,83.24,7.78,1115.0,0.0,,300.0,48.0,43.82,96.0,Low,,,Low
GUNTUR,16.55833333,79.64166667,7.27,1101.0,739.0,,145.0,26.0,19.0,78.0,Medium,Medium,,Medium
GUNTUR,16.55833333,79.64166667,7.69,1613.0,0.0,,220.0,42.0,28.01,163.0,Medium,Medium,,Medium
WEST GODAVARI,17.23444444,81.63833333,8.25,542.0,336.0,,175.0,32.0,23.0,25.0,Low,,,Low
WEST GODAVARI,17.23444444,81.63833333,7.51,2340.0,0.0,,730.0,148.0,87.71,340.0,Medium,Medium,,Medium
WEST GODAVARI,17.23444444,81.63833333,8.0,640.0,364.0,,230.0,46.0,28.02,21.0,Low,,,Low
GUNTUR,16.42777778,79.83611111,8.12,2116.0,1361.0,,280.0,56.0,34.0,213.0,High,Medium,High,High
GUNTUR,16.42777778,79.83611111,7.54,3053.0,0.0,,630.0,132.0,73.1,404.0,High,Medium,High,High
CUDDAPAH,14.26666667,78.76666667,7.29,1040.0,577.0,,390.0,68.0,54.0,121.0,Medium,Medium,,Medium
CUDDAPAH,14.26666667,78.76666667,7.72,1123.0,0.0,,445.0,72.0,64.52,138.0,Low,,,Low
SRIKAKULAM,18.78,83.82333333,7.87,267.0,0.0,,105.0,34.0,4.9,7.0,Low,,,Low
EAST GODAVARI,17.29111111,82.49305556,7.72,2140.0,1249.0,,560.0,88.0,83.0,397.0,High,Medium,High,High
EAST GODAVARI,17.29111111,82.49305556,7.79,1010.0,712.0,,300.0,74.0,28.05,99.0,Medium,Medium,,Medium
KURNOOL,15.30055556,77.19833333,7.6,4340.0,672.0,,1420.0,176.0,238.48,681.0,High,Medium,High,High
VISAKHAPATNAM,17.60833333,82.8125,8.03,1800.0,1157.0,,360.0,122.0,13.0,206.0,High,Medium,High,High
SRIKAKULAM,18.83333333,84.51666667,8.25,1672.0,1021.0,,205.0,34.0,29.0,340.0,High,Medium,High,High
SRIKAKULAM,18.83333333,84.51666667,7.51,1867.0,0.0,,335.0,76.0,35.35,312.0,Medium,Medium,,Medium
SRIKAKULAM,18.83333333,84.51666667,7.29,1951.0,363.0,,430.0,104.0,41.46,277.0,Medium,Medium,,Medium
ANANTAPUR,20.50638889,77.20444444,7.3,795.0,517.0,,403.0,126.0,22.0,51.0,Medium,Medium,,Medium
ANANTAPUR,20.50638889,77.20444444,7.1,836.0,0.0,,346.8,59.27832,47.3928,35.98175,Low,,,Low
ANANTAPUR,20.50638889,77.20444444,7.6,789.0,574.6,,158.1,32.70528,18.228,34.741,Medium,Medium,,Medium
SRIKAKULAM,18.66666667,83.96666667,7.89,2565.0,1527.0,,460.0,44.0,85.0,596.0,High,Medium,High,High
SRIKAKULAM,18.66666667,83.96666667,7.58,2538.0,0.0,,610.0,124.0,73.09,489.0,Medium,Medium,,Medium
SRIKAKULAM,18.66666667,83.96666667,7.35,2830.0,662.0,,675.0,148.0,74.34,457.0,Medium,Medium,,Medium
KRISHNA,16.82583333,80.80444444,7.96,1010.0,591.0,,190.0,60.0,10.0,99.0,Medium,Medium,,Medium
KRISHNA,16.82583333,80.80444444,7.5,909.0,0.0,,210.0,46.0,23.15,57.0,Low,,,Low
KURNOOL,15.48333333,77.05,7.78,2250.0,1359.0,,740.0,192.0,63.0,404.0,High,Medium,High,High
KURNOOL,15.48333333,77.05,7.28,2160.0,0.0,,810.0,172.0,92.6,418.0,Medium,Medium,,Medium
KURNOOL,15.48333333,77.05,7.34,4510.0,2494.0,,1340.0,248.0,175.36,808.0,High,Medium,High,High
ANANTAPUR,13.88138889,77.15972222,7.64,676.0,0.0,,210.0,60.0,14.66,53.0,Low,,,Low
KRISHNA,16.59166667,80.525,8.08,1410.0,826.0,,260.0,74.0,18.0,152.0,Medium,Medium,,Medium
KRISHNA,16.59166667,80.525,7.71,1162.0,0.0,,305.0,50.0,43.82,124.0,Low,,,Low
SRIKAKULAM,19.1125,84.67444444,8.01,1273.0,795.0,,185.0,12.0,38.0,223.0,Medium,Medium,,Medium
SRIKAKULAM,19.1125,84.67444444,8.1,1782.0,0.0,,505.0,90.0,68.19,234.0,Medium,Medium,,Medium
SRIKAKULAM,19.1125,84.67444444,7.21,1780.0,356.0,,490.0,88.0,65.75,216.0,Medium,Medium,,Medium
CUDDAPAH,14.33444444,78.52444444,7.51,840.0,443.0,,370.0,30.0,72.0,46.0,Low,,,Low
CUDDAPAH,14.33444444,78.52444444,8.2,900.0,0.0,,355.0,52.0,54.77,50.0,Low,,,Low
EAST GODAVARI,16.96666667,82.21944444,7.55,2350.0,1365.0,,620.0,112.0,83.0,411.0,High,Medium,High,High
ANANTAPUR,14.04722222,78.03888889,7.99,2855.0,0.0,,720.0,140.0,90.13,404.0,Medium,Medium,,Medium
ANANTAPUR,14.04722222,78.03888889,8.17,2540.0,1745.0,,460.0,112.0,43.9,269.0,High,Medium,High,High
PRAKASAM,15.82666667,80.19277778,8.48,1604.0,984.0,,140.0,30.0,16.0,138.0,Medium,Medium,,Medium
PRAKASAM,15.82666667,80.19277778,7.68,1519.0,0.0,,215.0,40.0,28.01,160.0,Medium,Medium,,Medium
PRAKASAM,15.82666667,80.19277778,7.99,1403.0,1086.0,,425.0,44.0,76.64,131.0,High,Medium,High,High
GUNTUR,15.99305556,79.67055556,7.98,3940.0,2485.0,,240.0,32.0,39.0,418.0,High,Medium,High,High
GUNTUR,15.99305556,79.67055556,7.83,3458.0,0.0,,500.0,44.0,94.87,468.0,High,Medium,High,High
GUNTUR,15.99305556,79.67055556,7.57,3100.0,1949.0,,300.0,40.0,48.67,355.0,High,Medium,High,High
GUNTUR,16.05972222,80.62,7.66,3270.0,2159.0,,500.0,96.0,63.0,496.0,High,Medium,High,High
GUNTUR,16.05972222,80.62,7.52,3490.0,0.0,,660.0,136.0,77.97,603.0,High,Medium,High,High
GUNTUR,16.05972222,80.62,7.65,3630.0,498.0,,600.0,128.0,68.23,383.0,High,Medium,High,High
WEST GODAVARI,17.01694444,81.65166667,7.6,1685.0,953.0,,545.0,140.0,47.0,223.0,Medium,Medium,,Medium
WEST GODAVARI,17.01694444,81.65166667,7.6,1470.0,567.0,,440.0,100.0,46.32,220.0,Medium,Medium,,Medium
GUNTUR,16.22361111,79.77638889,7.85,1081.0,638.0,,345.0,48.0,55.0,92.0,Medium,Medium,,Medium
GUNTUR,16.22361111,79.77638889,7.66,1045.0,0.0,,330.0,62.0,42.62,89.0,Low,,,Low
GUNTUR,16.22361111,79.77638889,7.67,1125.0,1483.0,,385.0,78.0,46.29,99.0,High,Medium,High,High
NELLORE,14.73333333,80.09694444,7.56,2162.0,0.0,,600.0,80.0,97.35,262.0,Medium,Medium,,Medium
NELLORE,14.73333333,80.09694444,7.7,2112.0,762.0,,475.0,94.0,58.47,255.0,Medium,Medium,,Medium
KRISHNA,16.72166667,80.31333333,8.04,850.0,488.0,,240.0,76.0,12.0,67.0,Low,,,Low
KRISHNA,16.72166667,80.31333333,7.42,786.0,0.0,,300.0,66.0,32.9,74.0,Low,,,Low
KRISHNA,16.72166667,80.31333333,7.96,2026.0,1032.0,,480.0,80.0,68.17,184.0,High,Medium,High,High
EAST GODAVARI,17.46666667,82.16666667,7.82,720.0,393.0,,295.0,38.0,49.0,25.0,Low,,,Low
EAST GODAVARI,17.52638889,81.93027778,8.05,2940.0,302.0,,690.0,72.0,124.08,255.0,Medium,Medium,,Medium
SRIKAKULAM,18.75666667,84.23166667,7.5,1074.0,0.0,,315.0,74.0,31.7,220.0,Low,,,Low
KRISHNA,16.73611111,80.36111111,8.06,1475.0,0.0,,90.0,10.0,15.82,121.0,Low,,,Low
KURNOOL,15.46,77.89,7.79,1290.0,3519.0,,115.0,20.0,15.83,199.0,High,Medium,High,High
EAST GODAVARI,17.17166667,82.04666667,7.62,690.0,410.0,,210.0,52.0,19.0,60.0,Low,,,Low
ANANTAPUR,22.07222222,85.67666667,7.8,945.0,266.5,,134.0,42.0,12.0,28.0,Low,,,Low
ANANTAPUR,19.10555556,74.63055556,7.9,2978.0,0.0,,1188.3,126.73296,207.7992,259.31674,Medium,Medium,,Medium
ANANTAPUR,19.10555556,74.63055556,7.9,1724.0,566.8,,295.8,207.05,21.56625,198.52,Medium,Medium,,Medium
EAST GODAVARI,17.44861111,82.33166667,7.65,1130.0,550.0,,250.0,64.0,21.96,149.0,Medium,Medium,,Medium
ANANTAPUR,18.73333333,75.31666667,8.2,1895.0,549.9,,351.9,80.8,65.8773,201.0015,Medium,Medium,,Medium
ANANTAPUR,18.70722222,75.29722222,7.8,2054.0,0.0,,826.2,61.3224,160.4064,224.57574,Medium,Medium,,Medium
CUDDAPAH,14.84444444,78.38222222,8.39,5140.0,3134.0,,190.0,48.0,17.0,886.0,High,Medium,High,High
CUDDAPAH,14.84444444,78.38222222,8.49,20000.0,0.0,,1200.0,160.0,194.7,4857.0,High,Medium,High,High
ANANTAPUR,20.81666667,75.76666667,7.8,1789.0,1163.0,,697.0,92.0,114.0,193.0,High,Medium,High,High
ANANTAPUR,20.81666667,75.76666667,7.6,1459.0,0.0,,530.4,51.102,96.0008,98.01925,Low,,,Low
ANANTAPUR,20.81666667,75.76666667,8.0,342.0,778.505,,90.0,24.0,7.2912,28.36,Medium,Medium,,Medium
ANANTAPUR,20.80055556,75.79194444,7.4,1883.0,1224.0,,657.0,164.0,61.0,357.0,High,Medium,High,High
WEST GODAVARI,16.81111111,81.04583333,8.2,900.0,536.0,,265.0,70.0,22.0,71.0,Medium,Medium,,Medium
WEST GODAVARI,17.12222222,81.30583333,7.9,878.0,544.0,,210.0,76.0,5.0,106.0,Medium,Medium,,Medium
SRIKAKULAM,18.49166667,84.13333333,8.02,779.0,495.0,,150.0,26.0,21.0,89.0,Low,,,Low
SRIKAKULAM,18.49166667,84.13333333,7.54,757.0,0.0,,250.0,46.0,32.88,67.0,Low,,,Low
SRIKAKULAM,18.49166667,84.13333333,7.24,962.0,345.0,,305.0,80.0,25.63,60.0,Low,,,Low
ANANTAPUR,19.2125,74.80555556,7.9,1579.0,0.0,,566.1,65.41056,96.0008,157.57526,Medium,Medium,,Medium
EAST GODAVARI,16.775,81.88333333,8.04,1150.0,658.0,,290.0,54.0,38.0,106.0,Medium,Medium,,Medium
EAST GODAVARI,16.775,81.88333333,7.3,1810.0,0.0,,720.0,88.0,121.67,269.0,Medium,Medium,,Medium
EAST GODAVARI,16.775,81.88333333,8.95,5880.0,492.0,,350.0,120.0,12.3,780.0,High,Medium,High,High
GUNTUR,16.24361111,80.08305556,8.06,1840.0,1217.0,,170.0,38.0,18.0,160.0,High,Medium,High,High
GUNTUR,16.24361111,80.08305556,7.68,2257.0,0.0,,310.0,84.0,24.42,269.0,Medium,Medium,,Medium
GUNTUR,16.24361111,80.08305556,7.6,2500.0,1973.0,,420.0,96.0,43.88,213.0,High,Medium,High,High
ANANTAPUR,17.42777778,78.41555556,8.01,760.0,467.0,,260.0,28.0,46.0,39.0,Low,,,Low
SRIKAKULAM,18.71666667,83.55,8.04,533.0,328.0,,250.0,54.0,28.0,53.0,Low,,,Low
SRIKAKULAM,18.71666667,83.55,7.8,700.0,0.0,,310.0,56.0,41.4,53.0,Low,,,Low
KRISHNA,16.36416667,80.99833333,7.44,934.0,0.0,,210.0,54.0,18.3,142.0,Low,,,Low
KRISHNA,16.86472222,80.09,7.61,1060.0,630.0,,270.0,100.0,5.0,113.0,Medium,Medium,,Medium
KRISHNA,16.86472222,80.09,6.37,1303.0,0.0,,475.0,150.0,24.5,163.0,Low,,,Low
KRISHNA,16.55,81.21666667,7.79,3850.0,2372.0,,590.0,188.0,29.0,716.0,High,Medium,High,High
KRISHNA,16.55,81.21666667,6.9,3835.0,0.0,,770.0,192.0,70.74,752.0,High,Medium,High,High
KRISHNA,16.55,81.21666667,7.15,3180.0,4487.0,,800.0,224.0,58.62,638.0,High,Medium,High,High
WEST GODAVARI,16.81666667,81.3625,7.45,2148.0,0.0,,630.0,60.0,116.78,603.0,Medium,Medium,,Medium
WEST GODAVARI,16.81666667,81.3625,7.3,1840.0,1091.0,,690.0,148.0,77.98,291.0,High,Medium,High,High
WEST GODAVARI,16.81666667,81.3625,7.28,1840.0,656.0,,670.0,160.0,65.84,291.0,Medium,Medium,,Medium
KRISHNA,17.04166667,80.65,8.2,2490.0,1438.0,,420.0,56.0,68.0,347.0,High,Medium,High,High
KRISHNA,17.04166667,80.65,7.65,3339.0,0.0,,400.0,48.0,68.14,525.0,High,Medium,High,High
KRISHNA,17.05138889,80.63722222,7.98,4298.0,1439.0,,440.0,40.0,82.71,744.0,High,Medium,High,High
EAST GODAVARI,16.95,82.2375,7.94,700.0,406.0,,180.0,34.0,23.0,85.0,Low,,,Low
EAST GODAVARI,16.95,82.2375,7.77,2860.0,0.0,,560.0,88.0,82.77,383.0,Medium,Medium,,Medium
EAST GODAVARI,16.95,82.2375,7.9,280.0,563.0,,85.0,22.0,7.32,35.0,Medium,Medium,,Medium
EAST GODAVARI,16.98305556,82.24638889,8.2,780.0,475.0,,45.0,4.0,9.0,106.0,Low,,,Low
EAST GODAVARI,16.98305556,82.24638889,8.56,810.0,0.0,,75.0,2.0,17.02,117.0,Low,,,Low
EAST GODAVARI,16.98305556,82.24638889,8.08,950.0,925.0,,125.0,23.0,16.44,43.0,Medium,Medium,,Medium
CHITTOOR,13.81527778,78.79583333,6.97,4670.0,3110.0,,880.0,232.0,73.0,666.0,High,Medium,High,High
CHITTOOR,13.81527778,78.79583333,8.18,2290.0,0.0,,350.0,36.0,63.26,347.0,Medium,Medium,,Medium
KRISHNA,16.50888889,81.29916667,8.2,2890.0,1627.0,,720.0,88.0,122.0,355.0,High,Medium,High,High
KRISHNA,16.50888889,81.29916667,7.62,2750.0,0.0,,800.0,224.0,58.62,408.0,Medium,Medium,,Medium
KRISHNA,16.50888889,81.29916667,8.02,2742.0,2685.0,,700.0,96.0,111.96,404.0,High,Medium,High,High
NELLORE,14.82916667,79.69166667,8.17,1255.0,813.0,,155.0,12.0,30.0,74.0,Medium,Medium,,Medium
NELLORE,14.82777778,79.6925,7.96,1447.0,0.0,,220.0,36.0,31.65,152.0,Low,,,Low
SRIKAKULAM,18.33333333,84.11666667,7.91,1967.0,1304.0,,290.0,52.0,39.0,404.0,High,Medium,High,High
ANANTAPUR,13.87805556,77.38083333,7.91,348.0,0.0,,110.0,18.0,15.83,11.0,Low,,,Low
ANANTAPUR,17.21138889,80.53388889,8.2,1290.0,734.0,,250.0,38.0,38.0,163.0,Medium,Medium,,Medium
ANANTAPUR,17.21138889,80.53388889,7.56,1474.0,0.0,,260.0,42.0,37.74,174.0,Low,,,Low
ANANTAPUR,14.54666667,77.11,7.99,1700.0,1038.0,,305.0,48.0,45.0,149.0,High,Medium,High,High
ANANTAPUR,14.54666667,77.11,8.16,1532.0,0.0,,305.0,42.0,48.68,117.0,Medium,Medium,,Medium
WEST GODAVARI,17.00833333,81.20833333,7.9,1526.0,911.0,,330.0,52.0,49.0,160.0,Medium,Medium,,Medium
WEST GODAVARI,17.00805556,81.20805556,7.87,606.0,0.0,,235.0,46.0,29.23,18.0,Low,,,Low
CUDDAPAH,14.2,79.30888889,7.64,920.0,501.0,,330.0,56.0,46.0,110.0,Medium,Medium,,Medium
CUDDAPAH,14.90722222,78.62027778,7.8,2080.0,0.0,,540.0,104.0,68.2,298.0,Medium,Medium,,Medium
WEST GODAVARI,17.18361111,81.41583333,7.24,2421.0,0.0,,910.0,289.0,45.94,482.0,Medium,Medium,,Medium
WEST GODAVARI,17.18361111,81.41583333,8.57,130.0,728.0,,60.0,11.0,7.92,7.1,Medium,Medium,,Medium
VISAKHAPATNAM,17.73416667,83.28,8.54,950.0,502.0,,295.0,16.0,62.0,112.0,Medium,Medium,,Medium
VISAKHAPATNAM,17.73416667,83.28,7.83,1078.0,0.0,,370.0,76.0,43.86,113.0,Low,,,Low
SRIKAKULAM,18.97333333,84.58,8.24,265.0,154.0,,65.0,14.0,7.0,46.0,Low,,,Low
SRIKAKULAM,18.97333333,84.58,8.04,167.0,0.0,,65.0,16.0,6.1,25.0,Low,,,Low
ANANTAPUR,13.8,77.60833333,7.85,3280.0,2365.0,,380.0,84.0,41.0,362.0,High,Medium,High,High
ANANTAPUR,13.8,77.60833333,7.92,4680.0,0.0,,780.0,136.0,107.14,525.0,High,Medium,High,High
CHITTOOR,13.78333333,78.4,7.4,1090.0,659.0,,310.0,86.0,23.0,163.0,Medium,Medium,,Medium
CHITTOOR,13.78333333,78.4,7.75,910.0,0.0,,315.0,72.0,32.91,121.0,Low,,,Low
PRAKASAM,15.225,79.92,7.78,5740.0,3364.0,,1320.0,128.0,243.0,1461.0,High,Medium,High,High
PRAKASAM,15.225,79.92,7.13,5840.0,0.0,,1400.0,176.0,233.62,1617.0,High,Medium,High,High
PRAKASAM,15.225,79.92,7.45,6620.0,1561.0,,1250.0,148.0,214.14,1595.0,High,Medium,High,High
PRAKASAM,15.4,79.50833333,8.13,2860.0,1661.0,,570.0,92.0,83.0,503.0,High,Medium,High,High
VIZIANAGARAM,18.12166667,83.59444444,7.9,420.0,267.0,,115.0,32.0,9.0,53.0,Low,,,Low
VIZIANAGARAM,18.12166667,83.59444444,7.63,416.0,0.0,,160.0,40.0,14.64,53.0,Low,,,Low
CHITTOOR,13.26222222,79.06027778,7.66,1850.0,0.0,,560.0,130.0,57.29,379.0,Medium,Medium,,Medium
CHITTOOR,13.26222222,79.06027778,7.72,2420.0,522.0,,700.0,160.0,73.13,539.0,Medium,Medium,,Medium
NELLORE,14.31833333,79.90055556,7.6,1271.0,2448.0,,360.0,109.0,21.41,174.0,High,Medium,High,High
KURNOOL,15.625,77.6,7.91,6340.0,4050.0,,700.0,130.0,91.0,585.0,High,Medium,High,High
KURNOOL,15.625,77.6,7.7,964.0,0.0,,385.0,76.0,47.5,50.0,Low,,,Low
VIZIANAGARAM,18.33333333,83.58333333,7.78,735.0,434.0,,340.0,40.0,58.0,43.0,Low,,,Low
VIZIANAGARAM,18.33333333,83.58333333,7.44,850.0,0.0,,395.0,58.0,60.85,67.0,Low,,,Low
ANANTAPUR,19.13333333,74.99444444,7.9,745.0,843.7,,158.1,70.7,21.2382,49.63,Medium,Medium,,Medium
KURNOOL,15.61666667,77.60416667,8.05,1090.0,616.0,,270.0,44.0,39.0,121.0,Medium,Medium,,Medium
KURNOOL,15.61666667,77.60416667,7.73,1080.0,0.0,,300.0,52.0,41.4,78.0,Low,,,Low
KURNOOL,15.62972222,77.6,8.21,1080.0,3700.0,,220.0,36.0,31.65,89.0,High,Medium,High,High
CHITTOOR,13.42388889,79.44722222,8.0,230.0,0.0,,70.0,16.0,7.31,14.0,Low,,,Low
CHITTOOR,13.42388889,79.44722222,7.98,480.0,461.0,,140.0,46.0,6.13,21.0,Low,,,Low
CHITTOOR,13.42333333,79.465,7.67,1562.0,982.0,,435.0,80.0,57.0,163.0,Medium,Medium,,Medium
CHITTOOR,13.42333333,79.465,7.72,1110.0,0.0,,395.0,72.0,52.36,78.0,Low,,,Low
ANANTAPUR,21.32222222,73.12694444,8.01,716.0,480.0,,280.0,48.0,39.0,107.0,Low,,,Low
EAST GODAVARI,16.925,82.23055556,7.78,1110.0,0.0,,360.0,76.0,41.42,106.0,Low,,,Low
NELLORE,14.67944444,79.53861111,8.37,1876.0,1514.0,,150.0,10.0,30.4,99.0,High,Medium,High,High
ANANTAPUR,32.10277778,75.6875,8.47,357.0,0.0,,0.0,56.0,4.84,28.0,Low,,,Low
CHITTOOR,13.31083333,79.25416667,7.4,1970.0,0.0,,600.0,140.0,60.95,344.0,Medium,Medium,,Medium
CHITTOOR,13.31083333,79.25416667,7.45,2250.0,282.0,,830.0,144.0,114.45,397.0,Medium,Medium,,Medium
ANANTAPUR,21.41472222,73.42777778,7.91,654.0,438.0,,260.0,68.0,22.0,78.0,Low,,,Low
ANANTAPUR,21.41472222,73.42777778,8.06,834.0,559.0,,200.0,48.0,19.0,156.0,Medium,Medium,,Medium
ANANTAPUR,21.41472222,73.42777778,7.71,876.0,286.0,,210.0,28.0,34.0,142.0,Low,,,Low
ANANTAPUR,21.41472222,73.42777778,8.19,979.0,656.0,,180.0,40.0,19.0,57.0,Medium,Medium,,Medium
GUNTUR,16.09333333,80.5625,8.01,680.0,422.0,,150.0,38.0,13.0,67.0,Low,,,Low
GUNTUR,16.09333333,80.5625,7.63,2843.0,0.0,,830.0,144.0,114.45,425.0,Medium,Medium,,Medium
GUNTUR,16.09333333,80.5625,7.64,3050.0,1716.0,,900.0,176.0,112.05,355.0,High,Medium,High,High
EAST GODAVARI,17.24222222,82.33388889,7.84,2020.0,1232.0,,460.0,88.0,58.0,248.0,High,Medium,High,High
KRISHNA,16.34583333,81.24472222,8.08,1490.0,856.0,,370.0,102.0,28.0,195.0,Medium,Medium,,Medium
KRISHNA,16.34583333,81.24472222,7.56,1738.0,0.0,,455.0,116.0,40.26,284.0,Medium,Medium,,Medium
NELLORE,14.91277778,79.97722222,6.95,889.0,577.0,,210.0,20.0,39.0,117.0,Medium,Medium,,Medium
NELLORE,14.91277778,79.97722222,7.8,1010.0,0.0,,305.0,74.0,29.27,174.0,Low,,,Low
NELLORE,14.91277778,79.97722222,7.25,951.0,1137.0,,273.0,70.0,23.91,163.0,High,Medium,High,High
WEST GODAVARI,16.46666667,81.63333333,8.5,514.0,277.0,,130.0,30.0,13.0,71.0,Low,,,Low
KRISHNA,16.66888889,80.39861111,7.98,13980.0,8511.0,,1900.0,210.0,334.0,2801.0,High,Medium,High,High
KRISHNA,16.66888889,80.39861111,7.33,13450.0,0.0,,2000.0,220.0,352.81,3120.0,High,Medium,High,High
KRISHNA,16.66888889,80.39861111,7.58,7570.0,1760.0,,1120.0,305.0,87.29,1645.0,High,Medium,High,High
ANANTAPUR,20.83111111,75.71666667,7.8,599.0,0.0,,249.9,47.01384,31.5952,48.38925,Low,,,Low
NELLORE,14.06333333,79.96333333,7.94,342.0,221.0,,70.0,22.0,4.0,25.0,Low,,,Low
EAST GODAVARI,16.93388889,81.8825,7.83,600.0,330.0,,230.0,48.0,27.0,50.0,Low,,,Low
EAST GODAVARI,16.93388889,81.8825,7.72,670.0,0.0,,150.0,32.0,17.06,67.0,Low,,,Low
ANANTAPUR,19.55416667,74.98194444,8.1,723.0,470.0,,319.0,66.0,38.0,31.0,Low,,,Low
ANANTAPUR,19.55416667,74.98194444,7.8,631.0,0.0,,306.0,59.27832,37.6712,21.09275,Low,,,Low
ANANTAPUR,21.53083333,79.3475,7.5,1345.0,0.0,,367.2,83.80728,37.6712,95.53775,Low,,,Low
ANANTAPUR,21.53083333,79.3475,7.96,1540.0,1032.0,,370.296,76.152,44.0,326.0,High,Medium,High,High
ANANTAPUR,19.61583333,74.74333333,7.5,2010.0,0.0,,821.1,167.61456,96.0008,301.50226,Medium,Medium,,Medium
ANANTAPUR,19.61583333,74.74333333,8.0,2281.0,562.25,,387.6,262.6,30.375,275.4465,Medium,Medium,,Medium
ANANTAPUR,19.27138889,74.85194444,8.1,971.0,631.0,,398.0,98.0,38.0,69.0,Medium,Medium,,Medium
ANANTAPUR,19.27138889,74.85194444,7.9,745.0,0.0,,300.9,49.05792,42.532,70.72275,Low,,,Low
ANANTAPUR,27.31166667,78.02666667,8.02,3092.0,2010.0,,700.0,72.0,124.8,652.0,High,Medium,High,High
ANANTAPUR,,,8.2,198.7,98.81,,85.0,24.0,6.1,12.5,Low,,,Low
ANANTAPUR,21.20583333,75.58194444,7.6,1150.0,748.0,,488.0,88.0,66.0,116.0,Medium,Medium,,Medium
ANANTAPUR,21.20583333,75.58194444,8.0,1142.0,0.0,,520.2,61.3224,87.4944,73.20425,Low,,,Low
GUNTUR,16.14888889,79.75888889,8.06,1002.0,638.0,,250.0,40.0,36.0,50.0,Medium,Medium,,Medium
GUNTUR,16.14888889,79.75888889,7.8,1265.0,0.0,,350.0,64.0,46.27,103.0,Low,,,Low
GUNTUR,16.14888889,79.75888889,7.61,1636.0,2050.0,,470.0,100.0,53.61,121.0,High,Medium,High,High
CUDDAPAH,14.84222222,78.14305556,7.87,840.0,157.0,,240.0,46.0,30.45,53.0,Low,,,Low
KURNOOL,15.68333333,77.76666667,7.99,3730.0,2239.0,,1340.0,176.0,219.0,546.0,High,Medium,High,High
KURNOOL,15.68333333,77.76666667,7.58,3092.0,0.0,,1070.0,140.0,175.22,503.0,High,Medium,High,High
CUDDAPAH,13.98333333,79.35,7.4,1590.0,954.0,,435.0,84.0,55.0,188.0,Medium,Medium,,Medium
KRISHNA,16.00638889,81.02861111,8.0,1230.0,681.0,,410.0,80.0,51.0,121.0,Medium,Medium,,Medium
KRISHNA,16.00638889,81.02861111,7.88,1158.0,0.0,,360.0,74.0,42.64,128.0,Low,,,Low
KRISHNA,16.00638889,81.02861111,8.2,1120.0,1252.0,,350.0,68.0,43.85,128.0,High,Medium,High,High
ANANTAPUR,19.59166667,74.3,8.0,1463.0,951.0,,598.0,86.0,94.0,242.0,Medium,Medium,,Medium
ANANTAPUR,19.59166667,74.3,7.9,917.0,0.0,,372.3,44.96976,61.9752,53.35225,Low,,,Low
ANANTAPUR,19.59166667,74.3,7.8,2739.0,1222.65,,535.5,141.4,95.7663,496.3,High,Medium,High,High
ANANTAPUR,19.41805556,75.0875,7.8,902.0,0.0,,306.0,51.102,42.532,60.79675,Low,,,Low
ANANTAPUR,19.41805556,75.0875,8.0,2040.0,930.15,,443.7,212.1,56.2788,210.9275,Medium,Medium,,Medium
GUNTUR,16.30333333,80.61888889,7.42,2052.0,0.0,,700.0,172.0,65.85,277.0,Medium,Medium,,Medium
EAST GODAVARI,17.17694444,81.68861111,8.11,1880.0,3674.0,,640.0,176.0,48.84,191.0,High,Medium,High,High
KURNOOL,15.09166667,78.10416667,6.86,830.0,0.0,,255.0,54.0,29.24,74.0,Low,,,Low
SRIKAKULAM,18.71388889,84.0125,7.46,866.0,0.0,,315.0,76.0,30.48,128.0,Low,,,Low
SRIKAKULAM,18.71388889,84.0125,7.5,660.0,314.0,,220.0,56.0,19.52,60.0,Low,,,Low
GUNTUR,16.28666667,80.74944444,8.19,2367.0,1636.0,,250.0,44.0,34.0,227.0,High,Medium,High,High
GUNTUR,16.28666667,80.74944444,7.67,2057.0,0.0,,400.0,52.0,65.71,220.0,Medium,Medium,,Medium
VIZIANAGARAM,18.52222222,83.52222222,7.5,542.0,315.0,,170.0,14.0,33.0,43.0,Low,,,Low
VIZIANAGARAM,18.52222222,83.52222222,7.62,635.0,0.0,,215.0,52.0,20.73,46.0,Low,,,Low
VIZIANAGARAM,18.52222222,83.52222222,7.92,1070.0,970.0,,300.0,68.0,31.69,117.0,Medium,Medium,,Medium
GUNTUR,16.16666667,80.805,8.4,1020.0,619.0,,25.0,4.0,4.0,64.0,Medium,Medium,,Medium
GUNTUR,16.16666667,80.805,7.73,3108.0,0.0,,390.0,52.0,63.28,546.0,High,Medium,High,High
GUNTUR,16.16666667,80.805,7.98,2948.0,1441.0,,300.0,40.0,48.67,355.0,High,Medium,High,High
ANANTAPUR,19.89444444,74.35694444,8.1,846.0,699.4,,173.4,45.45,31.09185,74.445,Medium,Medium,,Medium
ANANTAPUR,18.51666667,74.98333333,7.8,905.0,0.0,,367.2,69.49872,46.1776,63.27825,Low,,,Low
VIZIANAGARAM,18.9,83.46333333,7.62,924.0,556.0,,305.0,78.0,27.0,113.0,Medium,Medium,,Medium
VIZIANAGARAM,18.9,83.46333333,7.29,995.0,0.0,,415.0,104.0,37.81,89.0,Low,,,Low
VIZIANAGARAM,18.9,83.46333333,7.27,970.0,921.0,,358.0,102.0,25.17,106.0,Medium,Medium,,Medium
EAST GODAVARI,16.69638889,82.18055556,7.72,1300.0,740.0,,340.0,52.0,51.0,170.0,Medium,Medium,,Medium
EAST GODAVARI,16.69638889,82.18055556,7.2,1840.0,0.0,,620.0,84.0,99.79,269.0,Medium,Medium,,Medium
EAST GODAVARI,16.69638889,82.18055556,7.89,5590.0,691.0,,1075.0,180.0,152.18,1099.0,High,Medium,High,High
KRISHNA,16.46,81.12,7.81,1540.0,881.0,,400.0,90.0,43.0,216.0,Medium,Medium,,Medium
KRISHNA,16.46,81.12,7.53,1717.0,0.0,,535.0,100.0,69.41,248.0,Medium,Medium,,Medium
KRISHNA,16.46,81.12,7.55,1880.0,1322.0,,545.0,98.0,73.06,291.0,High,Medium,High,High
GUNTUR,16.45972222,79.91944444,7.47,1140.0,0.0,,335.0,84.0,30.49,106.0,Low,,,Low
GUNTUR,16.45972222,79.91944444,6.9,951.0,2478.0,,335.0,74.0,36.56,99.0,High,Medium,High,High
CUDDAPAH,14.75,78.21666667,7.88,833.0,0.0,,255.0,48.0,32.88,82.0,Low,,,Low
VIZIANAGARAM,18.15,83.23333333,8.02,798.0,437.0,,195.0,34.0,27.0,82.0,Low,,,Low
VIZIANAGARAM,18.15,83.23333333,7.23,2401.0,0.0,,820.0,164.0,99.88,617.0,Medium,Medium,,Medium
CUDDAPAH,13.98555556,78.95527778,8.06,520.0,0.0,,205.0,48.0,20.72,28.0,Low,,,Low
VISAKHAPATNAM,18.14555556,82.695,7.89,220.0,128.0,,90.0,19.0,10.0,14.0,Low,,,Low
VISAKHAPATNAM,18.14555556,82.695,7.75,279.0,0.0,,100.0,24.0,9.75,25.0,Low,,,Low
EAST GODAVARI,16.97305556,81.78472222,7.64,2640.0,1564.0,,600.0,72.0,102.0,468.0,High,Medium,High,High
EAST GODAVARI,16.97305556,81.78472222,7.4,2980.0,0.0,,700.0,112.0,102.25,496.0,Medium,Medium,,Medium
SRIKAKULAM,18.9,84.56111111,8.06,936.0,530.0,,230.0,34.0,35.0,156.0,Medium,Medium,,Medium
SRIKAKULAM,18.9,84.56111111,7.71,944.0,0.0,,310.0,68.0,34.12,138.0,Low,,,Low
ANANTAPUR,14.75333333,77.71333333,8.13,1440.0,862.0,,345.0,72.0,40.0,124.0,Medium,Medium,,Medium
ANANTAPUR,14.75333333,77.71333333,8.2,700.0,0.0,,305.0,54.0,41.4,46.0,Low,,,Low
EAST GODAVARI,17.16666667,81.83333333,7.65,2430.0,1457.0,,560.0,120.0,63.0,425.0,High,Medium,High,High
EAST GODAVARI,17.48555556,82.49611111,8.5,910.0,499.0,,130.0,6.0,28.0,89.0,Low,,,Low
EAST GODAVARI,17.08833333,82.025,7.5,2670.0,1548.0,,620.0,64.0,112.0,596.0,High,Medium,High,High
EAST GODAVARI,17.08833333,82.025,7.7,2790.0,1160.0,,640.0,92.0,99.8,411.0,High,Medium,High,High
VISAKHAPATNAM,17.5625,82.69166667,8.32,1730.0,988.0,,380.0,26.0,77.0,131.0,Medium,Medium,,Medium
VISAKHAPATNAM,17.5625,82.69166667,8.16,1788.0,0.0,,385.0,54.0,60.85,160.0,Medium,Medium,,Medium
VISAKHAPATNAM,17.69055556,83.295,8.35,850.0,511.0,,212.5,48.0,22.0,66.0,Medium,Medium,,Medium
VISAKHAPATNAM,17.69055556,83.295,7.95,1869.0,0.0,,410.0,58.0,64.5,259.0,Medium,Medium,,Medium
KURNOOL,15.31388889,77.86388889,7.67,840.0,0.0,,320.0,58.0,42.62,43.0,Low,,,Low
VIZIANAGARAM,18.03333333,83.29444444,7.94,595.0,368.0,,150.0,24.0,22.0,35.0,Low,,,Low
VIZIANAGARAM,18.03333333,83.29444444,7.45,873.0,0.0,,275.0,52.0,35.32,64.0,Low,,,Low
ANANTAPUR,13.92027778,77.21944444,7.38,872.0,0.0,,230.0,78.0,8.6,50.0,Low,,,Low
ANANTAPUR,13.88333333,77.13333333,7.83,1460.0,905.0,,410.0,104.0,36.0,199.0,Medium,Medium,,Medium
ANANTAPUR,13.88333333,77.13333333,7.95,987.0,0.0,,275.0,68.0,25.61,135.0,Low,,,Low
ANANTAPUR,13.89444444,77.14027778,7.74,1380.0,1408.0,,440.0,120.0,34.18,184.0,High,Medium,High,High
ANANTAPUR,18.64861111,79.2625,7.62,1033.0,0.0,,335.0,76.0,35.35,67.0,Low,,,Low
EAST GODAVARI,16.71583333,81.91611111,7.85,840.0,504.0,,225.0,42.0,29.0,64.0,Medium,Medium,,Medium
EAST GODAVARI,16.71666667,81.9,7.3,5180.0,582.0,,1400.0,230.0,200.86,1170.0,High,Medium,High,High
VIZIANAGARAM,17.89583333,83.19166667,7.4,604.0,356.0,,150.0,24.0,22.0,50.0,Low,,,Low
VIZIANAGARAM,17.89583333,83.19166667,7.65,863.0,0.0,,200.0,38.0,25.58,85.0,Low,,,Low
VIZIANAGARAM,17.89583333,83.19166667,8.02,970.0,603.0,,155.0,28.0,20.7,92.0,Medium,Medium,,Medium
VISAKHAPATNAM,17.75277778,82.7,8.61,4040.0,2309.0,,460.0,48.0,83.0,496.0,High,Medium,High,High
VISAKHAPATNAM,17.75277778,82.7,8.14,4847.0,0.0,,580.0,96.0,82.78,851.0,High,Medium,High,High
PRAKASAM,15.45,80.18333333,8.14,3340.0,2199.0,,640.0,152.0,63.0,624.0,High,Medium,High,High
PRAKASAM,15.45,80.18333333,7.12,8000.0,0.0,,1890.0,261.0,301.19,2411.0,High,Medium,High,High
KRISHNA,16.87666667,80.74138889,7.72,2360.0,1448.0,,500.0,132.0,41.0,326.0,High,Medium,High,High
KRISHNA,16.87666667,80.74138889,7.09,2218.0,0.0,,720.0,116.0,104.69,347.0,Medium,Medium,,Medium
KRISHNA,16.87666667,80.74138889,7.6,2155.0,1571.0,,630.0,152.0,60.97,355.0,High,Medium,High,High
VISAKHAPATNAM,18.20833333,83.075,7.85,210.0,119.0,,95.0,26.0,7.0,9.0,Low,,,Low
VISAKHAPATNAM,18.20833333,83.075,7.3,210.0,0.0,,100.0,22.0,10.97,11.0,Low,,,Low
SRIKAKULAM,18.75,83.9,7.48,764.0,424.0,,300.0,68.0,32.0,152.0,Low,,,Low
SRIKAKULAM,18.75,83.9,7.73,647.0,0.0,,240.0,64.0,19.53,99.0,Low,,,Low
SRIKAKULAM,18.75,83.9,7.3,605.0,1745.0,,210.0,56.0,17.09,82.0,High,Medium,High,High
WEST GODAVARI,17.02,81.73333333,7.5,410.0,1219.0,,195.0,50.0,17.08,11.0,High,Medium,High,High
NELLORE,14.49166667,79.9875,6.89,2000.0,0.0,,500.0,88.0,68.18,340.0,Medium,Medium,,Medium
WEST GODAVARI,17.00833333,81.72222222,8.08,342.0,200.0,,160.0,40.0,15.0,11.0,Low,,,Low
WEST GODAVARI,17.0025,81.74166667,7.76,603.0,0.0,,260.0,80.0,14.69,28.0,Low,,,Low
WEST GODAVARI,17.0025,81.74166667,8.0,650.0,682.0,,265.0,69.0,22.57,28.0,Medium,Medium,,Medium
WEST GODAVARI,17.13333333,81.28333333,8.16,674.0,397.0,,225.0,64.0,16.0,57.0,Low,,,Low
VISAKHAPATNAM,17.66666667,82.20833333,7.07,472.0,0.0,,260.0,62.0,25.6,7.0,Low,,,Low
GUNTUR,16.54666667,80.14166667,7.31,3974.0,0.0,,570.0,132.0,58.51,652.0,High,Medium,High,High
GUNTUR,16.18472222,80.65944444,7.81,1005.0,603.0,,230.0,48.0,27.0,74.0,Medium,Medium,,Medium
GUNTUR,16.18472222,80.65944444,7.62,990.0,0.0,,280.0,68.0,26.83,89.0,Low,,,Low
GUNTUR,16.18472222,80.65944444,7.85,1020.0,1686.0,,240.0,36.0,36.51,85.0,High,Medium,High,High
ANANTAPUR,18.49472222,72.98222222,7.9,191.0,0.0,,81.6,22.48488,6.076,6.20375,Low,,,Low
ANANTAPUR,18.49472222,72.98222222,7.8,558.0,176.995,,210.0,64.0,12.152,70.9,Low,,,Low
CUDDAPAH,13.78333333,79.41666667,7.4,650.0,389.0,,200.0,60.0,12.0,74.0,Low,,,Low
ANANTAPUR,28.77222222,76.9125,8.57,3830.0,0.0,,540.0,20.0,119.0,716.0,High,Medium,High,High
ANANTAPUR,28.77222222,76.9125,7.29,2910.0,1891.5,,660.0,96.0,102.144,525.0,High,Medium,High,High
WEST GODAVARI,16.36666667,81.62222222,8.14,322.0,175.0,,120.0,30.0,,7.0,Low,,,Low
WEST GODAVARI,16.36666667,81.62222222,8.04,1853.0,0.0,,240.0,34.0,37.73,326.0,Medium,Medium,,Medium
ANANTAPUR,14.3,77.05,8.01,3770.0,2516.0,,700.0,160.0,73.0,496.0,High,Medium,High,High
ANANTAPUR,14.3,77.05,6.7,3200.0,0.0,,680.0,176.0,58.57,468.0,High,Medium,High,High
ANANTAPUR,14.3,77.05,7.73,2720.0,229.0,,550.0,128.0,56.08,312.0,Medium,Medium,,Medium
KURNOOL,15.8375,78.04861111,7.58,6840.0,4031.0,,1620.0,456.0,117.0,1773.0,High,Medium,High,High
KURNOOL,15.8375,78.04861111,7.77,1640.0,0.0,,205.0,30.0,31.64,316.0,Medium,Medium,,Medium
KURNOOL,15.83833333,78.04916667,8.2,1760.0,1057.0,,350.0,86.0,33.0,220.0,High,Medium,High,High
KURNOOL,15.83833333,78.04916667,7.32,1322.0,0.0,,445.0,120.0,35.4,227.0,Low,,,Low
KRISHNA,16.32861111,80.93944444,7.79,5160.0,3036.0,,960.0,168.0,131.0,1078.0,High,Medium,High,High
KRISHNA,16.32861111,80.93944444,7.39,3579.0,0.0,,900.0,140.0,133.89,652.0,High,Medium,High,High
KRISHNA,16.32861111,80.93944444,7.8,5230.0,2761.0,,1120.0,200.0,150.98,1099.0,High,Medium,High,High
VIZIANAGARAM,18.88333333,83.59166667,7.5,1100.0,710.0,,280.0,68.0,27.0,167.0,Medium,Medium,,Medium
VIZIANAGARAM,18.88333333,83.59166667,7.55,834.0,0.0,,300.0,74.0,28.05,113.0,Low,,,Low
VIZIANAGARAM,18.88333333,83.59166667,7.5,750.0,445.0,,290.0,78.0,23.19,106.0,Low,,,Low
ANANTAPUR,17.39416667,78.39555556,7.88,584.0,338.0,,170.0,30.0,23.0,35.0,Low,,,Low
ANANTAPUR,17.39416667,78.39555556,7.76,920.0,0.0,,360.0,94.0,30.51,92.0,Low,,,Low
EAST GODAVARI,17.57527778,82.19555556,8.6,750.0,470.0,,230.0,38.0,33.0,74.0,Low,,,Low
EAST GODAVARI,17.57527778,82.19555556,7.81,760.0,0.0,,250.0,40.0,36.52,85.0,Low,,,Low
EAST GODAVARI,17.57527778,82.19555556,7.55,1210.0,333.0,,550.0,86.0,81.55,99.0,Low,,,Low
ANANTAPUR,26.18611111,78.94722222,7.74,1905.0,0.0,,119.0,18.0,18.01,125.0,Medium,Medium,,Medium
ANANTAPUR,26.18611111,78.94722222,7.4,2022.0,1314.0,,645.0,136.0,74.32,247.0,High,Medium,High,High
ANANTAPUR,29.03333333,74.73333333,7.48,255.0,165.75,,110.0,24.0,12.0,35.0,Low,,,Low
ANANTAPUR,28.975,74.29166667,7.79,13420.0,8723.0,,1800.0,240.0,291.84,3722.0,High,Medium,High,High
ANANTAPUR,28.975,74.29166667,7.51,14420.0,1277.0,,1825.0,524.0,125.85,3732.0,High,Medium,High,High
ANANTAPUR,28.975,74.29166667,8.35,2630.0,1709.5,,230.0,40.0,31.616,578.0,High,Medium,High,High
VIZIANAGARAM,18.0,83.16666667,6.74,2050.0,1207.0,,380.0,46.0,64.0,376.0,High,Medium,High,High
VIZIANAGARAM,18.0,83.16666667,7.33,1103.0,0.0,,475.0,60.0,79.09,312.0,Low,,,Low
CUDDAPAH,14.18333333,78.71666667,7.17,5201.0,0.0,,1800.0,329.0,238.06,1191.0,High,Medium,High,High
WEST GODAVARI,16.92194444,81.25166667,7.4,1219.0,0.0,,540.0,132.0,51.22,124.0,Low,,,Low
VISAKHAPATNAM,17.64722222,82.86111111,8.18,1510.0,854.0,,355.0,48.0,57.0,191.0,Medium,Medium,,Medium
VISAKHAPATNAM,17.8125,82.49166667,7.6,290.0,179.0,,110.0,24.0,12.0,21.0,Low,,,Low
VISAKHAPATNAM,17.8125,82.49166667,8.0,224.0,0.0,,85.0,18.0,9.75,14.0,Low,,,Low
KRISHNA,16.13,80.98,8.09,3030.0,1748.0,,660.0,120.0,88.0,560.0,High,Medium,High,High
KRISHNA,16.13,80.98,7.4,2604.0,0.0,,640.0,104.0,92.52,440.0,Medium,Medium,,Medium
KRISHNA,16.13,80.98,7.46,2730.0,4032.0,,540.0,88.0,77.91,603.0,High,Medium,High,High
VISAKHAPATNAM,17.73055556,83.34333333,8.48,760.0,442.0,,160.0,34.0,18.0,44.0,Low,,,Low
VISAKHAPATNAM,17.73055556,83.34333333,8.04,1069.0,0.0,,270.0,70.0,23.18,113.0,Low,,,Low
CUDDAPAH,14.72,78.69305556,8.01,1042.0,0.0,,200.0,48.0,19.51,160.0,Low,,,Low
CUDDAPAH,14.72,78.69305556,7.95,1280.0,164.0,,400.0,112.0,29.31,170.0,Low,,,Low
GUNTUR,16.2275,80.03444444,8.18,2130.0,1319.0,,470.0,100.0,54.0,269.0,High,Medium,High,High
GUNTUR,16.2275,80.03444444,7.9,1522.0,0.0,,275.0,56.0,32.89,199.0,Medium,Medium,,Medium
VIZIANAGARAM,18.48388889,83.53388889,7.32,2045.0,0.0,,680.0,120.0,92.54,397.0,Medium,Medium,,Medium
ANANTAPUR,21.26583333,78.40833333,8.0,898.0,584.0,,334.0,86.0,29.0,90.0,Medium,Medium,,Medium
ANANTAPUR,21.26583333,78.40833333,7.3,647.0,0.0,,229.5,65.41056,15.7976,35.98175,Low,,,Low
ANANTAPUR,19.59194444,74.48194444,7.7,1074.0,0.0,,418.2,83.80728,49.8232,90.57475,Low,,,Low
ANANTAPUR,19.59194444,74.48194444,8.1,983.0,1482.65,,163.2,80.8,20.0232,109.186,High,Medium,High,High
VISAKHAPATNAM,17.86666667,82.425,8.0,160.0,88.0,,75.0,18.0,7.0,5.0,Low,,,Low
VISAKHAPATNAM,17.86666667,82.425,7.21,542.0,0.0,,250.0,56.0,26.81,39.0,Low,,,Low
VISAKHAPATNAM,17.86666667,82.425,7.64,150.0,691.0,,50.0,14.0,3.66,14.0,Medium,Medium,,Medium
VISAKHAPATNAM,17.81388889,82.81666667,7.56,540.0,299.0,,230.0,54.0,23.0,25.0,Low,,,Low
VISAKHAPATNAM,17.81388889,82.81666667,7.78,638.0,0.0,,285.0,76.0,23.19,25.0,Low,,,Low
GUNTUR,16.475,79.43472222,7.57,1064.0,0.0,,360.0,100.0,26.87,121.0,Low,,,Low
ANANTAPUR,13.95833333,77.24166667,7.73,1580.0,1009.0,,245.0,84.0,9.0,202.0,High,Medium,High,High
ANANTAPUR,13.95833333,77.24166667,7.9,1837.0,0.0,,465.0,108.0,47.54,280.0,Medium,Medium,,Medium
ANANTAPUR,13.95833333,77.24166667,7.6,2020.0,710.0,,500.0,128.0,43.92,269.0,Medium,Medium,,Medium
CUDDAPAH,14.35,78.8,7.56,700.0,383.0,,272.5,36.0,44.0,60.0,Low,,,Low
GUNTUR,16.09444444,80.09138889,7.4,2985.0,0.0,,1040.0,108.0,187.34,415.0,Medium,Medium,,Medium
GUNTUR,16.09444444,80.09138889,7.74,7210.0,1851.0,,760.0,80.0,136.25,1021.0,High,Medium,High,High
KURNOOL,15.93694444,77.36305556,7.36,3970.0,2403.0,,980.0,320.0,44.0,744.0,High,Medium,High,High
KURNOOL,15.93694444,77.36305556,7.67,1342.0,0.0,,400.0,156.0,2.62,184.0,Low,,,Low
ANANTAPUR,20.49527778,77.16027778,7.1,530.0,345.0,,244.0,58.0,24.0,28.0,Low,,,Low
ANANTAPUR,20.49527778,77.16027778,7.7,569.0,0.0,,214.2,57.23424,17.0128,18.61125,Low,,,Low
ANANTAPUR,20.49527778,77.16027778,7.7,769.0,569.4,,168.3,20.4408,27.9496,29.778,Medium,Medium,,Medium
KURNOOL,15.46916667,78.62,8.06,610.0,336.0,,270.0,50.0,35.0,25.0,Low,,,Low
KURNOOL,15.46916667,78.62,7.69,652.0,0.0,,300.0,48.0,43.82,28.0,Low,,,Low
KURNOOL,15.46916667,78.62,7.95,710.0,598.0,,335.0,66.0,41.41,43.0,Medium,Medium,,Medium
VIZIANAGARAM,17.95,83.41722222,7.66,1370.0,0.0,,350.0,64.0,46.27,181.0,Low,,,Low
VIZIANAGARAM,17.95,83.41722222,7.38,1810.0,672.0,,510.0,140.0,39.07,362.0,Medium,Medium,,Medium
KRISHNA,16.75416667,80.64166667,7.69,1590.0,876.0,,480.0,70.0,74.0,291.0,Medium,Medium,,Medium
KRISHNA,16.75416667,80.64166667,7.5,1751.0,0.0,,525.0,80.0,79.12,266.0,Medium,Medium,,Medium
KRISHNA,16.92694444,80.18972222,7.94,1560.0,950.0,,415.0,84.0,50.0,163.0,Medium,Medium,,Medium
KRISHNA,16.92694444,80.18972222,7.48,2002.0,0.0,,600.0,156.0,51.25,277.0,Medium,Medium,,Medium
KRISHNA,16.92694444,80.18972222,8.2,2060.0,1596.0,,595.0,156.0,50.03,298.0,High,Medium,High,High
ANANTAPUR,14.27,78.0575,7.86,2240.0,1307.0,,710.0,104.0,109.0,340.0,High,Medium,High,High
ANANTAPUR,14.27,78.0575,7.96,2139.0,0.0,,790.0,144.0,104.72,355.0,Medium,Medium,,Medium
ANANTAPUR,14.27,78.0575,7.98,1870.0,1157.0,,690.0,100.0,107.1,227.0,High,Medium,High,High
ANANTAPUR,21.43222222,78.65944444,7.6,720.0,468.0,,359.0,82.0,38.0,54.0,Low,,,Low
ANANTAPUR,21.43222222,78.65944444,7.7,767.0,0.0,,270.3,42.92568,38.8864,145.16776,Low,,,Low
ANANTAPUR,21.36666667,73.35,7.76,1484.0,994.0,,560.0,72.0,92.0,142.0,Medium,Medium,,Medium
ANANTAPUR,21.36666667,73.35,8.45,1051.0,704.0,,310.0,88.0,22.0,121.0,Medium,Medium,,Medium
ANANTAPUR,21.36666667,73.35,8.28,1050.0,704.0,,450.0,144.0,22.0,177.0,Medium,Medium,,Medium
ANANTAPUR,19.38333333,74.58194444,7.9,2346.0,0.0,,989.4,81.7632,187.1408,308.94675,Medium,Medium,,Medium
ANANTAPUR,19.38333333,74.58194444,8.1,1849.0,248.3,,326.4,116.15,51.09075,312.669,Medium,Medium,,Medium
EAST GODAVARI,16.80138889,81.8,8.15,650.0,368.0,,250.0,56.0,27.0,39.0,Low,,,Low
EAST GODAVARI,16.80138889,81.8,7.78,830.0,0.0,,290.0,66.0,30.47,57.0,Low,,,Low
VISAKHAPATNAM,17.66944444,82.44583333,8.06,1290.0,687.0,,495.0,38.0,97.0,142.0,Medium,Medium,,Medium
VISAKHAPATNAM,17.66944444,82.44583333,7.56,1482.0,0.0,,460.0,50.0,81.51,199.0,Low,,,Low
KRISHNA,16.40916667,81.20916667,7.7,1239.0,0.0,,320.0,64.0,38.98,191.0,Low,,,Low
KRISHNA,16.40916667,81.20916667,7.98,1750.0,3359.0,,470.0,104.0,51.18,312.0,High,Medium,High,High
EAST GODAVARI,17.5025,82.01472222,8.4,210.0,115.0,,70.0,18.0,6.0,14.0,Low,,,Low
EAST GODAVARI,17.5025,82.01472222,7.95,250.0,0.0,,90.0,8.0,17.03,14.0,Low,,,Low
VIZIANAGARAM,18.0,83.16666667,7.53,672.0,380.0,,235.0,74.0,12.0,74.0,Low,,,Low
VIZIANAGARAM,18.0,83.16666667,7.65,612.0,0.0,,245.0,48.0,30.45,53.0,Low,,,Low
VIZIANAGARAM,18.0,83.16666667,7.75,990.0,439.0,,360.0,90.0,32.93,99.0,Low,,,Low
CUDDAPAH,14.89583333,78.8875,7.72,1330.0,766.0,,305.0,52.0,43.0,156.0,Medium,Medium,,Medium
CUDDAPAH,14.89583333,78.8875,7.93,1250.0,0.0,,330.0,46.0,52.33,145.0,Low,,,Low
CUDDAPAH,14.89583333,78.8875,7.67,1460.0,928.0,,435.0,72.0,62.09,170.0,Medium,Medium,,Medium
KRISHNA,16.36166667,81.24888889,7.52,4868.0,0.0,,1080.0,160.0,165.52,822.0,High,Medium,High,High
KRISHNA,16.36166667,81.24888889,8.14,4030.0,1296.0,,900.0,128.0,141.17,822.0,High,Medium,High,High
SRIKAKULAM,18.86277778,84.5475,7.71,578.0,0.0,,240.0,56.0,24.38,71.0,Low,,,Low
ANANTAPUR,14.16666667,77.75833333,7.64,1440.0,919.0,,335.0,124.0,6.0,160.0,Medium,Medium,,Medium
GUNTUR,16.40694444,79.40694444,8.17,3175.0,2049.0,,410.0,128.0,22.0,397.0,High,Medium,High,High
GUNTUR,16.40694444,79.40694444,7.69,3325.0,0.0,,530.0,132.0,48.79,588.0,High,Medium,High,High
GUNTUR,16.40694444,79.40694444,7.96,1653.0,2883.0,,365.0,98.0,29.29,213.0,High,Medium,High,High
KRISHNA,15.97638889,80.99777778,7.64,5600.0,3302.0,,1080.0,144.0,175.0,1177.0,High,Medium,High,High
KRISHNA,15.97638889,80.99777778,7.59,2596.0,0.0,,580.0,112.0,73.08,532.0,Medium,Medium,,Medium
KRISHNA,16.51,81.15,7.77,3880.0,2313.0,,600.0,116.0,75.0,659.0,High,Medium,High,High
KRISHNA,16.51,81.15,7.35,5256.0,0.0,,1170.0,216.0,153.44,1262.0,High,Medium,High,High
KRISHNA,16.52666667,81.15277778,7.12,7050.0,1156.0,,1470.0,289.0,182.09,1737.0,High,Medium,High,High
GUNTUR,16.51444444,80.53166667,7.75,5350.0,3150.0,,1100.0,180.0,158.0,1099.0,High,Medium,High,High
GUNTUR,16.51444444,80.53166667,7.22,5076.0,0.0,,1080.0,216.0,131.55,1234.0,High,Medium,High,High
GUNTUR,16.51444444,80.53166667,7.62,1438.0,4472.0,,300.0,56.0,38.97,85.0,High,Medium,High,High
ANANTAPUR,21.25416667,73.29583333,7.82,1096.0,734.0,,400.0,80.0,49.0,121.0,Medium,Medium,,Medium
ANANTAPUR,21.25416667,73.29583333,7.76,1014.0,679.38,,280.0,44.0,41.342964,92.0,Medium,Medium,,Medium
ANANTAPUR,21.25416667,73.29583333,8.2,839.0,562.0,,270.0,36.0,44.0,107.0,Medium,Medium,,Medium
ANANTAPUR,21.25416667,73.29583333,7.9,2952.0,1977.84,,1200.96,324.648,94.848,1028.05,High,Medium,High,High
ANANTAPUR,21.68055556,79.42222222,7.6,1459.0,0.0,,433.5,83.80728,53.4688,95.53775,Low,,,Low
ANANTAPUR,21.68055556,79.42222222,7.9,1200.0,733.85,,260.1,42.92568,36.456,96.7785,Medium,Medium,,Medium
ANANTAPUR,13.87944444,77.53083333,7.31,1365.0,0.0,,295.0,82.0,21.98,170.0,Low,,,Low
ANANTAPUR,13.87944444,77.53083333,7.7,720.0,633.0,,205.0,50.0,19.51,28.0,Medium,Medium,,Medium
GUNTUR,16.42777778,80.56944444,7.91,1084.0,692.0,,185.0,36.0,23.0,74.0,Medium,Medium,,Medium
GUNTUR,16.43777778,80.56611111,7.7,1230.0,0.0,,290.0,46.0,42.6,121.0,Low,,,Low
GUNTUR,15.99,80.61,7.51,1239.0,0.0,,335.0,74.0,36.56,152.0,Low,,,Low
GUNTUR,15.99,80.61,7.63,1460.0,1009.0,,430.0,100.0,43.89,167.0,High,Medium,High,High
NELLORE,14.19194444,79.87194444,7.98,435.0,258.0,,110.0,24.0,12.0,25.0,Low,,,Low
NELLORE,14.19194444,79.87194444,7.72,384.0,0.0,,120.0,26.0,13.4,32.0,Low,,,Low
NELLORE,14.19194444,79.87194444,7.98,2763.0,754.0,,254.0,39.0,38.1,337.0,Medium,Medium,,Medium
VIZIANAGARAM,18.40333333,83.33833333,8.14,920.0,539.0,,335.0,28.0,64.0,60.0,Medium,Medium,,Medium
VIZIANAGARAM,18.40333333,83.33833333,7.5,1148.0,0.0,,470.0,56.0,80.3,85.0,Low,,,Low
VIZIANAGARAM,18.40333333,83.33833333,7.41,1450.0,560.0,,370.0,84.0,39.0,248.0,Medium,Medium,,Medium
EAST GODAVARI,17.525,81.74166667,7.9,650.0,389.0,,225.0,48.0,26.0,74.0,Low,,,Low
EAST GODAVARI,17.525,81.74166667,7.35,750.0,0.0,,260.0,56.0,29.24,89.0,Low,,,Low
EAST GODAVARI,17.525,81.74166667,7.36,1480.0,546.0,,460.0,136.0,29.34,206.0,Medium,Medium,,Medium
KRISHNA,15.94833333,80.92305556,7.75,1360.0,761.0,,360.0,52.0,56.0,156.0,Medium,Medium,,Medium
KRISHNA,15.94833333,80.92305556,8.05,1084.0,0.0,,310.0,96.0,17.14,117.0,Low,,,Low
KRISHNA,15.94833333,80.92305556,8.4,1045.0,749.0,,300.0,40.0,48.67,142.0,Medium,Medium,,Medium
VIZIANAGARAM,18.75,83.36,7.68,946.0,0.0,,230.0,68.0,14.67,142.0,Low,,,Low
CHITTOOR,13.56694444,79.01527778,7.8,1200.0,701.0,,310.0,60.0,39.0,138.0,Medium,Medium,,Medium
CHITTOOR,13.56694444,79.01527778,7.74,2060.0,0.0,,600.0,136.0,63.38,284.0,Medium,Medium,,Medium
CHITTOOR,13.56694444,79.01527778,7.94,2060.0,585.0,,500.0,128.0,43.92,177.0,Medium,Medium,,Medium
WEST GODAVARI,16.62555556,81.73888889,8.25,990.0,610.0,,250.0,44.0,34.0,50.0,Medium,Medium,,Medium
GUNTUR,16.34583333,80.30416667,7.85,2300.0,1412.0,,660.0,100.0,100.0,340.0,High,Medium,High,High
GUNTUR,16.34583333,80.30416667,7.37,2816.0,0.0,,860.0,152.0,116.89,525.0,Medium,Medium,,Medium
GUNTUR,16.34583333,80.30416667,7.44,2945.0,885.0,,775.0,172.0,84.09,486.0,Medium,Medium,,Medium
VISAKHAPATNAM,17.77916667,82.78472222,7.85,1010.0,644.0,,330.0,80.0,32.0,85.0,Medium,Medium,,Medium
VISAKHAPATNAM,17.77916667,82.78472222,7.48,1015.0,0.0,,395.0,76.0,49.93,110.0,Low,,,Low
SRIKAKULAM,18.77083333,84.18333333,7.94,715.0,436.0,,195.0,36.0,26.0,117.0,Low,,,Low
SRIKAKULAM,18.77083333,84.18333333,7.6,657.0,0.0,,225.0,58.0,19.52,92.0,Low,,,Low
SRIKAKULAM,18.77083333,84.18333333,7.3,615.0,826.0,,175.0,42.0,17.07,74.0,Medium,Medium,,Medium
ANANTAPUR,21.10555556,76.03333333,7.8,1420.0,923.0,,533.0,64.0,91.0,170.0,Medium,Medium,,Medium
ANANTAPUR,21.10555556,76.03333333,8.0,1223.0,0.0,,494.7,63.36648,80.2032,100.50075,Low,,,Low
ANANTAPUR,21.10555556,76.03333333,7.9,862.0,414.505,,150.0,52.0,4.8608,120.53,Low,,,Low
NELLORE,14.39388889,79.80416667,8.19,1040.0,652.0,,110.0,16.0,17.0,28.0,Medium,Medium,,Medium
VISAKHAPATNAM,17.88055556,83.3125,7.65,1354.0,0.0,,525.0,58.0,92.46,170.0,Low,,,Low
VISAKHAPATNAM,18.03583333,82.70416667,7.92,170.0,94.0,,75.0,14.0,10.0,11.0,Low,,,Low
VISAKHAPATNAM,18.03583333,82.70416667,7.67,369.0,0.0,,110.0,24.0,12.19,46.0,Low,,,Low
ANANTAPUR,18.72222222,75.21666667,8.1,1348.0,248.3,,178.5,116.15,15.15105,129.038,Low,,,Low
VIZIANAGARAM,18.62,83.48,7.42,1786.0,990.0,,505.0,152.0,30.0,401.0,Medium,Medium,,Medium
VIZIANAGARAM,18.62,83.48,7.69,1194.0,0.0,,350.0,110.0,18.37,160.0,Low,,,Low
CUDDAPAH,14.46833333,78.69416667,7.88,900.0,0.0,,245.0,38.0,36.52,209.0,Low,,,Low
CUDDAPAH,14.46833333,78.69416667,7.97,1150.0,1344.0,,400.0,64.0,58.43,234.0,High,Medium,High,High
EAST GODAVARI,16.61638889,82.07333333,8.15,4930.0,2835.0,,680.0,80.0,117.0,1149.0,High,Medium,High,High
EAST GODAVARI,16.61638889,82.07333333,7.49,1040.0,0.0,,420.0,88.0,48.73,85.0,Low,,,Low
EAST GODAVARI,16.61638889,82.07333333,7.88,1610.0,704.0,,650.0,100.0,97.37,234.0,Medium,Medium,,Medium
WEST GODAVARI,16.41333333,81.61416667,8.24,1200.0,706.0,,265.0,50.0,34.0,117.0,Medium,Medium,,Medium
WEST GODAVARI,16.41333333,81.61416667,8.01,1200.0,0.0,,395.0,76.0,49.93,103.0,Low,,,Low
ANANTAPUR,32.21666667,75.67083333,8.39,419.0,0.0,,0.0,40.0,9.72,50.0,Low,,,Low
VISAKHAPATNAM,17.74055556,83.34194444,8.42,1220.0,711.0,,280.0,56.0,34.0,103.0,Medium,Medium,,Medium
GUNTUR,16.16666667,80.75,8.15,1450.0,899.0,,180.0,36.0,22.0,160.0,Medium,Medium,,Medium
GUNTUR,16.16805556,80.75138889,7.85,1452.0,0.0,,345.0,34.0,63.26,195.0,Low,,,Low
KURNOOL,15.97361111,78.27777778,7.68,2210.0,1394.0,,740.0,216.0,49.0,326.0,High,Medium,High,High
KURNOOL,15.97361111,78.27777778,7.78,1390.0,0.0,,285.0,78.0,21.98,167.0,Low,,,Low
CHITTOOR,13.19055556,79.03444444,7.62,1030.0,0.0,,330.0,62.0,42.62,82.0,Low,,,Low
ANANTAPUR,22.525,86.46666667,7.9,601.0,363.35,,28.0,48.0,28.0,37.0,Low,,,Low
ANANTAPUR,21.27916667,73.34972222,7.79,720.0,482.0,,220.0,24.0,39.0,57.0,Low,,,Low
ANANTAPUR,21.27916667,73.34972222,7.87,722.0,483.74,,210.0,48.0,21.905426,50.0,Low,,,Low
ANANTAPUR,21.27916667,73.34972222,8.08,620.0,415.0,,180.0,44.0,17.0,64.0,Low,,,Low
ANANTAPUR,21.27916667,73.34972222,7.77,709.0,587.0,,270.0,24.0,51.0,50.0,Medium,Medium,,Medium
ANANTAPUR,21.27916667,73.34972222,7.37,2838.0,1901.0,,750.0,84.0,131.328,511.2,High,Medium,High,High
GUNTUR,15.93194444,80.56527778,8.08,2188.0,1374.0,,570.0,136.0,56.0,199.0,High,Medium,High,High
GUNTUR,15.93194444,80.56527778,7.63,2572.0,0.0,,750.0,176.0,75.58,362.0,Medium,Medium,,Medium
GUNTUR,15.93194444,80.56527778,7.73,2576.0,1301.0,,800.0,192.0,78.04,461.0,High,Medium,High,High
KRISHNA,16.225,80.91666667,7.79,1660.0,983.0,,350.0,112.0,17.0,238.0,Medium,Medium,,Medium
KRISHNA,16.225,80.91666667,7.52,888.0,0.0,,345.0,64.0,45.06,82.0,Low,,,Low
CUDDAPAH,14.67722222,78.4,8.4,200.0,0.0,,55.0,14.0,4.88,18.0,Low,,,Low
CUDDAPAH,14.67722222,78.4,8.49,860.0,1645.0,,125.0,23.0,16.44,21.0,High,Medium,High,High
CHITTOOR,13.11166667,78.99444444,7.42,2180.0,0.0,,590.0,112.0,75.51,294.0,Medium,Medium,,Medium
ANANTAPUR,14.35138889,78.0,7.0,4760.0,0.0,,1800.0,228.0,299.33,773.0,High,Medium,High,High
KRISHNA,16.42333333,81.12,8.07,1540.0,896.0,,360.0,96.0,29.0,245.0,Medium,Medium,,Medium
KRISHNA,16.42333333,81.12,7.62,1644.0,0.0,,415.0,84.0,49.94,308.0,Medium,Medium,,Medium
KRISHNA,16.42333333,81.12,7.9,1560.0,2681.0,,420.0,86.0,49.95,248.0,High,Medium,High,High
ANANTAPUR,21.05,76.03333333,7.9,589.0,383.0,,219.0,40.0,29.0,49.0,Low,,,Low
ANANTAPUR,21.05,76.03333333,8.0,540.0,0.0,,178.5,61.3224,6.076,33.50025,Low,,,Low
ANANTAPUR,21.05,76.03333333,8.0,598.0,820.365,,210.0,40.0,26.7344,92.17,Medium,Medium,,Medium
EAST GODAVARI,16.66027778,82.02444444,7.82,1370.0,780.0,,450.0,60.0,73.0,177.0,Medium,Medium,,Medium
KRISHNA,16.90138889,80.09583333,7.4,650.0,380.0,,187.5,57.0,11.0,43.0,Low,,,Low
KRISHNA,16.90138889,80.09583333,7.36,791.0,0.0,,345.0,126.0,7.45,46.0,Low,,,Low
KRISHNA,16.90138889,80.09583333,7.64,794.0,1008.0,,375.0,106.0,26.87,50.0,High,Medium,High,High
ANANTAPUR,20.63333333,73.025,8.0,2737.0,1834.0,,420.0,80.0,54.0,554.0,High,Medium,High,High
ANANTAPUR,20.63333333,73.025,8.04,1900.0,1273.0,,460.0,136.0,29.25962,419.0,High,Medium,High,High
ANANTAPUR,20.63333333,73.025,8.24,2044.0,1369.0,,400.0,56.0,63.0,440.0,High,Medium,High,High
EAST GODAVARI,16.7,81.85,7.59,4670.0,2714.0,,720.0,88.0,122.0,1092.0,High,Medium,High,High
EAST GODAVARI,16.7,81.85,7.73,1500.0,0.0,,480.0,88.0,63.32,149.0,Low,,,Low
EAST GODAVARI,16.7,81.85,7.7,840.0,944.0,,300.0,64.0,34.12,96.0,Medium,Medium,,Medium
EAST GODAVARI,16.5975,81.91611111,6.8,1430.0,0.0,,150.0,24.0,21.91,411.0,Low,,,Low
EAST GODAVARI,16.5975,81.91611111,7.78,1590.0,6613.0,,415.0,72.0,57.22,206.0,High,Medium,High,High
CHITTOOR,13.56666667,79.23333333,7.28,2340.0,1450.0,,500.0,176.0,15.0,397.0,High,Medium,High,High
CHITTOOR,13.56666667,79.23333333,7.41,1900.0,0.0,,510.0,134.0,42.71,294.0,Medium,Medium,,Medium
CHITTOOR,13.56666667,79.23333333,7.54,1580.0,622.0,,390.0,72.0,51.15,241.0,Medium,Medium,,Medium
WEST GODAVARI,16.85583333,81.71361111,7.7,3650.0,1980.0,,960.0,152.0,141.0,922.0,High,Medium,High,High
WEST GODAVARI,16.85583333,81.71361111,7.26,4075.0,0.0,,1140.0,200.0,155.85,1007.0,High,Medium,High,High
WEST GODAVARI,16.85583333,81.71361111,7.52,3890.0,522.0,,920.0,136.0,141.18,752.0,High,Medium,High,High
WEST GODAVARI,16.85472222,81.71416667,8.07,1870.0,686.0,,550.0,136.0,51.22,277.0,Medium,Medium,,Medium
KRISHNA,16.325,81.20833333,7.92,1450.0,887.0,,370.0,96.0,32.0,177.0,Medium,Medium,,Medium
KRISHNA,16.325,81.20833333,7.58,1315.0,0.0,,325.0,68.0,37.77,177.0,Low,,,Low
KRISHNA,16.325,81.20833333,7.96,1174.0,1462.0,,265.0,90.0,9.83,135.0,High,Medium,High,High
PRAKASAM,15.8425,80.05,7.51,808.0,466.0,,220.0,44.0,27.0,85.0,Low,,,Low
PRAKASAM,15.8425,80.05,7.38,1247.0,704.0,,400.0,96.0,39.02,138.0,Medium,Medium,,Medium
EAST GODAVARI,16.67277778,82.15166667,7.52,7670.0,4472.0,,1400.0,220.0,207.0,1914.0,High,Medium,High,High
EAST GODAVARI,16.67277778,82.15166667,7.56,4040.0,0.0,,540.0,32.0,111.88,822.0,High,Medium,High,High
EAST GODAVARI,16.67277778,82.15166667,7.83,1970.0,345.0,,360.0,92.0,31.72,305.0,Medium,Medium,,Medium
GUNTUR,16.58333333,79.88333333,7.72,2274.0,0.0,,550.0,124.0,58.5,326.0,Medium,Medium,,Medium
GUNTUR,16.58333333,79.88333333,7.92,2271.0,1536.0,,485.0,102.0,56.04,319.0,High,Medium,High,High
ANANTAPUR,20.73333333,77.36666667,7.8,2212.0,0.0,,775.2,169.65865,83.8488,256.83524,Medium,Medium,,Medium
KRISHNA,16.82611111,80.93916667,7.46,2512.0,0.0,,670.0,124.0,87.68,425.0,Medium,Medium,,Medium
KRISHNA,16.82611111,80.93916667,7.9,2542.0,874.0,,400.0,64.0,58.43,362.0,Medium,Medium,,Medium
NELLORE,14.27472222,80.1,7.52,1460.0,1004.0,,295.0,74.0,27.0,138.0,High,Medium,High,High
NELLORE,14.27472222,80.1,7.32,1289.0,0.0,,325.0,74.0,34.13,191.0,Low,,,Low
NELLORE,14.27472222,80.1,7.47,1895.0,2946.0,,430.0,122.0,30.54,230.0,High,Medium,High,High
ANANTAPUR,14.1,78.1,8.01,220.0,126.0,,75.0,18.0,7.0,14.0,Low,,,Low
ANANTAPUR,14.1,78.1,7.6,143.0,0.0,,50.0,12.0,4.88,11.0,Low,,,Low
ANANTAPUR,14.1,78.1,8.05,390.0,417.0,,105.0,28.0,8.54,21.0,Low,,,Low
PRAKASAM,15.25,79.84666667,7.81,4870.0,2815.0,,1160.0,128.0,204.0,1149.0,High,Medium,High,High
CUDDAPAH,14.85777778,78.34194444,8.19,299.0,0.0,,115.0,24.0,13.4,43.0,Low,,,Low
CUDDAPAH,14.85777778,78.34194444,8.45,310.0,288.0,,58.0,18.0,3.18,43.0,Low,,,Low
GUNTUR,16.175,80.19166667,7.48,3110.0,2184.0,,620.0,168.0,49.0,369.0,High,Medium,High,High
GUNTUR,16.175,80.19166667,7.5,2654.0,0.0,,710.0,184.0,61.01,376.0,Medium,Medium,,Medium
GUNTUR,16.175,80.19166667,7.65,3640.0,1367.0,,620.0,176.0,43.98,287.0,High,Medium,High,High
WEST GODAVARI,16.86666667,81.01666667,7.92,1298.0,749.0,,310.0,70.0,33.0,167.0,Medium,Medium,,Medium
KRISHNA,16.28027778,81.13222222,7.78,9220.0,5627.0,,1375.0,170.0,231.0,1879.0,High,Medium,High,High
KRISHNA,16.28027778,81.13222222,7.47,11720.0,0.0,,3400.0,721.0,389.28,3403.0,High,Medium,High,High
CHITTOOR,13.3875,79.80083333,8.1,2080.0,1320.0,,290.0,56.0,36.0,220.0,High,Medium,High,High
CHITTOOR,13.38833333,79.79388889,7.58,1140.0,0.0,,375.0,76.0,45.07,39.0,Low,,,Low
KURNOOL,15.56666667,77.23333333,8.37,5150.0,3206.0,,680.0,104.0,102.0,539.0,High,Medium,High,High
KURNOOL,15.56666667,77.23333333,7.82,6560.0,0.0,,1260.0,192.0,189.88,737.0,High,Medium,High,High
KURNOOL,15.56666667,77.23333333,8.01,5980.0,1443.0,,900.0,144.0,131.47,652.0,High,Medium,High,High
VISAKHAPATNAM,17.70138889,82.47916667,8.35,880.0,481.0,,290.0,74.0,26.0,64.0,Low,,,Low
VISAKHAPATNAM,17.70138889,82.47916667,7.5,815.0,0.0,,330.0,70.0,37.77,50.0,Low,,,Low
ANANTAPUR,18.61166667,72.9,7.8,980.0,637.0,,284.0,58.0,34.0,75.0,Medium,Medium,,Medium
ANANTAPUR,18.61166667,72.9,7.8,623.0,0.0,,249.9,44.96976,32.8104,65.75975,Low,,,Low
NELLORE,14.49444444,79.52138889,7.61,2109.0,3455.0,,340.0,60.0,46.27,163.0,High,Medium,High,High
ANANTAPUR,13.98611111,78.18888889,7.48,5190.0,3436.0,,1280.0,392.0,73.0,773.0,High,Medium,High,High
ANANTAPUR,13.98722222,78.18777778,7.62,2360.0,0.0,,840.0,232.0,63.5,369.0,Medium,Medium,,Medium
WEST GODAVARI,16.97777778,81.40861111,8.15,690.0,398.0,,275.0,66.0,27.0,50.0,Low,,,Low
GUNTUR,16.30555556,80.37388889,7.94,1407.0,0.0,,230.0,32.0,36.51,113.0,Low,,,Low
SRIKAKULAM,18.65666667,84.30166667,8.25,950.0,534.0,,140.0,24.0,19.0,202.0,Medium,Medium,,Medium
SRIKAKULAM,18.65,84.29444444,7.47,1511.0,0.0,,455.0,106.0,46.32,220.0,Medium,Medium,,Medium
KURNOOL,15.86666667,78.275,6.3,1914.0,0.0,,535.0,150.0,39.08,316.0,Medium,Medium,,Medium
KURNOOL,15.48972222,78.49472222,8.05,1660.0,1002.0,,365.0,128.0,11.0,234.0,High,Medium,High,High
KURNOOL,15.48972222,78.49472222,7.82,868.0,0.0,,265.0,48.0,35.31,110.0,Low,,,Low
KURNOOL,15.48972222,78.49472222,8.07,890.0,455.0,,225.0,56.0,20.73,103.0,Low,,,Low
GUNTUR,16.22638889,80.51416667,7.65,1751.0,1128.0,,350.0,68.0,44.0,223.0,High,Medium,High,High
GUNTUR,16.22638889,80.51416667,7.3,2103.0,0.0,,650.0,152.0,65.83,291.0,Medium,Medium,,Medium
GUNTUR,16.22638889,80.51416667,7.55,1613.0,2290.0,,395.0,88.0,42.65,255.0,High,Medium,High,High
GUNTUR,16.53277778,80.36638889,7.52,5630.0,3823.0,,1200.0,220.0,158.0,603.0,High,Medium,High,High
GUNTUR,16.53277778,80.36638889,7.48,4119.0,0.0,,875.0,176.0,105.98,482.0,High,Medium,High,High
GUNTUR,16.53277778,80.36638889,7.67,5010.0,614.0,,1020.0,232.0,107.26,510.0,High,Medium,High,High
SRIKAKULAM,18.40833333,84.1,7.78,1773.0,977.0,,495.0,128.0,43.0,447.0,Medium,Medium,,Medium
SRIKAKULAM,18.40833333,84.1,7.24,1973.0,0.0,,690.0,172.0,63.42,496.0,Medium,Medium,,Medium
VIZIANAGARAM,18.13888889,83.32777778,7.58,1567.0,893.0,,350.0,82.0,35.0,291.0,Medium,Medium,,Medium
VIZIANAGARAM,18.13888889,83.32777778,7.34,1500.0,0.0,,365.0,88.0,35.36,291.0,Low,,,Low
ANANTAPUR,21.46666667,78.53333333,7.7,1528.0,993.0,,493.0,90.0,66.0,157.0,Medium,Medium,,Medium
ANANTAPUR,21.46666667,78.53333333,7.4,1417.0,0.0,,351.9,73.58688,40.1016,85.61175,Low,,,Low
ANANTAPUR,21.46666667,78.53333333,7.9,1160.0,598.65,,249.9,49.05792,30.38,81.8895,Medium,Medium,,Medium
ANANTAPUR,21.46666667,78.53333333,8.05,1624.0,1088.08,,430.344,76.152,58.368,226.88,High,Medium,High,High
ANANTAPUR,14.70583333,77.82222222,7.75,2869.0,0.0,,900.0,172.0,114.48,447.0,Medium,Medium,,Medium
WEST GODAVARI,16.43694444,81.70222222,8.5,812.0,473.0,,295.0,86.0,19.0,53.0,Low,,,Low
WEST GODAVARI,16.43694444,81.70222222,8.03,1070.0,2610.0,,390.0,100.0,34.16,67.0,High,Medium,High,High
WEST GODAVARI,16.55833333,81.50194444,7.78,5180.0,2832.0,,860.0,40.0,185.0,1418.0,High,Medium,High,High
WEST GODAVARI,16.55833333,81.50194444,7.36,9676.0,0.0,,2350.0,321.0,376.64,2942.0,High,Medium,High,High
WEST GODAVARI,16.55833333,81.50194444,7.4,10410.0,5909.0,,1500.0,180.0,255.51,2521.0,High,Medium,High,High
VISAKHAPATNAM,17.65,82.58333333,8.53,1010.0,497.0,,315.0,32.0,57.0,32.0,Low,,,Low
VISAKHAPATNAM,17.65,82.58333333,7.92,1001.0,0.0,,325.0,38.0,55.97,43.0,Low,,,Low
VIZIANAGARAM,18.0625,83.52916667,8.25,1000.0,615.0,,130.0,16.0,22.0,138.0,Medium,Medium,,Medium
VIZIANAGARAM,18.0625,83.52916667,7.61,1113.0,0.0,,310.0,52.0,43.83,96.0,Low,,,Low
SRIKAKULAM,18.565,84.29972222,7.32,419.0,0.0,,1060.0,136.0,175.22,964.0,Low,,,Low
SRIKAKULAM,18.565,84.29972222,7.05,4538.0,435.0,,795.0,162.0,95.02,893.0,High,Medium,High,High
CHITTOOR,12.95833333,78.61666667,7.42,1056.0,684.0,,420.0,104.0,39.0,89.0,Medium,Medium,,Medium
CHITTOOR,12.95833333,78.61666667,7.66,880.0,0.0,,360.0,80.0,39.0,53.0,Low,,,Low
PRAKASAM,15.93472222,80.23388889,7.79,4980.0,3212.0,,920.0,184.0,112.0,837.0,High,Medium,High,High
PRAKASAM,15.93472222,80.23388889,7.21,4790.0,0.0,,1300.0,200.0,194.75,865.0,High,Medium,High,High
GUNTUR,16.36666667,79.95,7.52,1894.0,0.0,,650.0,76.0,111.93,216.0,Medium,Medium,,Medium
GUNTUR,16.36666667,79.95,7.57,1945.0,689.0,,645.0,106.0,92.52,238.0,Medium,Medium,,Medium
NELLORE,14.43361111,80.01111111,7.89,964.0,612.0,,160.0,42.0,13.0,110.0,Medium,Medium,,Medium
NELLORE,14.43361111,80.01111111,7.84,1126.0,0.0,,225.0,80.0,6.18,174.0,Low,,,Low
NELLORE,14.43361111,80.01111111,6.9,1471.0,1279.0,,423.0,120.0,30.05,167.0,High,Medium,High,High
ANANTAPUR,20.85388889,75.66388889,7.8,1005.0,653.0,,413.0,74.0,56.0,116.0,Medium,Medium,,Medium
ANANTAPUR,20.85388889,75.66388889,7.7,954.0,0.0,,387.6,67.45464,52.2536,78.16725,Low,,,Low
ANANTAPUR,20.85388889,75.66388889,8.1,800.0,319.41,,250.0,40.0,36.456,88.625,Low,,,Low
ANANTAPUR,19.52666667,74.95444444,8.1,559.0,0.0,,239.7,51.102,26.7344,43.42625,Low,,,Low
ANANTAPUR,18.66333333,74.37138889,7.9,873.0,567.0,,309.0,44.0,49.0,129.0,Medium,Medium,,Medium
ANANTAPUR,18.66333333,74.37138889,7.8,1069.0,0.0,,418.2,38.83752,76.5576,150.13075,Low,,,Low
ANANTAPUR,18.66333333,74.37138889,7.7,907.0,126.49,,240.0,48.0,29.1648,120.53,Low,,,Low
WEST GODAVARI,16.91666667,81.66805556,8.24,942.0,549.0,,260.0,60.0,27.0,82.0,Medium,Medium,,Medium
WEST GODAVARI,16.91666667,81.66805556,7.6,1406.0,0.0,,465.0,120.0,40.26,199.0,Low,,,Low
WEST GODAVARI,16.91666667,81.66805556,7.73,1060.0,1084.0,,280.0,56.0,34.11,78.0,High,Medium,High,High
KRISHNA,16.26583333,81.01416667,8.21,2230.0,1324.0,,500.0,64.0,83.0,227.0,High,Medium,High,High
GUNTUR,15.91805556,80.67222222,8.16,2880.0,1772.0,,460.0,76.0,66.0,347.0,High,Medium,High,High
GUNTUR,15.91805556,80.67222222,7.63,2414.0,0.0,,490.0,64.0,80.31,312.0,Medium,Medium,,Medium
GUNTUR,15.91805556,80.67222222,7.7,2246.0,1708.0,,455.0,92.0,54.82,277.0,High,Medium,High,High
ANANTAPUR,13.91666667,77.2,7.7,3540.0,2263.0,,420.0,136.0,19.0,610.0,High,Medium,High,High
ANANTAPUR,13.91666667,77.2,7.75,1390.0,0.0,,435.0,88.0,52.38,230.0,Low,,,Low
CHITTOOR,13.63694444,79.90083333,7.5,1730.0,1048.0,,335.0,76.0,35.0,291.0,High,Medium,High,High
CHITTOOR,13.63694444,79.90083333,7.83,1530.0,0.0,,280.0,78.0,20.76,227.0,Medium,Medium,,Medium
KRISHNA,16.27027778,80.99666667,8.2,1530.0,867.0,,450.0,84.0,58.0,199.0,Medium,Medium,,Medium
KRISHNA,16.27027778,80.99666667,7.6,960.0,0.0,,290.0,52.0,38.96,152.0,Low,,,Low
KRISHNA,16.27027778,80.99666667,8.22,1120.0,1338.0,,280.0,58.0,32.89,131.0,High,Medium,High,High
CHITTOOR,13.51666667,78.64666667,7.46,1570.0,945.0,,360.0,132.0,7.0,188.0,Medium,Medium,,Medium
ANANTAPUR,21.29083333,73.21444444,7.86,1044.0,699.0,,380.0,84.0,41.0,99.0,Medium,Medium,,Medium
ANANTAPUR,21.29083333,73.21444444,7.84,804.0,538.68,,220.0,40.0,29.189774,64.0,Medium,Medium,,Medium
ANANTAPUR,21.29083333,73.21444444,8.1,551.0,369.0,,190.0,40.0,22.0,64.0,Low,,,Low
ANANTAPUR,21.29083333,73.21444444,7.95,724.0,1135.0,,260.0,20.0,51.0,57.0,High,Medium,High,High
ANANTAPUR,21.29083333,73.21444444,7.98,1080.0,724.0,,280.0,52.0,36.48,99.0,Medium,Medium,,Medium
ANANTAPUR,29.28055556,74.76666667,7.5,850.0,552.5,,250.0,52.0,29.0,99.0,Medium,Medium,,Medium
ANANTAPUR,29.28055556,74.76666667,7.9,326.0,211.9,,150.0,36.0,14.63,21.0,Low,,,Low
ANANTAPUR,29.28055556,74.76666667,7.7,330.0,374.0,,170.0,51.0,10.4,31.0,Low,,,Low
ANANTAPUR,29.28055556,74.76666667,8.2,1180.0,767.0,,280.0,71.0,24.928,135.0,Medium,Medium,,Medium
NELLORE,14.56111111,79.99111111,7.89,1462.0,897.0,,235.0,30.0,39.0,152.0,Medium,Medium,,Medium
NELLORE,14.56111111,79.99111111,7.21,1696.0,0.0,,435.0,96.0,47.53,223.0,Medium,Medium,,Medium
NELLORE,14.56111111,79.99111111,7.21,1980.0,344.0,,397.0,117.0,25.55,230.0,Medium,Medium,,Medium
KURNOOL,14.99166667,78.4,7.86,1690.0,1079.0,,430.0,118.0,33.0,248.0,High,Medium,High,High
KURNOOL,14.99166667,78.4,7.74,1548.0,0.0,,380.0,114.0,23.24,220.0,Medium,Medium,,Medium
KURNOOL,14.99166667,78.4,7.43,2560.0,417.0,,480.0,128.0,39.06,376.0,Medium,Medium,,Medium
KRISHNA,16.78472222,80.855,6.52,1978.0,1919.0,,560.0,104.0,73.07,319.0,High,Medium,High,High
ANANTAPUR,14.025,77.99166667,8.03,1094.0,0.0,,360.0,78.0,40.21,138.0,Low,,,Low
ANANTAPUR,32.07777778,75.64583333,8.42,798.0,0.0,,0.0,36.0,29.0,78.0,Low,,,Low
PRAKASAM,15.67888889,79.6425,8.25,1710.0,997.0,,335.0,46.0,54.0,209.0,Medium,Medium,,Medium
PRAKASAM,15.67888889,79.6425,7.67,1773.0,0.0,,330.0,60.0,43.84,238.0,Medium,Medium,,Medium
PRAKASAM,15.52333333,80.05833333,8.95,1297.0,755.0,,30.0,8.0,2.0,106.0,Medium,Medium,,Medium
PRAKASAM,15.52333333,80.05833333,7.95,1650.0,995.0,,340.0,56.0,49.0,213.0,Medium,Medium,,Medium
PRAKASAM,15.52333333,80.05833333,7.32,914.0,0.0,,260.0,60.0,26.82,89.0,Low,,,Low
VISAKHAPATNAM,18.08333333,82.7,8.03,270.0,172.0,,95.0,23.0,9.0,28.0,Low,,,Low
VISAKHAPATNAM,18.08333333,82.7,7.72,312.0,0.0,,125.0,26.0,14.62,50.0,Low,,,Low
ANANTAPUR,20.70833333,75.68333333,7.5,2104.0,0.0,,892.5,245.2896,66.836,132.76025,Medium,Medium,,Medium
WEST GODAVARI,16.50944444,81.71972222,8.12,1800.0,1079.0,,310.0,50.0,45.0,177.0,High,Medium,High,High
WEST GODAVARI,16.50944444,81.71972222,7.73,8392.0,0.0,,1500.0,120.0,291.9,2162.0,High,Medium,High,High
WEST GODAVARI,16.50944444,81.71972222,8.11,5490.0,6119.0,,690.0,160.0,70.7,908.0,High,Medium,High,High
SRIKAKULAM,18.59444444,83.76111111,7.71,2051.0,1401.0,,400.0,64.0,58.0,340.0,High,Medium,High,High
SRIKAKULAM,18.59444444,83.76111111,7.38,1916.0,0.0,,400.0,68.0,56.0,220.0,Medium,Medium,,Medium
KURNOOL,15.41,78.25,7.44,1073.0,0.0,,410.0,98.0,40.24,103.0,Low,,,Low
CHITTOOR,13.20833333,78.74305556,7.67,2220.0,1325.0,,690.0,140.0,83.0,369.0,High,Medium,High,High
CHITTOOR,13.20833333,78.74305556,7.22,2490.0,0.0,,760.0,144.0,97.43,539.0,Medium,Medium,,Medium
ANANTAPUR,13.95666667,77.10833333,7.74,1530.0,939.0,,260.0,88.0,10.0,156.0,Medium,Medium,,Medium
ANANTAPUR,13.95666667,77.10833333,7.96,1340.0,0.0,,315.0,86.0,24.42,113.0,Low,,,Low
SRIKAKULAM,18.77027778,84.41277778,8.17,872.0,509.0,,185.0,36.0,23.0,163.0,Medium,Medium,,Medium
SRIKAKULAM,18.77027778,84.41277778,7.4,1033.0,0.0,,290.0,42.0,45.03,163.0,Low,,,Low
SRIKAKULAM,18.77027778,84.41277778,7.36,1264.0,507.0,,350.0,104.0,22.01,177.0,Medium,Medium,,Medium
ANANTAPUR,13.97277778,77.73138889,7.89,1560.0,995.0,,260.0,56.0,29.0,234.0,Medium,Medium,,Medium
ANANTAPUR,13.97277778,77.73138889,8.15,1273.0,0.0,,365.0,60.0,52.35,156.0,Low,,,Low
GUNTUR,15.98333333,80.76666667,8.18,1200.0,736.0,,270.0,82.0,16.0,106.0,Medium,Medium,,Medium
GUNTUR,15.97,80.76,7.62,724.0,0.0,,250.0,50.0,30.45,64.0,Low,,,Low
KRISHNA,16.58611111,81.29166667,7.88,6470.0,3768.0,,800.0,100.0,134.0,1482.0,High,Medium,High,High
KRISHNA,16.58611111,81.29166667,7.4,1681.0,0.0,,415.0,64.0,62.08,273.0,Medium,Medium,,Medium
KRISHNA,16.58611111,81.29166667,7.0,7800.0,1329.0,,1280.0,152.0,219.0,2084.0,High,Medium,High,High
ANANTAPUR,28.91666667,74.2,7.93,320.0,208.0,,140.0,40.0,10.0,43.0,Low,,,Low
ANANTAPUR,28.91666667,74.2,7.85,300.0,195.0,,130.0,28.0,14.59,28.0,Low,,,Low
ANANTAPUR,28.91666667,74.2,7.86,306.0,198.9,,120.0,32.0,9.76,28.0,Low,,,Low
ANANTAPUR,28.91666667,74.2,7.53,300.0,540.0,,155.0,43.0,11.6,38.0,Medium,Medium,,Medium
ANANTAPUR,28.91666667,74.2,8.06,1200.0,780.0,,280.0,64.0,29.184,71.0,Medium,Medium,,Medium
GUNTUR,16.29527778,80.02194444,7.92,1760.0,1090.0,,205.0,32.0,30.0,174.0,High,Medium,High,High
GUNTUR,16.29527778,80.02194444,7.41,2328.0,0.0,,560.0,104.0,73.07,326.0,Medium,Medium,,Medium
WEST GODAVARI,16.63222222,81.46722222,7.95,1176.0,634.0,,255.0,54.0,29.0,238.0,Medium,Medium,,Medium
WEST GODAVARI,16.63222222,81.46722222,8.01,1262.0,0.0,,175.0,32.0,23.14,110.0,Low,,,Low
ANANTAPUR,21.14388889,77.13638889,7.4,968.0,629.0,,433.0,92.0,50.0,51.0,Medium,Medium,,Medium
ANANTAPUR,21.14388889,77.13638889,7.7,909.0,0.0,,300.9,63.36648,34.0256,38.46325,Low,,,Low
ANANTAPUR,21.14388889,77.13638889,7.6,876.0,609.05,,188.7,18.39672,34.0256,39.704,Medium,Medium,,Medium
CHITTOOR,13.05666667,79.13888889,7.28,3592.0,2172.0,,1260.0,272.0,141.0,681.0,High,Medium,High,High
EAST GODAVARI,17.05,82.25,8.12,1170.0,682.0,,245.0,62.0,22.0,92.0,Medium,Medium,,Medium
VIZIANAGARAM,18.78333333,83.43333333,6.64,461.0,273.0,,130.0,40.0,7.0,35.0,Low,,,Low
VIZIANAGARAM,18.78333333,83.43333333,7.58,1038.0,0.0,,340.0,120.0,9.87,188.0,Low,,,Low
VISAKHAPATNAM,17.67083333,82.3625,7.87,820.0,479.0,,290.0,58.0,35.0,60.0,Low,,,Low
VISAKHAPATNAM,17.67083333,82.3625,7.92,928.0,0.0,,350.0,68.0,43.85,99.0,Low,,,Low
SRIKAKULAM,18.75166667,84.09,7.84,512.0,314.0,,180.0,30.0,26.0,64.0,Low,,,Low
SRIKAKULAM,18.75166667,84.09,7.57,690.0,0.0,,245.0,62.0,21.96,71.0,Low,,,Low
SRIKAKULAM,18.29722222,83.90111111,7.85,873.0,544.0,,265.0,56.0,30.0,128.0,Medium,Medium,,Medium
SRIKAKULAM,18.29722222,83.90111111,7.36,1274.0,0.0,,460.0,112.0,43.9,213.0,Low,,,Low
SRIKAKULAM,18.29722222,83.90111111,7.13,1164.0,589.0,,445.0,104.0,45.11,145.0,Medium,Medium,,Medium
KURNOOL,16.07083333,78.87083333,7.93,1590.0,981.0,,440.0,120.0,34.0,234.0,Medium,Medium,,Medium
SRIKAKULAM,18.62833333,84.36166667,8.55,1732.0,1145.0,,85.0,10.0,15.0,269.0,High,Medium,High,High
SRIKAKULAM,18.62833333,84.36166667,7.84,2257.0,0.0,,455.0,132.0,30.55,418.0,Medium,Medium,,Medium
ANANTAPUR,18.63333333,75.1,7.6,1257.0,0.0,,453.9,34.74936,87.4944,110.42675,Low,,,Low
CUDDAPAH,14.64722222,78.775,7.69,3450.0,2125.0,,460.0,112.0,44.0,539.0,High,Medium,High,High
CUDDAPAH,14.64722222,78.775,7.82,3007.0,0.0,,550.0,88.0,80.34,518.0,High,Medium,High,High
CUDDAPAH,14.64722222,78.775,7.48,4970.0,6188.0,,820.0,160.0,102.31,922.0,High,Medium,High,High
ANANTAPUR,20.98611111,77.02083333,7.5,2713.0,1763.0,,458.0,64.0,73.0,208.0,High,Medium,High,High
ANANTAPUR,20.98611111,77.02083333,7.8,2945.0,0.0,,780.3,42.92568,160.4064,174.94576,Medium,Medium,,Medium
ANANTAPUR,20.98611111,77.02083333,7.6,2786.0,499.85,,729.3,112.4244,106.9376,196.0385,Medium,Medium,,Medium
EAST GODAVARI,17.22916667,82.19583333,8.01,1750.0,1083.0,,380.0,72.0,49.0,202.0,High,Medium,High,High
EAST GODAVARI,17.22916667,82.19583333,7.46,3650.0,0.0,,840.0,72.0,160.55,581.0,High,Medium,High,High
ANANTAPUR,20.45,76.93333333,7.2,1024.0,666.0,,538.0,142.0,45.0,67.0,Medium,Medium,,Medium
ANANTAPUR,20.45,76.93333333,7.7,998.0,0.0,,423.3,81.7632,52.2536,60.79675,Low,,,Low
ANANTAPUR,20.45,76.93333333,7.3,906.0,1810.9,,336.6,28.61712,63.1904,67.0005,High,Medium,High,High
VIZIANAGARAM,18.645,83.275,7.3,1288.0,744.0,,320.0,82.0,28.0,213.0,Medium,Medium,,Medium
VIZIANAGARAM,18.645,83.275,7.2,1583.0,0.0,,480.0,130.0,37.84,220.0,Medium,Medium,,Medium
VIZIANAGARAM,18.645,83.275,7.14,1530.0,819.0,,510.0,166.0,23.3,241.0,Medium,Medium,,Medium
GUNTUR,16.33888889,80.49222222,7.75,2134.0,1253.0,,400.0,48.0,68.0,284.0,High,Medium,High,High
GUNTUR,16.33888889,80.49222222,7.4,2383.0,0.0,,660.0,120.0,87.67,347.0,Medium,Medium,,Medium
GUNTUR,16.33888889,80.49222222,7.47,2815.0,924.0,,800.0,112.0,126.56,355.0,Medium,Medium,,Medium
KRISHNA,16.38027778,81.15138889,8.05,3020.0,2004.0,,540.0,128.0,54.0,376.0,High,Medium,High,High
KRISHNA,16.38027778,81.15138889,7.32,3152.0,0.0,,730.0,160.0,80.43,489.0,High,Medium,High,High
KRISHNA,16.27666667,81.15138889,7.83,4400.0,3149.0,,980.0,192.0,121.8,723.0,High,Medium,High,High
ANANTAPUR,14.06388889,77.77444444,7.45,2830.0,0.0,,920.0,208.0,97.51,709.0,Medium,Medium,,Medium
KRISHNA,16.55694444,80.84611111,7.62,4070.0,2321.0,,850.0,108.0,141.0,908.0,High,Medium,High,High
VISAKHAPATNAM,17.75777778,83.32222222,7.89,1200.0,740.0,,330.0,60.0,44.0,121.0,Medium,Medium,,Medium
VISAKHAPATNAM,17.75777778,83.32222222,7.58,1152.0,0.0,,335.0,22.0,68.1,135.0,Low,,,Low
SRIKAKULAM,18.745,84.15777778,7.98,801.0,476.0,,225.0,52.0,23.0,138.0,Low,,,Low
SRIKAKULAM,18.745,84.15777778,7.46,902.0,0.0,,285.0,76.0,23.19,142.0,Low,,,Low
SRIKAKULAM,18.745,84.15777778,7.1,890.0,690.0,,265.0,70.0,21.97,142.0,Medium,Medium,,Medium
SRIKAKULAM,18.31166667,83.92333333,7.48,3227.0,0.0,,650.0,132.0,77.96,539.0,High,Medium,High,High
GUNTUR,16.45972222,80.455,7.9,4365.0,2812.0,,500.0,40.0,97.0,454.0,High,Medium,High,High
GUNTUR,16.45972222,80.455,7.71,4527.0,0.0,,1080.0,136.0,180.08,709.0,High,Medium,High,High
GUNTUR,16.45972222,80.455,7.69,5200.0,1431.0,,1200.0,192.0,175.29,993.0,High,Medium,High,High
EAST GODAVARI,17.08055556,82.12638889,7.78,220.0,124.0,,90.0,18.0,11.0,25.0,Low,,,Low
SRIKAKULAM,18.70333333,83.92666667,7.84,1275.0,0.0,,400.0,60.0,60.86,117.0,Low,,,Low
CUDDAPAH,14.30555556,79.26222222,7.94,661.0,0.0,,170.0,24.0,26.77,138.0,Low,,,Low
CUDDAPAH,14.30555556,79.26222222,7.86,900.0,474.0,,285.0,56.0,35.32,110.0,Low,,,Low
VISAKHAPATNAM,17.81111111,83.20555556,7.98,1000.0,556.0,,385.0,68.0,52.0,121.0,Medium,Medium,,Medium
VISAKHAPATNAM,17.81111111,83.20555556,7.64,1189.0,0.0,,430.0,72.0,60.87,170.0,Low,,,Low
WEST GODAVARI,16.78583333,81.52638889,7.6,4580.0,2535.0,,1120.0,112.0,204.0,993.0,High,Medium,High,High
WEST GODAVARI,16.78583333,81.52638889,7.41,5235.0,0.0,,1360.0,353.0,116.52,1191.0,High,Medium,High,High
WEST GODAVARI,16.78583333,81.52638889,7.64,5270.0,550.0,,1200.0,248.0,141.32,940.0,High,Medium,High,High
KRISHNA,16.9025,80.25277778,8.2,1410.0,869.0,,310.0,80.0,27.0,138.0,Medium,Medium,,Medium
KRISHNA,16.9025,80.25277778,7.7,1066.0,0.0,,285.0,72.0,25.62,103.0,Low,,,Low
ANANTAPUR,14.07222222,77.58166667,7.66,2970.0,1845.0,,470.0,132.0,34.0,418.0,High,Medium,High,High
ANANTAPUR,14.07222222,77.58166667,7.84,2484.0,0.0,,560.0,48.0,107.04,376.0,Medium,Medium,,Medium
WEST GODAVARI,16.64583333,81.64861111,7.7,4528.0,0.0,,1160.0,184.0,170.42,837.0,High,Medium,High,High
WEST GODAVARI,16.64583333,81.64861111,7.78,4530.0,380.0,,780.0,112.0,121.7,755.0,High,Medium,High,High
CHITTOOR,13.36944444,79.19583333,7.34,1190.0,0.0,,420.0,100.0,41.45,269.0,Low,,,Low
CHITTOOR,13.36444444,79.19555556,7.75,1150.0,491.0,,480.0,112.0,48.76,220.0,Low,,,Low
ANANTAPUR,,,7.4,655.0,412.65,,230.0,36.0,34.0256,88.625,Low,,,Low
WEST GODAVARI,16.37222222,81.59166667,8.18,552.0,341.0,,205.0,54.0,17.0,35.0,Low,,,Low
WEST GODAVARI,16.37222222,81.59166667,7.67,487.0,0.0,,210.0,68.0,9.81,25.0,Low,,,Low
WEST GODAVARI,16.37222222,81.59166667,8.28,430.0,855.0,,205.0,46.0,21.94,21.0,Medium,Medium,,Medium
GUNTUR,16.36055556,80.39666667,7.64,4902.0,3114.0,,940.0,144.0,141.0,851.0,High,Medium,High,High
GUNTUR,16.36055556,80.39666667,7.45,4037.0,0.0,,1220.0,216.0,165.59,858.0,High,Medium,High,High
GUNTUR,16.36055556,80.39666667,7.67,4160.0,1232.0,,1000.0,152.0,150.93,794.0,High,Medium,High,High
CHITTOOR,13.64444444,78.95027778,7.98,890.0,1301.0,,325.0,50.0,48.69,110.0,High,Medium,High,High
CHITTOOR,13.65,78.94,8.02,780.0,0.0,,225.0,24.0,40.15,103.0,Low,,,Low
CHITTOOR,13.30916667,79.32888889,7.57,950.0,0.0,,350.0,62.0,47.49,64.0,Low,,,Low
CHITTOOR,13.30916667,79.32888889,7.89,810.0,356.0,,220.0,42.0,28.01,43.0,Low,,,Low
GUNTUR,16.53861111,79.90583333,7.45,1608.0,0.0,,440.0,118.0,35.4,163.0,Medium,Medium,,Medium
CUDDAPAH,13.9,78.96666667,7.74,1030.0,663.0,,250.0,52.0,29.0,135.0,Medium,Medium,,Medium
CUDDAPAH,13.9,78.96666667,7.88,971.0,0.0,,320.0,58.0,42.62,103.0,Low,,,Low
ANANTAPUR,20.54722222,77.25555556,7.3,763.0,496.0,,359.0,92.0,32.0,39.0,Low,,,Low
ANANTAPUR,20.54722222,77.25555556,7.8,720.0,0.0,,290.7,79.71912,21.8736,38.46325,Low,,,Low
ANANTAPUR,20.54722222,77.25555556,7.5,885.0,631.8,,163.2,28.61712,21.8736,37.2225,Medium,Medium,,Medium
WEST GODAVARI,16.70805556,81.54833333,7.8,2110.0,0.0,,580.0,140.0,56.09,269.0,Medium,Medium,,Medium
WEST GODAVARI,16.70805556,81.54833333,7.9,830.0,2837.0,,185.0,40.0,20.71,32.0,High,Medium,High,High
GUNTUR,16.2875,80.25555556,7.62,2182.0,1353.0,,590.0,104.0,80.0,326.0,High,Medium,High,High
GUNTUR,16.2875,80.25555556,7.38,2440.0,0.0,,700.0,176.0,63.43,432.0,Medium,Medium,,Medium
GUNTUR,16.2875,80.25555556,7.47,2524.0,2684.0,,725.0,158.0,80.43,429.0,High,Medium,High,High
GUNTUR,16.49722222,80.145,7.88,4600.0,2976.0,,540.0,48.0,102.0,596.0,High,Medium,High,High
GUNTUR,16.49722222,80.145,7.54,4797.0,0.0,,920.0,96.0,165.45,737.0,High,Medium,High,High
GUNTUR,16.49722222,80.145,7.6,5395.0,1087.0,,795.0,142.0,107.15,872.0,High,Medium,High,High
EAST GODAVARI,17.11111111,82.2625,8.05,1930.0,1264.0,,430.0,114.0,35.0,184.0,High,Medium,High,High
EAST GODAVARI,17.11111111,82.2625,7.91,1540.0,0.0,,290.0,56.0,36.54,142.0,Medium,Medium,,Medium
EAST GODAVARI,17.11111111,82.2625,7.5,2150.0,1066.0,,640.0,148.0,65.83,340.0,High,Medium,High,High
VISAKHAPATNAM,17.71527778,83.33194444,8.11,740.0,450.0,,200.0,30.0,30.0,60.0,Low,,,Low
VISAKHAPATNAM,17.71527778,83.33194444,7.71,838.0,0.0,,305.0,68.0,32.91,78.0,Low,,,Low
EAST GODAVARI,16.40833333,81.79444444,7.88,550.0,0.0,,235.0,58.0,21.95,57.0,Low,,,Low
KURNOOL,15.85416667,77.12083333,7.7,873.0,0.0,,410.0,100.0,39.0,89.0,Low,,,Low
KURNOOL,15.85416667,77.12083333,6.93,4330.0,2859.0,,1760.0,393.0,189.51,822.0,High,Medium,High,High
NELLORE,14.43333333,80.0,7.7,2090.0,1255.0,,580.0,60.0,105.0,284.0,High,Medium,High,High
NELLORE,14.43333333,80.0,7.31,2148.0,0.0,,510.0,132.0,43.92,188.0,Medium,Medium,,Medium
WEST GODAVARI,16.5675,81.72805556,8.5,1785.0,1011.0,,295.0,46.0,44.0,184.0,High,Medium,High,High
WEST GODAVARI,17.26527778,81.31861111,7.48,1408.0,860.0,,310.0,60.0,39.0,124.0,Medium,Medium,,Medium
WEST GODAVARI,17.25277778,81.31944444,7.83,1778.0,0.0,,500.0,136.0,39.07,160.0,Medium,Medium,,Medium
EAST GODAVARI,17.42861111,82.52555556,7.82,1050.0,632.0,,360.0,64.0,49.0,142.0,Medium,Medium,,Medium
KRISHNA,16.42833333,81.06472222,7.94,3180.0,1907.0,,620.0,120.0,78.0,596.0,High,Medium,High,High
KRISHNA,16.42833333,81.06472222,8.03,4618.0,2869.0,,820.0,184.0,87.75,730.0,High,Medium,High,High
SRIKAKULAM,18.34166667,83.75833333,8.23,907.0,553.0,,120.0,18.0,18.0,142.0,Medium,Medium,,Medium
SRIKAKULAM,18.34166667,83.75833333,7.52,1109.0,0.0,,265.0,54.0,31.67,131.0,Low,,,Low
GUNTUR,16.40444444,80.40194444,7.54,2695.0,1781.0,,230.0,24.0,41.0,234.0,High,Medium,High,High
GUNTUR,16.40444444,80.40194444,7.71,2692.0,0.0,,400.0,68.0,56.0,284.0,Medium,Medium,,Medium
GUNTUR,16.40444444,80.40194444,7.8,2757.0,356.0,,460.0,94.0,54.82,269.0,Medium,Medium,,Medium
GUNTUR,16.07777778,80.55555556,7.94,2319.0,1404.0,,430.0,48.0,75.0,262.0,High,Medium,High,High
GUNTUR,16.07777778,80.55555556,7.55,2593.0,0.0,,480.0,56.0,82.73,298.0,Medium,Medium,,Medium
ANANTAPUR,14.62666667,77.69916667,7.47,3180.0,0.0,,1310.0,289.0,143.19,454.0,High,Medium,High,High
ANANTAPUR,21.20833333,77.07916667,7.3,539.0,350.0,,264.0,46.0,36.0,98.0,Low,,,Low
ANANTAPUR,21.20833333,77.07916667,7.8,660.0,0.0,,219.3,49.05792,23.0888,11.16675,Low,,,Low
WEST GODAVARI,17.01305556,81.41416667,7.4,1078.0,0.0,,370.0,122.0,15.95,142.0,Low,,,Low
WEST GODAVARI,17.01305556,81.41416667,7.6,1210.0,714.0,,530.0,152.0,36.65,121.0,Medium,Medium,,Medium
VISAKHAPATNAM,17.80166667,83.35916667,8.3,980.0,549.0,,385.0,42.0,68.0,74.0,Medium,Medium,,Medium
GUNTUR,16.14666667,79.82,8.14,1450.0,907.0,,90.0,16.0,12.0,106.0,Medium,Medium,,Medium
GUNTUR,16.14666667,79.82,7.3,1469.0,0.0,,510.0,120.0,51.2,195.0,Low,,,Low
WEST GODAVARI,17.0725,81.25805556,7.76,148.0,83.0,,55.0,14.0,5.0,7.0,Low,,,Low
ANANTAPUR,18.69166667,72.99166667,7.6,894.0,581.0,,284.0,54.0,36.0,113.0,Medium,Medium,,Medium
ANANTAPUR,18.69166667,72.99166667,8.1,805.0,0.0,,265.2,53.14608,31.5952,55.83375,Low,,,Low
WEST GODAVARI,17.02666667,81.02833333,8.08,2040.0,1111.0,,600.0,68.0,105.0,269.0,High,Medium,High,High
GUNTUR,16.16666667,80.33333333,7.46,9300.0,5517.0,,2600.0,460.0,353.0,1914.0,High,Medium,High,High
GUNTUR,16.16666667,80.33333333,7.46,10170.0,0.0,,3300.0,421.0,546.95,2552.0,High,Medium,High,High
GUNTUR,16.16666667,80.33333333,7.42,9949.0,1294.0,,2525.0,375.0,386.43,2198.0,High,Medium,High,High
VISAKHAPATNAM,17.48333333,83.00416667,8.34,2410.0,1478.0,,550.0,148.0,44.0,284.0,High,Medium,High,High
VISAKHAPATNAM,17.48333333,83.00416667,7.86,1941.0,0.0,,505.0,132.0,42.71,259.0,Medium,Medium,,Medium
CUDDAPAH,14.075,78.94444444,8.02,310.0,0.0,,100.0,34.0,3.69,7.0,Low,,,Low
CUDDAPAH,14.075,78.94444444,8.2,260.0,410.0,,35.0,12.0,1.23,14.0,Low,,,Low
CUDDAPAH,14.84555556,78.59805556,7.1,3970.0,2329.0,,800.0,216.0,63.0,865.0,High,Medium,High,High
CUDDAPAH,14.84555556,78.59805556,7.33,2265.0,0.0,,560.0,136.0,53.65,447.0,Medium,Medium,,Medium
CUDDAPAH,14.84805556,78.6825,7.26,3440.0,551.0,,850.0,200.0,85.34,752.0,High,Medium,High,High
CHITTOOR,13.36,78.57666667,7.32,2148.0,1288.0,,690.0,184.0,56.0,454.0,High,Medium,High,High
GUNTUR,16.05694444,80.6975,7.7,2090.0,1276.0,,530.0,164.0,29.0,277.0,High,Medium,High,High
GUNTUR,16.05694444,80.6975,7.53,1644.0,0.0,,430.0,116.0,34.18,248.0,Medium,Medium,,Medium
GUNTUR,16.05694444,80.6975,7.65,2310.0,806.0,,620.0,136.0,68.24,255.0,Medium,Medium,,Medium
ANANTAPUR,29.03333333,74.28333333,7.74,2970.0,1930.5,,1650.0,448.0,129.0,142.0,High,Medium,High,High
ANANTAPUR,29.03333333,74.28333333,7.3,4100.0,2665.0,,1290.0,256.0,158.08,581.0,High,Medium,High,High
ANANTAPUR,29.03333333,74.28333333,7.65,4100.0,2178.0,,1315.0,271.0,155.33,591.0,High,Medium,High,High
ANANTAPUR,29.03333333,74.28333333,8.38,1550.0,1007.5,,90.0,14.0,13.376,43.0,High,Medium,High,High
ANANTAPUR,20.05361111,74.36805556,7.9,602.0,391.0,,169.0,30.0,23.0,36.0,Low,,,Low
ANANTAPUR,20.05361111,74.36805556,7.5,3853.0,0.0,,1183.2,155.35008,189.5712,715.9127,High,Medium,High,High
ANANTAPUR,20.05361111,74.36805556,7.8,4444.0,633.75,,958.8,224.8488,94.7856,717.1535,High,Medium,High,High
VISAKHAPATNAM,17.50833333,82.66666667,7.91,980.0,618.0,,275.0,64.0,28.0,82.0,Medium,Medium,,Medium
VISAKHAPATNAM,17.50833333,82.66666667,7.65,1100.0,0.0,,350.0,82.0,35.35,117.0,Low,,,Low
CHITTOOR,13.20666667,79.10166667,7.74,2320.0,1439.0,,530.0,70.0,86.0,355.0,High,Medium,High,High
CHITTOOR,13.20666667,79.10166667,7.65,540.0,0.0,,150.0,48.0,7.35,43.0,Low,,,Low
SRIKAKULAM,18.21527778,83.72083333,7.9,900.0,511.0,,295.0,62.0,34.0,156.0,Medium,Medium,,Medium
SRIKAKULAM,18.21527778,83.72083333,7.41,903.0,0.0,,315.0,70.0,34.12,174.0,Low,,,Low
EAST GODAVARI,17.65916667,81.95111111,8.2,640.0,385.0,,225.0,52.0,23.0,82.0,Low,,,Low
EAST GODAVARI,17.65916667,81.95111111,7.6,630.0,0.0,,280.0,66.0,28.04,78.0,Low,,,Low
EAST GODAVARI,17.65916667,81.95111111,7.68,420.0,1754.0,,180.0,36.0,21.93,14.0,High,Medium,High,High
WEST GODAVARI,16.775,81.42361111,8.44,3260.0,2178.0,,420.0,88.0,49.0,411.0,High,Medium,High,High
WEST GODAVARI,16.775,81.42361111,7.7,2657.0,0.0,,410.0,56.0,65.71,404.0,Medium,Medium,,Medium
ANANTAPUR,19.71666667,74.48333333,7.9,1959.0,0.0,,724.2,81.7632,123.9504,239.46475,Medium,Medium,,Medium
ANANTAPUR,19.71666667,74.48333333,8.2,2684.0,210.6,,331.5,156.55,42.51285,459.0775,Medium,Medium,,Medium
ANANTAPUR,19.38888889,74.65833333,8.0,3669.0,0.0,,1565.7,96.07176,315.952,177.42725,High,Medium,High,High
ANANTAPUR,19.38888889,74.65833333,8.1,2886.0,917.8,,306.0,106.05,48.58785,473.9665,Medium,Medium,,Medium
EAST GODAVARI,17.0,81.78055556,7.94,680.0,403.0,,185.0,40.0,21.0,82.0,Low,,,Low
KURNOOL,15.43694444,77.47361111,7.54,581.0,0.0,,250.0,74.0,15.89,21.0,Low,,,Low
KURNOOL,15.43694444,77.47361111,7.9,700.0,821.0,,260.0,78.0,15.9,64.0,Medium,Medium,,Medium
SRIKAKULAM,18.44166667,83.66666667,8.24,800.0,474.0,,220.0,26.0,38.0,128.0,Low,,,Low
SRIKAKULAM,18.44166667,83.66666667,7.69,978.0,0.0,,340.0,86.0,30.5,117.0,Low,,,Low
EAST GODAVARI,17.07916667,81.90416667,7.9,1110.0,632.0,,240.0,40.0,34.0,121.0,Medium,Medium,,Medium
ANANTAPUR,20.17111111,74.62611111,7.8,3413.0,2218.0,,1693.0,513.0,101.0,424.0,High,Medium,High,High
ANANTAPUR,20.17111111,74.62611111,7.6,2165.0,0.0,,790.5,38.83752,165.2672,172.46425,Medium,Medium,,Medium
EAST GODAVARI,17.55,82.23333333,7.91,600.0,334.0,,185.0,30.0,27.0,35.0,Low,,,Low
EAST GODAVARI,17.05805556,81.80444444,7.68,1200.0,684.0,,350.0,92.0,29.0,149.0,Medium,Medium,,Medium
EAST GODAVARI,17.05805556,81.80444444,7.47,2040.0,1124.0,,600.0,112.0,77.94,312.0,High,Medium,High,High
EAST GODAVARI,16.99166667,81.77777778,7.8,1130.0,635.0,,330.0,44.0,54.0,163.0,Medium,Medium,,Medium
EAST GODAVARI,16.99166667,81.77777778,7.4,1320.0,0.0,,400.0,92.0,41.44,170.0,Low,,,Low
CHITTOOR,13.78333333,79.58333333,7.74,980.0,0.0,,430.0,96.0,46.31,113.0,Low,,,Low
PRAKASAM,16.03333333,79.44166667,7.41,818.0,0.0,,280.0,78.0,20.76,85.0,Low,,,Low
PRAKASAM,16.03333333,79.44166667,7.45,1293.0,1263.0,,400.0,144.0,9.9,113.0,High,Medium,High,High
ANANTAPUR,19.525,73.925,7.9,695.0,0.0,,311.1,40.8816,49.8232,28.53725,Low,,,Low
ANANTAPUR,19.525,73.925,7.9,780.0,1875.9,,163.2,60.6,24.9318,57.0745,High,Medium,High,High
ANANTAPUR,19.35555556,75.31666667,7.9,1062.0,0.0,,453.9,104.24808,46.1776,107.94525,Low,,,Low
ANANTAPUR,19.35555556,75.31666667,8.1,795.0,596.7,,137.7,70.7,16.281,74.445,Medium,Medium,,Medium
EAST GODAVARI,16.77972222,81.80305556,7.97,1710.0,800.0,,345.0,68.0,42.63,227.0,Medium,Medium,,Medium
VIZIANAGARAM,18.48333333,83.325,7.43,972.0,532.0,,290.0,40.0,46.0,113.0,Medium,Medium,,Medium
VIZIANAGARAM,18.48333333,83.325,7.84,1220.0,0.0,,350.0,48.0,55.98,142.0,Low,,,Low
VIZIANAGARAM,18.48333333,83.325,7.76,1460.0,557.0,,470.0,64.0,75.45,195.0,Medium,Medium,,Medium
SRIKAKULAM,18.5,84.08333333,7.91,332.0,216.0,,155.0,34.0,17.0,18.0,Low,,,Low
SRIKAKULAM,18.5,84.08333333,7.61,530.0,0.0,,190.0,58.0,11.01,39.0,Low,,,Low
CHITTOOR,13.36666667,78.42666667,7.63,1790.0,0.0,,485.0,136.0,35.42,316.0,Medium,Medium,,Medium
NELLORE,14.63888889,80.14333333,7.13,4985.0,279.0,,975.0,287.0,62.96,1205.0,High,Medium,High,High
KRISHNA,16.87166667,80.63888889,8.3,2620.0,1456.0,,500.0,60.0,85.0,291.0,High,Medium,High,High
KRISHNA,16.87166667,80.63888889,7.5,2803.0,0.0,,790.0,108.0,126.56,390.0,Medium,Medium,,Medium
KRISHNA,16.87166667,80.63888889,8.1,1934.0,2374.0,,400.0,76.0,51.15,188.0,High,Medium,High,High
EAST GODAVARI,17.43333333,81.78333333,7.94,840.0,497.0,,295.0,54.0,39.0,78.0,Low,,,Low
ANANTAPUR,29.25,74.83333333,7.86,280.0,182.0,,120.0,40.0,4.91,14.0,Low,,,Low
ANANTAPUR,29.25,74.83333333,8.0,8300.0,1300.0,,2160.0,600.0,161.2,1450.0,High,Medium,High,High
ANANTAPUR,29.25,74.83333333,7.75,940.0,611.0,,370.0,82.0,40.128,98.0,Medium,Medium,,Medium
ANANTAPUR,17.18666667,80.50861111,8.04,1600.0,932.0,,590.0,110.0,77.0,181.0,Medium,Medium,,Medium
ANANTAPUR,17.18666667,80.50861111,7.96,1482.0,0.0,,340.0,36.0,60.83,124.0,Low,,,Low
VISAKHAPATNAM,18.21222222,82.78,7.91,120.0,76.0,,50.0,11.0,5.0,11.0,Low,,,Low
VISAKHAPATNAM,18.21222222,82.78,7.79,146.0,0.0,,55.0,12.0,6.09,14.0,Low,,,Low
NELLORE,14.195,79.535,6.96,1940.0,0.0,,755.0,182.0,73.16,301.0,Medium,Medium,,Medium
ANANTAPUR,18.43333333,74.93333333,7.7,1415.0,0.0,,550.8,67.45464,91.14,212.16824,Low,,,Low
ANANTAPUR,18.43333333,74.93333333,8.0,1152.0,377.0,,178.5,80.8,23.7411,96.7785,Low,,,Low
KURNOOL,15.36666667,77.16666667,7.65,1960.0,1205.0,,680.0,172.0,61.0,291.0,High,Medium,High,High
GUNTUR,16.41805556,80.34861111,7.51,875.0,542.0,,220.0,48.0,24.0,64.0,Medium,Medium,,Medium
GUNTUR,16.41805556,80.34861111,7.74,646.0,0.0,,225.0,48.0,25.59,67.0,Low,,,Low
GUNTUR,16.41805556,80.34861111,7.89,622.0,2025.0,,175.0,46.0,14.64,60.0,High,Medium,High,High
ANANTAPUR,29.25277778,74.41388889,7.73,18720.0,12168.0,,3950.0,556.0,623.0,3085.0,High,Medium,High,High
ANANTAPUR,29.25277778,74.41388889,7.5,430.0,279.5,,140.0,20.0,21.89,21.0,Low,,,Low
ANANTAPUR,29.25277778,74.41388889,7.91,310.0,201.5,,130.0,32.0,12.2,35.0,Low,,,Low
ANANTAPUR,29.25277778,74.41388889,8.09,310.0,5395.0,,150.0,47.0,7.96,45.0,High,Medium,High,High
ANANTAPUR,29.25277778,74.41388889,7.04,720.0,468.0,,170.0,34.0,20.672,77.0,Low,,,Low
ANANTAPUR,14.7,76.85,7.46,1560.0,1015.0,,285.0,104.0,6.0,202.0,High,Medium,High,High
ANANTAPUR,14.7,76.85,8.0,1590.0,0.0,,505.0,110.0,56.05,269.0,Medium,Medium,,Medium
ANANTAPUR,14.7,76.85,7.74,1660.0,1183.0,,440.0,148.0,17.2,206.0,High,Medium,High,High
ANANTAPUR,14.70277778,76.85555556,6.66,312.0,0.0,,115.0,38.0,4.91,35.0,Low,,,Low
VISAKHAPATNAM,17.45833333,82.85,7.95,2980.0,1820.0,,430.0,72.0,61.0,447.0,High,Medium,High,High
VISAKHAPATNAM,17.45833333,82.85,7.85,2631.0,0.0,,410.0,80.0,51.15,525.0,Medium,Medium,,Medium
VISAKHAPATNAM,17.45833333,82.85,8.28,2020.0,79.0,,460.0,70.0,69.38,397.0,Medium,Medium,,Medium
EAST GODAVARI,16.46,81.84166667,7.53,1170.0,692.0,,315.0,100.0,16.0,156.0,Medium,Medium,,Medium
EAST GODAVARI,16.45972222,81.84138889,7.7,420.0,0.0,,200.0,48.0,19.51,11.0,Low,,,Low
WEST GODAVARI,17.12222222,81.01805556,7.25,750.0,667.0,,335.0,83.0,31.1,48.0,Medium,Medium,,Medium
ANANTAPUR,14.69166667,77.65833333,7.2,610.0,0.0,,245.0,54.0,26.81,35.0,Low,,,Low
WEST GODAVARI,16.70416667,81.64638889,8.0,1472.0,952.0,,280.0,58.0,33.0,135.0,Medium,Medium,,Medium
GUNTUR,16.55166667,79.54944444,7.61,1821.0,1146.0,,290.0,64.0,32.0,145.0,High,Medium,High,High
GUNTUR,16.55166667,79.54944444,7.67,2115.0,0.0,,460.0,128.0,34.19,284.0,Medium,Medium,,Medium
GUNTUR,16.55166667,79.54944444,7.78,2092.0,461.0,,400.0,120.0,24.46,220.0,Medium,Medium,,Medium
GUNTUR,16.47,80.13833333,7.72,1450.0,963.0,,395.0,92.0,40.0,128.0,Medium,Medium,,Medium
GUNTUR,16.47,80.13833333,7.48,1934.0,0.0,,600.0,156.0,51.25,216.0,Medium,Medium,,Medium
GUNTUR,16.47,80.13833333,7.55,1785.0,1210.0,,580.0,144.0,53.66,199.0,High,Medium,High,High
GUNTUR,16.02333333,80.84444444,8.01,1150.0,672.0,,260.0,56.0,29.0,142.0,Medium,Medium,,Medium
GUNTUR,16.02333333,80.84444444,7.46,2386.0,0.0,,680.0,164.0,65.84,383.0,Medium,Medium,,Medium
GUNTUR,16.02333333,80.84444444,7.5,2984.0,1325.0,,700.0,160.0,73.13,539.0,High,Medium,High,High
EAST GODAVARI,16.95555556,82.18944444,7.84,750.0,771.0,,175.0,42.0,17.07,39.0,Medium,Medium,,Medium
VISAKHAPATNAM,17.39722222,82.81666667,8.14,3290.0,2118.0,,740.0,172.0,75.0,482.0,High,Medium,High,High
VISAKHAPATNAM,17.39722222,82.81666667,7.69,2743.0,0.0,,580.0,128.0,63.37,638.0,Medium,Medium,,Medium
VISAKHAPATNAM,17.79194444,83.385,7.7,4330.0,2623.0,,860.0,112.0,141.0,865.0,High,Medium,High,High
VISAKHAPATNAM,17.79194444,83.385,7.69,1903.0,0.0,,385.0,96.0,35.37,319.0,Medium,Medium,,Medium
ANANTAPUR,13.85,77.1,7.57,1488.0,0.0,,510.0,84.0,73.04,220.0,Low,,,Low
ANANTAPUR,13.83916667,77.10388889,7.55,864.0,0.0,,220.0,58.0,18.31,82.0,Low,,,Low
ANANTAPUR,13.83916667,77.10388889,7.85,1350.0,1523.0,,420.0,64.0,63.29,149.0,High,Medium,High,High
VISAKHAPATNAM,17.7,82.66666667,8.16,1310.0,794.0,,195.0,36.0,26.0,110.0,Medium,Medium,,Medium
VISAKHAPATNAM,17.7,82.66666667,7.92,1243.0,0.0,,220.0,44.0,26.8,121.0,Low,,,Low
GUNTUR,16.22361111,79.90916667,7.83,3060.0,1828.0,,470.0,76.0,68.0,468.0,High,Medium,High,High
GUNTUR,16.22361111,79.90916667,7.45,4247.0,0.0,,980.0,176.0,131.5,666.0,High,Medium,High,High
GUNTUR,16.22361111,79.90916667,7.48,4892.0,1631.0,,940.0,172.0,124.21,762.0,High,Medium,High,High
EAST GODAVARI,17.37611111,82.36805556,7.66,560.0,447.0,,240.0,60.0,21.95,50.0,Low,,,Low
KURNOOL,15.85,78.47083333,7.88,1320.0,799.0,,310.0,82.0,26.0,163.0,Medium,Medium,,Medium
KURNOOL,15.85027778,78.47083333,7.65,1156.0,0.0,,310.0,72.0,31.69,82.0,Low,,,Low
KURNOOL,15.85027778,78.47083333,8.04,950.0,779.0,,215.0,68.0,11.02,85.0,Medium,Medium,,Medium
ANANTAPUR,21.17138889,75.62916667,7.7,1502.0,976.0,,598.0,90.0,91.0,167.0,Medium,Medium,,Medium
ANANTAPUR,21.17138889,75.62916667,7.6,1382.0,0.0,,494.7,67.45464,77.7728,50.87075,Low,,,Low
SRIKAKULAM,18.29166667,83.98333333,8.2,606.0,359.0,,170.0,14.0,33.0,50.0,Low,,,Low
SRIKAKULAM,18.29166667,83.98333333,7.74,865.0,0.0,,315.0,46.0,48.68,53.0,Low,,,Low
VIZIANAGARAM,18.52361111,83.20833333,7.34,735.0,406.0,,225.0,38.0,32.0,71.0,Low,,,Low
VIZIANAGARAM,18.52361111,83.20833333,7.94,1083.0,0.0,,300.0,50.0,42.61,82.0,Low,,,Low
EAST GODAVARI,17.05416667,82.17916667,7.7,1160.0,661.0,,325.0,64.0,40.0,184.0,Medium,Medium,,Medium
EAST GODAVARI,17.04527778,82.16444444,7.83,1180.0,560.0,,250.0,72.0,17.11,163.0,Medium,Medium,,Medium
ANANTAPUR,19.56666667,74.22083333,8.1,1696.0,0.0,,688.5,51.102,133.672,130.27875,Medium,Medium,,Medium
ANANTAPUR,19.56666667,74.22083333,8.2,1412.0,639.6,,239.7,65.65,42.29415,94.297,Medium,Medium,,Medium
ANANTAPUR,21.18,75.74805556,7.9,1114.0,724.0,,423.0,66.0,63.0,67.0,Medium,Medium,,Medium
ANANTAPUR,21.18,75.74805556,8.1,921.0,0.0,,392.7,91.9836,38.8864,55.83375,Low,,,Low
ANANTAPUR,21.18,75.74805556,8.1,1207.0,261.625,,290.0,36.0,48.608,155.98,Low,,,Low
CUDDAPAH,14.11666667,78.95,7.51,2020.0,1176.0,,520.0,136.0,44.0,312.0,High,Medium,High,High
CUDDAPAH,14.11666667,78.95,7.75,994.0,0.0,,275.0,62.0,29.25,103.0,Low,,,Low
CUDDAPAH,14.11666667,78.95,7.78,820.0,585.0,,243.0,50.0,28.75,71.0,Medium,Medium,,Medium
ANANTAPUR,28.675,76.84166667,8.48,768.0,0.0,,250.0,24.0,71.0,43.0,Low,,,Low
ANANTAPUR,28.675,76.84166667,7.7,5910.0,3841.5,,440.0,48.0,77.824,1205.3,High,Medium,High,High
KURNOOL,15.63333333,78.44166667,7.23,1520.0,882.0,,420.0,104.0,39.0,277.0,Medium,Medium,,Medium
KURNOOL,15.63333333,78.44166667,7.93,1900.0,0.0,,480.0,84.0,65.75,291.0,Medium,Medium,,Medium
KURNOOL,15.63333333,78.44166667,7.72,2280.0,1548.0,,430.0,120.0,31.75,312.0,High,Medium,High,High
PRAKASAM,16.13333333,79.91666667,8.52,4760.0,2908.0,,140.0,32.0,15.0,666.0,High,Medium,High,High
PRAKASAM,16.13333333,79.91666667,6.99,4644.0,0.0,,280.0,24.0,53.52,737.0,High,Medium,High,High
PRAKASAM,15.50416667,80.05611111,8.05,1070.0,616.0,,200.0,38.0,26.0,124.0,Medium,Medium,,Medium
PRAKASAM,15.50416667,80.05611111,7.52,1053.0,0.0,,270.0,60.0,29.25,131.0,Low,,,Low
PRAKASAM,15.50416667,80.05611111,7.5,1080.0,782.0,,230.0,58.0,20.74,110.0,Medium,Medium,,Medium
EAST GODAVARI,16.95,82.23,8.1,3700.0,2242.0,,720.0,128.0,97.0,581.0,High,Medium,High,High
EAST GODAVARI,16.95,82.23,8.18,700.0,1682.0,,220.0,64.0,14.67,50.0,High,Medium,High,High
GUNTUR,16.25416667,79.9125,7.6,875.0,0.0,,260.0,56.0,29.24,89.0,Low,,,Low
GUNTUR,16.25416667,79.9125,7.67,3350.0,1209.0,,680.0,144.0,77.98,482.0,High,Medium,High,High
VISAKHAPATNAM,18.325,82.82638889,7.75,270.0,156.0,,105.0,24.0,11.0,21.0,Low,,,Low
VIZIANAGARAM,18.57777778,83.24305556,8.1,1130.0,669.0,,305.0,12.0,67.0,82.0,Medium,Medium,,Medium
VIZIANAGARAM,18.57777778,83.24305556,7.56,1463.0,0.0,,480.0,50.0,86.37,149.0,Low,,,Low
WEST GODAVARI,16.68861111,81.46555556,8.16,1630.0,944.0,,275.0,94.0,10.0,216.0,Medium,Medium,,Medium
NELLORE,14.29055556,79.96638889,8.14,960.0,665.0,,125.0,20.0,18.0,60.0,Medium,Medium,,Medium
NELLORE,14.29055556,79.96638889,7.58,1043.0,0.0,,205.0,38.0,26.79,106.0,Low,,,Low
NELLORE,14.29055556,79.96638889,7.75,1149.0,1818.0,,202.0,60.0,12.72,113.0,High,Medium,High,High
ANANTAPUR,20.50805556,76.83305556,7.6,1254.0,0.0,,418.2,77.67504,53.4688,102.98225,Low,,,Low
ANANTAPUR,20.50805556,76.83305556,7.5,1353.0,588.9,,219.3,26.57304,36.456,96.7785,Medium,Medium,,Medium
GUNTUR,16.24944444,80.11527778,7.89,2900.0,1870.0,,300.0,48.0,44.0,284.0,High,Medium,High,High
GUNTUR,16.24944444,80.11527778,7.53,3137.0,0.0,,600.0,98.0,86.43,390.0,High,Medium,High,High
GUNTUR,16.24944444,80.11527778,7.76,2120.0,995.0,,350.0,40.0,60.83,312.0,Medium,Medium,,Medium
GUNTUR,16.39166667,80.1625,7.36,4437.0,0.0,,940.0,176.0,121.78,851.0,High,Medium,High,High
GUNTUR,16.40388889,80.16555556,7.6,4415.0,0.0,,1070.0,176.0,153.39,837.0,High,Medium,High,High
CHITTOOR,13.42833333,79.95333333,7.54,338.0,208.0,,145.0,40.0,11.0,25.0,Low,,,Low
CHITTOOR,13.42833333,79.95333333,8.14,120.0,0.0,,35.0,10.0,2.44,14.0,Low,,,Low
CHITTOOR,13.42833333,79.95333333,7.7,560.0,477.0,,220.0,60.0,17.09,50.0,Low,,,Low
ANANTAPUR,21.39166667,78.635,7.8,773.0,502.0,,364.0,62.0,51.0,49.0,Medium,Medium,,Medium
ANANTAPUR,21.39166667,78.635,7.5,824.0,0.0,,285.6,47.01384,40.1016,48.38925,Low,,,Low
VIZIANAGARAM,18.10833333,83.16666667,9.1,2456.0,1371.0,,160.0,6.0,35.0,489.0,High,Medium,High,High
GUNTUR,16.3,80.63333333,8.09,1059.0,708.0,,125.0,22.0,17.0,78.0,Medium,Medium,,Medium
GUNTUR,16.3,80.63333333,7.54,3122.0,0.0,,610.0,128.0,70.66,468.0,High,Medium,High,High
EAST GODAVARI,17.46027778,81.67388889,8.0,550.0,604.0,,220.0,40.0,29.22,25.0,Medium,Medium,,Medium
ANANTAPUR,19.08888889,74.82138889,8.1,681.0,0.0,,229.5,57.23424,20.6584,40.94475,Low,,,Low
ANANTAPUR,19.38194444,74.86416667,8.3,821.0,484.25,,51.0,25.25,6.25725,24.815,Low,,,Low
CHITTOOR,13.17083333,78.9875,7.56,1384.0,850.0,,495.0,122.0,46.0,167.0,Medium,Medium,,Medium
CHITTOOR,13.17083333,78.9875,7.8,1000.0,0.0,,410.0,88.0,46.3,78.0,Low,,,Low
CHITTOOR,13.17083333,78.9875,7.92,1100.0,1269.0,,460.0,112.0,43.9,60.0,High,Medium,High,High
NELLORE,14.43,79.76166667,8.1,887.0,571.0,,155.0,18.0,27.0,50.0,Medium,Medium,,Medium
NELLORE,14.43,79.76166667,7.72,815.0,0.0,,250.0,36.0,38.94,78.0,Low,,,Low
ANANTAPUR,17.39722222,78.4625,8.12,635.0,394.0,,120.0,22.0,16.0,67.0,Low,,,Low
ANANTAPUR,17.39722222,78.4625,7.73,1360.0,0.0,,500.0,108.0,56.05,128.0,Low,,,Low
ANANTAPUR,20.65,75.60416667,8.0,1081.0,703.0,,309.0,58.0,40.0,87.0,Medium,Medium,,Medium
ANANTAPUR,20.69166667,75.8125,7.8,948.0,616.0,,408.0,82.0,50.0,85.0,Medium,Medium,,Medium
ANANTAPUR,20.69166667,75.8125,7.7,885.0,0.0,,326.4,47.01384,49.8232,68.24125,Low,,,Low
ANANTAPUR,20.69166667,75.8125,7.8,601.0,934.115,,280.0,72.0,24.304,67.355,Medium,Medium,,Medium
ANANTAPUR,19.55,75.1125,7.7,1166.0,0.0,,448.8,94.02768,51.0384,117.87125,Low,,,Low
ANANTAPUR,19.55,75.1125,8.0,1818.0,1231.75,,326.4,166.65,38.81925,218.372,High,Medium,High,High
ANANTAPUR,18.81666667,74.36666667,8.6,1710.0,1112.0,,777.0,116.0,119.0,242.0,High,Medium,High,High
ANANTAPUR,18.81666667,74.36666667,7.9,2182.0,0.0,,877.2,61.3224,172.5584,289.09476,Medium,Medium,,Medium
ANANTAPUR,18.61666667,74.71666667,7.7,1853.0,0.0,,831.3,91.9836,143.3936,207.20525,Medium,Medium,,Medium
ANANTAPUR,18.61666667,74.71666667,8.0,2162.0,748.8,,331.5,217.15,27.78705,292.817,Medium,Medium,,Medium
KRISHNA,16.41111111,81.15083333,8.0,6220.0,3838.0,,970.0,220.0,102.0,1219.0,High,Medium,High,High
KRISHNA,16.41111111,81.15083333,7.46,4990.0,0.0,,1480.0,257.0,203.94,1092.0,High,Medium,High,High
GUNTUR,16.30277778,79.32916667,7.55,3900.0,2488.0,,550.0,116.0,63.0,539.0,High,Medium,High,High
GUNTUR,16.30277778,79.32916667,7.3,4850.0,0.0,,1200.0,204.0,168.01,794.0,High,Medium,High,High
ANANTAPUR,21.36666667,79.4,8.0,567.0,369.0,,209.0,76.0,5.0,51.0,Low,,,Low
ANANTAPUR,21.36666667,79.4,7.3,502.0,0.0,,198.9,34.74936,26.7344,16.12975,Low,,,Low
ANANTAPUR,21.36666667,79.4,7.8,464.0,503.1,,147.9,32.70528,15.7976,14.889,Medium,Medium,,Medium
ANANTAPUR,21.36666667,79.4,8.05,570.0,382.0,,270.0,56.0,32.0,85.0,Low,,,Low
ANANTAPUR,20.93944444,75.06111111,7.9,814.0,0.0,,336.6,65.41056,41.3168,53.35225,Low,,,Low
SRIKAKULAM,18.69166667,83.825,7.92,2008.0,1192.0,,480.0,84.0,66.0,475.0,High,Medium,High,High
SRIKAKULAM,18.69166667,83.825,7.29,2142.0,0.0,,645.0,172.0,52.48,369.0,Medium,Medium,,Medium
EAST GODAVARI,17.35,81.83333333,7.82,160.0,89.0,,70.0,14.0,9.0,14.0,Low,,,Low
EAST GODAVARI,17.35,81.83333333,7.66,860.0,481.0,,335.0,40.0,57.18,50.0,Low,,,Low
ANANTAPUR,21.4,79.47083333,7.9,790.0,0.0,,234.6,42.92568,30.38,33.50025,Low,,,Low
ANANTAPUR,21.4,79.47083333,8.0,681.0,532.35,,219.3,44.96976,25.5192,44.667,Medium,Medium,,Medium
ANANTAPUR,21.4,79.47083333,7.73,1101.0,737.67,,390.312,88.176,41.344,191.43,Medium,Medium,,Medium
VIZIANAGARAM,18.11666667,83.13333333,7.9,915.0,544.0,,245.0,36.0,38.0,60.0,Medium,Medium,,Medium
VIZIANAGARAM,18.11666667,83.13333333,7.5,1168.0,0.0,,265.0,72.0,20.75,138.0,Low,,,Low
SRIKAKULAM,18.93472222,84.59861111,7.99,2829.0,1724.0,,730.0,136.0,95.0,681.0,High,Medium,High,High
SRIKAKULAM,18.93472222,84.59861111,7.05,3448.0,0.0,,1010.0,216.0,114.53,759.0,High,Medium,High,High
ANANTAPUR,19.39583333,74.82083333,8.1,459.0,0.0,,198.9,49.05792,18.228,16.12975,Low,,,Low
ANANTAPUR,19.39583333,74.82083333,7.9,502.0,1181.7,,117.3,45.45,17.45955,34.741,High,Medium,High,High
ANANTAPUR,,,7.4,122.0,60.7,,45.0,14.0,2.4,12.5,Low,,,Low
CHITTOOR,13.7525,79.70277778,7.8,930.0,552.0,,310.0,94.0,18.0,103.0,Medium,Medium,,Medium
SRIKAKULAM,18.27083333,84.00833333,8.06,846.0,515.0,,170.0,22.0,28.0,145.0,Medium,Medium,,Medium
SRIKAKULAM,18.27222222,84.02222222,7.6,1424.0,0.0,,435.0,92.0,49.95,191.0,Low,,,Low
CUDDAPAH,14.45916667,78.87972222,7.84,770.0,499.0,,335.0,50.0,51.12,67.0,Low,,,Low
KURNOOL,16.09166667,78.86388889,8.08,830.0,495.0,,165.0,28.0,23.0,110.0,Low,,,Low
KURNOOL,15.45833333,77.1,7.39,2708.0,0.0,,720.0,164.0,75.57,418.0,Medium,Medium,,Medium
KRISHNA,16.2,81.11666667,8.04,2560.0,1548.0,,530.0,124.0,54.0,369.0,High,Medium,High,High
KRISHNA,16.2,81.11666667,7.47,2042.0,0.0,,600.0,112.0,77.94,355.0,Medium,Medium,,Medium
SRIKAKULAM,18.73944444,84.135,7.38,1263.0,0.0,,360.0,100.0,26.87,199.0,Low,,,Low
SRIKAKULAM,18.73944444,84.135,7.02,1317.0,2286.0,,390.0,150.0,3.83,177.0,High,Medium,High,High
VISAKHAPATNAM,18.27222222,82.97222222,7.83,150.0,100.0,,65.0,15.0,7.0,7.0,Low,,,Low
VISAKHAPATNAM,18.27222222,82.97222222,7.08,240.0,1236.0,,115.0,30.0,9.76,18.0,High,Medium,High,High
EAST GODAVARI,16.73694444,82.19361111,8.12,570.0,318.0,,210.0,48.0,22.0,57.0,Low,,,Low
NELLORE,14.67666667,79.97583333,7.12,1930.0,1157.0,,390.0,44.0,68.0,312.0,High,Medium,High,High
NELLORE,14.67666667,79.97583333,7.44,1305.0,0.0,,370.0,72.0,46.28,209.0,Low,,,Low
ANANTAPUR,18.95972222,74.53888889,8.1,2360.0,1534.0,,637.0,124.0,80.0,221.0,High,Medium,High,High
ANANTAPUR,18.95972222,74.53888889,8.1,1856.0,0.0,,617.1,81.7632,98.4312,132.76025,Medium,Medium,,Medium
ANANTAPUR,18.95972222,74.53888889,8.1,1415.0,516.75,,193.8,70.7,29.9133,69.482,Medium,Medium,,Medium
WEST GODAVARI,16.80805556,81.24166667,8.0,158.0,104.0,,65.0,18.0,5.0,7.0,Low,,,Low
ANANTAPUR,20.56083333,73.63944444,7.5,359.0,1061.45,,90.27,16.35264,11.78744,24.815,High,Medium,High,High
CHITTOOR,13.67333333,79.32833333,7.3,1030.0,597.0,,335.0,104.0,18.0,145.0,Medium,Medium,,Medium
CHITTOOR,13.67333333,79.32833333,7.81,1480.0,0.0,,395.0,78.0,48.72,160.0,Low,,,Low
CHITTOOR,13.67333333,79.32833333,7.74,850.0,904.0,,285.0,50.0,38.96,110.0,Medium,Medium,,Medium
KRISHNA,16.35416667,80.87611111,8.38,860.0,485.0,,85.0,14.0,12.0,74.0,Low,,,Low
KRISHNA,16.35416667,80.87611111,7.98,872.0,0.0,,125.0,16.0,20.69,92.0,Low,,,Low
NELLORE,14.96666667,79.75,7.88,2160.0,1333.0,,230.0,44.0,29.0,319.0,High,Medium,High,High
NELLORE,14.96666667,79.75,7.82,3655.0,0.0,,730.0,124.0,102.27,858.0,High,Medium,High,High
NELLORE,14.96666667,79.75,7.56,3128.0,1150.0,,490.0,76.0,73.03,635.0,High,Medium,High,High
WEST GODAVARI,16.80666667,81.5375,8.1,200.0,121.0,,80.0,20.0,7.0,11.0,Low,,,Low
WEST GODAVARI,16.83333333,81.5,7.2,2120.0,631.0,,600.0,144.0,58.53,411.0,Medium,Medium,,Medium
GUNTUR,16.41638889,80.45222222,7.33,1539.0,884.0,,350.0,98.0,26.0,209.0,Medium,Medium,,Medium
GUNTUR,16.41638889,80.45222222,7.4,1320.0,0.0,,440.0,120.0,34.18,206.0,Low,,,Low
ANANTAPUR,14.90833333,78.00833333,7.44,600.0,0.0,,165.0,36.0,18.28,57.0,Low,,,Low
WEST GODAVARI,17.15,81.65,8.64,910.0,575.0,,205.0,50.0,19.0,43.0,Medium,Medium,,Medium
WEST GODAVARI,17.15138889,81.65055556,7.77,1575.0,0.0,,400.0,96.0,39.02,163.0,Medium,Medium,,Medium
ANANTAPUR,19.03333333,74.83333333,7.7,1738.0,0.0,,678.3,169.65865,60.76,147.64925,Medium,Medium,,Medium
ANANTAPUR,19.03333333,74.83333333,8.2,2554.0,876.2,,423.3,353.5,16.9614,220.8535,Medium,Medium,,Medium
ANANTAPUR,19.59611111,74.81083333,8.1,1452.0,944.0,,478.0,98.0,57.0,170.0,Medium,Medium,,Medium
ANANTAPUR,19.59611111,74.81083333,7.9,645.0,0.0,,260.1,53.14608,30.38,28.53725,Low,,,Low
ANANTAPUR,19.13916667,74.38722222,8.0,701.0,456.0,,279.0,56.0,34.0,33.0,Low,,,Low
ANANTAPUR,19.13916667,74.38722222,7.9,668.0,0.0,,224.4,36.79344,31.5952,26.05575,Low,,,Low
ANANTAPUR,19.13916667,74.38722222,8.1,720.0,1326.0,,86.7,60.6,6.3423,52.1115,High,Medium,High,High
CUDDAPAH,14.94305556,78.3125,7.46,2580.0,1728.0,,400.0,144.0,10.0,284.0,High,Medium,High,High
CUDDAPAH,14.94305556,78.3125,7.56,2159.0,0.0,,600.0,152.0,53.67,319.0,Medium,Medium,,Medium
ANANTAPUR,14.24305556,78.2625,7.67,992.0,0.0,,430.0,88.0,51.16,92.0,Low,,,Low
VISAKHAPATNAM,17.70833333,82.91666667,8.2,1750.0,1031.0,,360.0,42.0,62.0,174.0,High,Medium,High,High
VISAKHAPATNAM,17.70833333,82.91666667,8.01,1508.0,0.0,,325.0,42.0,53.54,170.0,Medium,Medium,,Medium
EAST GODAVARI,16.7825,82.07194444,7.94,1440.0,846.0,,220.0,32.0,34.0,163.0,Medium,Medium,,Medium
WEST GODAVARI,17.12694444,81.66083333,8.22,1028.0,605.0,,215.0,30.0,34.0,64.0,Medium,Medium,,Medium
WEST GODAVARI,17.12694444,81.66083333,7.6,1807.0,0.0,,525.0,152.0,35.44,138.0,Medium,Medium,,Medium
WEST GODAVARI,17.12694444,81.66083333,7.86,1000.0,355.0,,280.0,56.0,34.11,71.0,Low,,,Low
EAST GODAVARI,16.77361111,82.225,8.2,1600.0,1001.0,,320.0,96.0,19.0,156.0,High,Medium,High,High
EAST GODAVARI,16.78277778,82.23027778,7.78,2070.0,0.0,,740.0,184.0,68.3,213.0,Medium,Medium,,Medium
EAST GODAVARI,16.78277778,82.23027778,7.94,6050.0,1165.0,,450.0,140.0,24.48,1064.0,High,Medium,High,High
VISAKHAPATNAM,17.75833333,82.48194444,8.15,810.0,460.0,,210.0,34.0,30.0,57.0,Low,,,Low
ANANTAPUR,19.51666667,74.25277778,8.0,306.0,0.0,,147.9,36.79344,13.3672,21.09275,Low,,,Low
ANANTAPUR,19.51666667,74.25277778,8.1,617.0,1318.85,,91.8,45.45,11.26305,32.2595,High,Medium,High,High
EAST GODAVARI,17.25527778,82.37194444,7.63,850.0,535.0,,195.0,54.0,15.0,96.0,Medium,Medium,,Medium
EAST GODAVARI,17.25527778,82.37194444,7.91,580.0,277.0,,270.0,64.0,26.82,32.0,Low,,,Low
ANANTAPUR,13.91944444,78.19861111,7.78,1840.0,0.0,,485.0,128.0,40.27,308.0,Medium,Medium,,Medium
ANANTAPUR,13.91944444,78.19861111,7.94,2770.0,806.0,,780.0,240.0,44.06,411.0,Medium,Medium,,Medium
ANANTAPUR,14.00833333,78.025,7.6,4120.0,2769.0,,1220.0,372.0,71.0,539.0,High,Medium,High,High
ANANTAPUR,14.00833333,78.025,7.9,2140.0,0.0,,660.0,192.0,44.0,255.0,Medium,Medium,,Medium
PRAKASAM,15.34166667,80.03333333,7.86,4570.0,2787.0,,780.0,96.0,131.0,922.0,High,Medium,High,High
VIZIANAGARAM,18.5025,83.25416667,7.6,1243.0,0.0,,240.0,48.0,29.23,106.0,Low,,,Low
VIZIANAGARAM,18.16666667,83.2,8.0,498.0,279.0,,210.0,46.0,23.0,21.0,Low,,,Low
VIZIANAGARAM,18.16666667,83.2,7.57,624.0,0.0,,310.0,78.0,28.05,28.0,Low,,,Low
CHITTOOR,13.64027778,79.32833333,7.54,1660.0,997.0,,550.0,140.0,49.0,199.0,Medium,Medium,,Medium
CHITTOOR,13.64027778,79.32833333,7.68,1450.0,0.0,,550.0,150.0,42.73,177.0,Low,,,Low
SRIKAKULAM,18.61666667,84.23333333,7.67,1671.0,924.0,,565.0,146.0,49.0,383.0,Medium,Medium,,Medium
SRIKAKULAM,18.61666667,84.23333333,7.6,1474.0,0.0,,550.0,162.0,35.45,284.0,Low,,,Low
SRIKAKULAM,18.59444444,84.34861111,8.48,959.0,570.0,,150.0,22.0,23.0,152.0,Medium,Medium,,Medium
SRIKAKULAM,18.59444444,84.34861111,7.09,1331.0,1185.0,,400.0,106.0,32.95,135.0,High,Medium,High,High
EAST GODAVARI,17.30694444,82.44277778,7.21,600.0,338.0,,210.0,48.0,22.0,71.0,Low,,,Low
EAST GODAVARI,16.65638889,82.12222222,8.02,660.0,358.0,,230.0,28.0,39.0,32.0,Low,,,Low
EAST GODAVARI,16.65638889,82.12222222,7.22,1540.0,0.0,,510.0,84.0,73.04,206.0,Medium,Medium,,Medium
EAST GODAVARI,16.65638889,82.12222222,7.9,1220.0,873.0,,345.0,52.0,52.34,121.0,Medium,Medium,,Medium
SRIKAKULAM,18.55888889,84.18388889,8.1,952.0,574.0,,280.0,60.0,32.0,163.0,Medium,Medium,,Medium
SRIKAKULAM,18.55888889,84.18388889,7.35,1034.0,0.0,,380.0,120.0,19.6,156.0,Low,,,Low
KRISHNA,16.62027778,80.64027778,8.58,5130.0,2966.0,,200.0,24.0,34.0,766.0,High,Medium,High,High
GUNTUR,16.52916667,80.46694444,7.99,1270.0,844.0,,245.0,44.0,33.0,110.0,Medium,Medium,,Medium
GUNTUR,16.52916667,80.46694444,7.7,2838.0,0.0,,470.0,84.0,63.32,291.0,Medium,Medium,,Medium
GUNTUR,16.52916667,80.46694444,7.85,2400.0,1051.0,,380.0,40.0,68.13,284.0,High,Medium,High,High
SRIKAKULAM,18.60666667,83.71333333,7.34,2111.0,0.0,,640.0,160.0,58.55,376.0,Medium,Medium,,Medium
GUNTUR,16.52555556,79.79888889,7.98,981.0,613.0,,130.0,24.0,17.0,53.0,Medium,Medium,,Medium
GUNTUR,16.52555556,79.79888889,7.58,2086.0,0.0,,430.0,60.0,68.15,213.0,Medium,Medium,,Medium
GUNTUR,16.52555556,79.79888889,8.07,990.0,3861.0,,155.0,24.0,23.13,74.0,High,Medium,High,High
EAST GODAVARI,16.75305556,82.22888889,7.8,660.0,367.0,,265.0,60.0,28.0,28.0,Low,,,Low
EAST GODAVARI,16.75305556,82.22888889,7.1,930.0,0.0,,450.0,78.0,62.09,35.0,Low,,,Low
EAST GODAVARI,16.75305556,82.22888889,7.78,1400.0,3255.0,,370.0,56.0,55.99,163.0,High,Medium,High,High
CHITTOOR,13.62111111,78.7,7.7,1880.0,1027.0,,585.0,84.0,91.0,326.0,High,Medium,High,High
CHITTOOR,13.62111111,78.7,7.72,2004.0,0.0,,510.0,116.0,53.63,390.0,Medium,Medium,,Medium
KURNOOL,15.40138889,78.30833333,7.98,7063.0,4584.0,,750.0,80.0,134.0,922.0,High,Medium,High,High
GUNTUR,16.13888889,80.21111111,7.67,6672.0,0.0,,1000.0,60.0,206.73,1064.0,High,Medium,High,High
VISAKHAPATNAM,17.47777778,82.84166667,7.9,2140.0,1275.0,,420.0,80.0,54.0,298.0,High,Medium,High,High
CHITTOOR,13.69,79.355,7.48,370.0,241.0,,140.0,38.0,11.0,35.0,Low,,,Low
CHITTOOR,13.69,79.355,7.15,734.0,453.0,,245.0,78.0,12.0,92.0,Low,,,Low
CHITTOOR,13.69,79.355,7.9,230.0,0.0,,95.0,20.0,10.97,28.0,Low,,,Low
CHITTOOR,13.69,79.355,7.31,810.0,324.0,,300.0,69.0,31.08,78.0,Low,,,Low
CHITTOOR,13.63333333,79.35972222,7.75,1830.0,1061.0,,535.0,152.0,38.0,316.0,High,Medium,High,High
CHITTOOR,13.63333333,79.35972222,8.0,1300.0,0.0,,420.0,84.0,51.16,191.0,Low,,,Low
KRISHNA,17.10833333,80.60833333,7.72,2240.0,1240.0,,780.0,120.0,117.0,383.0,High,Medium,High,High
KRISHNA,17.10833333,80.60833333,7.41,2369.0,0.0,,930.0,96.0,167.88,489.0,Medium,Medium,,Medium
KRISHNA,17.10833333,80.60833333,7.54,2656.0,2473.0,,1000.0,144.0,155.78,432.0,High,Medium,High,High
KRISHNA,17.09166667,80.625,8.67,1640.0,922.0,,135.0,16.0,23.0,223.0,Medium,Medium,,Medium
KRISHNA,17.09166667,80.625,7.6,1751.0,0.0,,320.0,34.0,57.18,287.0,Medium,Medium,,Medium
KRISHNA,17.09166667,80.625,6.7,2430.0,1631.0,,470.0,144.0,26.92,461.0,High,Medium,High,High
ANANTAPUR,20.6,72.9,7.82,2131.0,1428.0,,490.0,96.0,61.0,327.0,High,Medium,High,High
ANANTAPUR,20.6,72.9,7.8,1997.0,1338.0,,490.0,88.0,65.0,320.0,High,Medium,High,High
NELLORE,14.835,79.92583333,7.97,940.0,607.0,,115.0,24.0,13.0,85.0,Medium,Medium,,Medium
NELLORE,14.835,79.92583333,7.72,1164.0,0.0,,225.0,62.0,17.09,149.0,Low,,,Low
NELLORE,14.835,79.92583333,7.8,1340.0,966.0,,241.0,57.0,24.02,170.0,Medium,Medium,,Medium
ANANTAPUR,13.91666667,77.71666667,7.15,2845.0,0.0,,1100.0,208.0,141.27,659.0,Medium,Medium,,Medium
KURNOOL,15.9375,77.3125,7.9,2450.0,1514.0,,520.0,160.0,29.0,326.0,High,Medium,High,High
KURNOOL,15.9375,77.3125,7.46,2934.0,0.0,,970.0,232.0,95.1,510.0,Medium,Medium,,Medium
EAST GODAVARI,17.33333333,82.53333333,7.74,3380.0,2006.0,,550.0,56.0,100.0,596.0,High,Medium,High,High
PRAKASAM,15.53333333,78.98333333,8.18,1810.0,1126.0,,315.0,36.0,55.0,213.0,High,Medium,High,High
PRAKASAM,15.53333333,78.98333333,7.16,2952.0,0.0,,800.0,136.0,112.01,447.0,Medium,Medium,,Medium
CHITTOOR,13.32638889,79.18583333,7.75,470.0,0.0,,165.0,30.0,21.92,82.0,Low,,,Low
PRAKASAM,15.16666667,80.0125,8.19,2071.0,1211.0,,500.0,144.0,34.0,383.0,High,Medium,High,High
WEST GODAVARI,16.61666667,81.5,8.14,2580.0,1562.0,,560.0,136.0,54.0,355.0,High,Medium,High,High
WEST GODAVARI,16.61666667,81.5,7.68,1204.0,0.0,,360.0,70.0,45.06,167.0,Low,,,Low
WEST GODAVARI,16.61666667,81.5,8.13,470.0,601.0,,175.0,32.0,23.14,35.0,Medium,Medium,,Medium
WEST GODAVARI,16.7875,81.69722222,8.25,1200.0,729.0,,325.0,92.0,23.0,67.0,Medium,Medium,,Medium
GUNTUR,16.33916667,80.30777778,7.88,1980.0,1180.0,,390.0,92.0,39.0,220.0,High,Medium,High,High
GUNTUR,16.33916667,80.30777778,7.45,2721.0,0.0,,690.0,140.0,82.83,461.0,Medium,Medium,,Medium
GUNTUR,16.51277778,80.38166667,7.68,2847.0,852.0,,640.0,150.0,64.61,518.0,Medium,Medium,,Medium
EAST GODAVARI,17.08055556,82.3375,7.73,3060.0,1876.0,,500.0,108.0,56.0,440.0,High,Medium,High,High
EAST GODAVARI,17.08055556,82.3375,7.8,660.0,0.0,,215.0,52.0,20.73,57.0,Low,,,Low
KRISHNA,16.39583333,81.18333333,7.8,4500.0,747.0,,1050.0,192.0,138.82,936.0,High,Medium,High,High
PRAKASAM,15.66944444,80.17083333,7.7,1990.0,1237.0,,340.0,72.0,39.0,355.0,High,Medium,High,High
PRAKASAM,15.66944444,80.17083333,7.06,2155.0,0.0,,520.0,68.0,85.18,440.0,Medium,Medium,,Medium
PRAKASAM,15.66944444,80.17083333,7.34,3153.0,3686.0,,640.0,154.0,62.19,649.0,High,Medium,High,High
ANANTAPUR,14.96666667,77.25416667,7.83,3910.0,2559.0,,460.0,144.0,24.0,631.0,High,Medium,High,High
ANANTAPUR,14.96666667,77.25416667,8.25,604.0,0.0,,160.0,36.0,17.06,67.0,Low,,,Low
ANANTAPUR,21.34055556,73.09777778,7.9,667.0,447.0,,230.0,60.0,19.0,43.0,Low,,,Low
ANANTAPUR,21.34055556,73.09777778,7.74,790.0,529.3,,160.0,32.0,19.46373,36.0,Medium,Medium,,Medium
ANANTAPUR,21.34055556,73.09777778,8.28,549.0,368.0,,170.0,32.0,22.0,21.0,Low,,,Low
ANANTAPUR,21.34055556,73.09777778,8.18,636.0,426.12,,200.16,32.064,29.184,92.17,Low,,,Low
GUNTUR,16.56666667,80.0,7.31,3470.0,2258.0,,860.0,204.0,85.0,489.0,High,Medium,High,High
GUNTUR,16.56666667,80.0,7.11,4554.0,0.0,,1400.0,329.0,140.81,808.0,High,Medium,High,High
GUNTUR,16.56888889,80.20277778,7.13,4319.0,777.0,,1165.0,277.0,115.22,744.0,High,Medium,High,High
VISAKHAPATNAM,17.90888889,82.81722222,7.9,2210.0,1391.0,,640.0,120.0,83.0,255.0,High,Medium,High,High
ANANTAPUR,19.43333333,74.9,7.9,2019.0,0.0,,810.9,188.05536,81.4184,43.42625,Medium,Medium,,Medium
ANANTAPUR,19.43333333,74.9,7.9,1881.0,507.0,,316.2,161.6,37.5678,183.631,Medium,Medium,,Medium
VISAKHAPATNAM,17.78472222,83.38194444,7.89,870.0,0.0,,350.0,72.0,41.42,74.0,Low,,,Low
PRAKASAM,15.79722222,80.41083333,7.45,2240.0,0.0,,490.0,68.0,77.88,525.0,Medium,Medium,,Medium
PRAKASAM,15.79722222,80.41083333,7.43,2443.0,630.0,,320.0,102.0,15.93,461.0,Medium,Medium,,Medium
ANANTAPUR,18.61666667,74.61666667,7.7,1982.0,0.0,,719.1,77.67504,125.1656,241.94624,Medium,Medium,,Medium
ANANTAPUR,18.61666667,74.61666667,8.0,2029.0,468.0,,433.5,176.75,62.39025,307.706,Medium,Medium,,Medium
KRISHNA,16.67805556,80.63027778,8.18,870.0,465.0,,390.0,64.0,56.0,74.0,Low,,,Low
KRISHNA,16.67805556,80.63027778,7.48,934.0,0.0,,440.0,60.0,70.58,92.0,Low,,,Low
KRISHNA,16.71444444,80.81583333,7.96,935.0,2613.0,,470.0,78.0,66.96,78.0,High,Medium,High,High
GUNTUR,16.26666667,80.54027778,7.72,780.0,466.0,,280.0,62.0,30.0,39.0,Low,,,Low
GUNTUR,16.26666667,80.54027778,7.63,926.0,0.0,,350.0,94.0,28.07,74.0,Low,,,Low
GUNTUR,16.25944444,80.57694444,7.77,758.0,1606.0,,320.0,80.0,29.27,39.0,High,Medium,High,High
NELLORE,14.38277778,79.82166667,7.32,4394.0,1047.0,,917.0,221.0,88.89,528.0,High,Medium,High,High
ANANTAPUR,18.62166667,72.95055556,8.1,923.0,0.0,,382.5,40.8816,66.836,50.87075,Low,,,Low
ANANTAPUR,18.62166667,72.95055556,8.1,846.0,253.89,,400.0,48.0,68.0512,77.99,Low,,,Low
PRAKASAM,15.93888889,79.95888889,7.36,1068.0,0.0,,260.0,66.0,23.18,131.0,Low,,,Low
PRAKASAM,15.93888889,79.95888889,7.61,1469.0,855.0,,365.0,106.0,24.44,213.0,Medium,Medium,,Medium
ANANTAPUR,15.00833333,77.41666667,7.82,2040.0,1325.0,,600.0,188.0,32.0,113.0,High,Medium,High,High
ANANTAPUR,15.00833333,77.41666667,7.9,1900.0,0.0,,680.0,126.0,88.9,284.0,Medium,Medium,,Medium
EAST GODAVARI,17.025,82.29166667,7.9,3840.0,2274.0,,480.0,76.0,71.0,709.0,High,Medium,High,High
EAST GODAVARI,17.025,82.29166667,8.2,810.0,417.0,,230.0,68.0,14.67,39.0,Low,,,Low
ANANTAPUR,20.67083333,75.82083333,7.7,1171.0,761.0,,413.0,82.0,51.0,141.0,Medium,Medium,,Medium
ANANTAPUR,20.67083333,75.82083333,7.7,1215.0,0.0,,479.4,51.102,83.8488,83.13025,Low,,,Low
ANANTAPUR,14.14027778,76.90444444,7.45,1208.0,0.0,,440.0,98.0,47.53,82.0,Low,,,Low
EAST GODAVARI,16.99444444,82.2625,7.51,1320.0,757.0,,410.0,76.0,54.0,199.0,Medium,Medium,,Medium
CHITTOOR,13.52722222,79.07611111,7.55,2220.0,0.0,,450.0,96.0,51.17,425.0,Medium,Medium,,Medium
ANANTAPUR,18.60694444,72.97944444,7.6,1003.0,652.0,,319.0,82.0,28.0,149.0,Medium,Medium,,Medium
ANANTAPUR,18.60694444,72.97944444,7.9,676.0,0.0,,255.0,53.14608,29.1648,75.68575,Low,,,Low
VIZIANAGARAM,18.69305556,83.31111111,7.71,1800.0,1141.0,,270.0,68.0,24.0,305.0,High,Medium,High,High
VIZIANAGARAM,18.69305556,83.31111111,7.53,1778.0,0.0,,410.0,104.0,36.6,266.0,Medium,Medium,,Medium
GUNTUR,16.18194444,80.25555556,7.53,5636.0,0.0,,1100.0,168.0,165.53,1007.0,High,Medium,High,High
GUNTUR,16.07638889,80.30833333,8.13,2180.0,1394.0,,220.0,44.0,27.0,170.0,High,Medium,High,High
GUNTUR,16.07638889,80.30833333,8.26,2067.0,0.0,,420.0,40.0,77.85,227.0,Medium,Medium,,Medium
GUNTUR,16.08416667,80.32,8.6,2079.0,995.0,,310.0,56.0,41.4,177.0,Medium,Medium,,Medium
CUDDAPAH,14.81666667,78.88333333,7.3,1060.0,594.0,,350.0,60.0,49.0,92.0,Medium,Medium,,Medium
CUDDAPAH,14.81666667,78.88333333,7.86,1497.0,0.0,,405.0,72.0,54.79,138.0,Low,,,Low
WEST GODAVARI,16.56333333,81.72722222,7.83,1140.0,3293.0,,460.0,80.0,63.31,92.0,High,Medium,High,High
KRISHNA,17.00361111,80.53055556,8.34,2690.0,1594.0,,460.0,72.0,68.0,355.0,High,Medium,High,High
KRISHNA,17.00361111,80.53055556,7.43,2455.0,0.0,,500.0,88.0,68.18,397.0,Medium,Medium,,Medium
SRIKAKULAM,18.68333333,83.61666667,8.05,1313.0,843.0,,295.0,44.0,45.0,266.0,Medium,Medium,,Medium
SRIKAKULAM,18.68333333,83.61666667,7.21,1072.0,0.0,,470.0,96.0,56.04,128.0,Low,,,Low
WEST GODAVARI,16.53333333,81.65,8.1,2684.0,1512.0,,430.0,64.0,66.0,411.0,High,Medium,High,High
WEST GODAVARI,16.53333333,81.65,7.73,1707.0,0.0,,470.0,68.0,73.02,170.0,Medium,Medium,,Medium
WEST GODAVARI,16.53333333,81.65,7.67,4400.0,259.0,,740.0,112.0,111.98,681.0,High,Medium,High,High
SRIKAKULAM,18.73333333,84.36111111,8.09,463.0,269.0,,170.0,28.0,24.0,64.0,Low,,,Low
EAST GODAVARI,17.43833333,82.07527778,7.76,1140.0,708.0,,370.0,62.0,52.0,128.0,Medium,Medium,,Medium
EAST GODAVARI,17.43833333,82.07527778,7.68,537.0,0.0,,200.0,48.0,19.51,50.0,Low,,,Low
EAST GODAVARI,17.43833333,82.07527778,7.32,545.0,624.0,,205.0,62.0,12.23,50.0,Medium,Medium,,Medium
EAST GODAVARI,16.77916667,82.07916667,8.1,1520.0,945.0,,430.0,110.0,38.0,113.0,Medium,Medium,,Medium
EAST GODAVARI,16.77916667,82.07916667,7.7,790.0,844.0,,355.0,44.0,59.62,32.0,Medium,Medium,,Medium
WEST GODAVARI,17.11083333,81.67388889,7.68,1642.0,959.0,,520.0,100.0,66.0,213.0,Medium,Medium,,Medium
WEST GODAVARI,17.11083333,81.67388889,7.86,1600.0,1080.0,,440.0,82.0,57.24,135.0,High,Medium,High,High
KURNOOL,15.55,77.93333333,8.16,2680.0,1692.0,,480.0,120.0,44.0,262.0,High,Medium,High,High
KURNOOL,15.55,77.93333333,7.43,2053.0,0.0,,505.0,76.0,76.68,234.0,Medium,Medium,,Medium
KURNOOL,15.55222222,77.93472222,7.6,2269.0,0.0,,950.0,96.0,172.74,326.0,Medium,Medium,,Medium
GUNTUR,16.11944444,79.65055556,7.6,2084.0,1259.0,,540.0,104.0,68.0,269.0,High,Medium,High,High
GUNTUR,16.11944444,79.65055556,7.4,2706.0,0.0,,910.0,228.0,82.94,425.0,Medium,Medium,,Medium
GUNTUR,16.11944444,79.65055556,7.78,1790.0,588.0,,470.0,64.0,75.45,266.0,Medium,Medium,,Medium
GUNTUR,16.13333333,79.85833333,8.01,970.0,561.0,,225.0,44.0,28.0,67.0,Medium,Medium,,Medium
GUNTUR,16.13333333,79.85833333,7.56,1211.0,0.0,,380.0,88.0,39.01,138.0,Low,,,Low
KURNOOL,15.72916667,78.56666667,7.39,2670.0,0.0,,840.0,204.0,80.48,411.0,Medium,Medium,,Medium
PRAKASAM,15.92222222,79.59388889,7.66,2235.0,0.0,,300.0,16.0,63.23,255.0,Medium,Medium,,Medium
PRAKASAM,15.92222222,79.59388889,7.86,2577.0,618.0,,170.0,30.0,23.13,273.0,Medium,Medium,,Medium
NELLORE,14.31166667,79.92916667,7.76,580.0,336.0,,155.0,26.0,22.0,46.0,Low,,,Low
NELLORE,14.31166667,79.92916667,7.34,656.0,0.0,,235.0,52.0,25.59,78.0,Low,,,Low
NELLORE,14.31166667,79.92916667,7.58,475.0,1194.0,,175.0,42.0,17.07,60.0,High,Medium,High,High
NELLORE,13.95055556,79.59833333,7.56,1403.0,798.0,,315.0,26.0,61.0,177.0,Medium,Medium,,Medium
NELLORE,13.95055556,79.59833333,7.32,1100.0,0.0,,325.0,80.0,30.49,160.0,Low,,,Low
CHITTOOR,13.01666667,78.5,7.56,2456.0,1511.0,,940.0,108.0,163.0,454.0,High,Medium,High,High
CHITTOOR,13.01666667,78.5,8.01,2450.0,0.0,,960.0,110.0,166.68,454.0,Medium,Medium,,Medium
KURNOOL,15.88444444,78.65666667,7.65,1000.0,1597.0,,285.0,74.0,24.4,71.0,High,Medium,High,High
KURNOOL,15.88333333,78.65,8.07,1520.0,865.0,,345.0,52.0,52.0,191.0,Medium,Medium,,Medium
KURNOOL,15.88333333,78.65,7.4,1240.0,0.0,,275.0,54.0,34.1,174.0,Low,,,Low
PRAKASAM,15.30277778,79.73972222,7.75,1823.0,0.0,,340.0,52.0,51.12,188.0,Medium,Medium,,Medium
KRISHNA,16.44305556,80.70555556,8.1,3470.0,2198.0,,500.0,112.0,54.0,496.0,High,Medium,High,High
VISAKHAPATNAM,17.77555556,83.18611111,8.41,630.0,363.0,,225.0,64.0,16.0,28.0,Low,,,Low
VISAKHAPATNAM,17.77555556,83.18611111,7.55,1006.0,0.0,,390.0,92.0,39.01,113.0,Low,,,Low
PRAKASAM,15.77416667,80.30444444,7.36,2688.0,0.0,,660.0,156.0,65.84,489.0,Medium,Medium,,Medium
NELLORE,14.025,80.03472222,7.92,510.0,310.0,,85.0,20.0,9.0,78.0,Low,,,Low
NELLORE,14.025,80.03472222,7.28,548.0,0.0,,170.0,26.0,25.56,121.0,Low,,,Low
NELLORE,14.025,80.03472222,7.41,585.0,1874.0,,115.0,34.0,7.34,117.0,High,Medium,High,High
VIZIANAGARAM,18.11666667,83.4125,7.8,346.0,198.0,,95.0,24.0,9.0,21.0,Low,,,Low
VIZIANAGARAM,18.11666667,83.4125,7.42,870.0,0.0,,325.0,86.0,26.85,103.0,Low,,,Low
GUNTUR,16.56361111,79.47638889,7.87,1560.0,921.0,,280.0,76.0,22.0,163.0,Medium,Medium,,Medium
GUNTUR,16.56361111,79.47638889,7.61,912.0,0.0,,270.0,70.0,23.18,103.0,Low,,,Low
GUNTUR,16.56361111,79.47638889,7.2,970.0,1588.0,,230.0,76.0,9.82,99.0,High,Medium,High,High
KRISHNA,16.5,80.63333333,8.14,1310.0,772.0,,200.0,28.0,32.0,106.0,Medium,Medium,,Medium
KRISHNA,16.5,80.63333333,7.43,2437.0,0.0,,530.0,116.0,58.49,418.0,Medium,Medium,,Medium
WEST GODAVARI,16.80944444,81.04083333,8.1,1706.0,978.0,,365.0,52.0,57.0,259.0,Medium,Medium,,Medium
VIZIANAGARAM,18.81666667,83.45,7.54,1042.0,568.0,,340.0,94.0,26.0,163.0,Medium,Medium,,Medium
VIZIANAGARAM,18.81666667,83.45,7.26,1084.0,0.0,,385.0,100.0,32.94,181.0,Low,,,Low
EAST GODAVARI,16.61833333,82.01944444,8.2,510.0,284.0,,175.0,36.0,21.0,32.0,Low,,,Low
EAST GODAVARI,16.61833333,82.01944444,7.55,11050.0,0.0,,1500.0,240.0,219.11,3049.0,High,Medium,High,High
EAST GODAVARI,16.61833333,82.01944444,7.86,1190.0,687.0,,280.0,60.0,31.68,149.0,Medium,Medium,,Medium
GUNTUR,16.05333333,79.74833333,7.68,3031.0,1842.0,,660.0,80.0,112.0,468.0,High,Medium,High,High
GUNTUR,16.05333333,79.74833333,6.94,1866.0,0.0,,465.0,56.0,79.09,209.0,Medium,Medium,,Medium
VISAKHAPATNAM,17.75305556,83.3425,8.11,820.0,490.0,,195.0,34.0,27.0,57.0,Low,,,Low
VISAKHAPATNAM,17.75305556,83.3425,7.61,1057.0,0.0,,320.0,64.0,38.98,103.0,Low,,,Low
VISAKHAPATNAM,17.75305556,83.3425,7.69,1160.0,184.0,,400.0,102.0,35.38,103.0,Low,,,Low
CUDDAPAH,14.72527778,78.7075,7.84,6090.0,0.0,,1000.0,136.0,160.63,1248.0,High,Medium,High,High
WEST GODAVARI,16.55,81.56388889,7.89,2230.0,1301.0,,470.0,116.0,44.0,432.0,High,Medium,High,High
WEST GODAVARI,16.55,81.56388889,7.5,2510.0,0.0,,640.0,152.0,63.4,510.0,Medium,Medium,,Medium
WEST GODAVARI,16.55,81.56388889,8.12,2740.0,239.0,,740.0,168.0,78.01,468.0,Medium,Medium,,Medium
KRISHNA,16.95,80.8,8.2,3030.0,1802.0,,500.0,64.0,83.0,340.0,High,Medium,High,High
KRISHNA,16.95,80.8,7.82,4990.0,2915.0,,730.0,64.0,139.0,858.0,High,Medium,High,High
KRISHNA,16.95,80.8,8.19,4223.0,0.0,,560.0,24.0,121.59,759.0,High,Medium,High,High
KRISHNA,16.93666667,80.8,8.38,4918.0,1403.0,,600.0,72.0,102.2,801.0,High,Medium,High,High
VIZIANAGARAM,18.60833333,83.42361111,7.25,504.0,0.0,,245.0,60.0,23.17,46.0,Low,,,Low
VISAKHAPATNAM,17.97166667,82.81916667,8.0,169.0,0.0,,75.0,20.0,6.1,14.0,Low,,,Low
PRAKASAM,15.80527778,79.76638889,7.8,1870.0,786.0,,210.0,52.0,19.51,191.0,Medium,Medium,,Medium
CHITTOOR,13.19722222,79.36972222,7.65,580.0,0.0,,250.0,64.0,21.96,25.0,Low,,,Low
CHITTOOR,13.19722222,79.36972222,7.85,640.0,1667.0,,255.0,56.0,28.03,25.0,High,Medium,High,High
GUNTUR,16.56611111,80.41277778,7.58,3300.0,2158.0,,600.0,112.0,78.0,418.0,High,Medium,High,High
GUNTUR,16.56611111,80.41277778,7.46,3826.0,0.0,,590.0,188.0,29.4,553.0,High,Medium,High,High
GUNTUR,16.56611111,80.41277778,7.41,3040.0,3083.0,,500.0,88.0,68.18,468.0,High,Medium,High,High
ANANTAPUR,18.45277778,74.74944444,8.0,1877.0,0.0,,632.4,183.9672,41.3168,182.39024,Medium,Medium,,Medium
ANANTAPUR,18.45277778,74.74944444,7.6,1797.0,452.4,,336.6,267.65,16.75485,191.0755,Medium,Medium,,Medium
ANANTAPUR,14.67166667,77.45833333,7.71,2560.0,1477.0,,610.0,96.0,90.0,404.0,High,Medium,High,High
ANANTAPUR,14.67166667,77.45833333,7.79,2787.0,0.0,,670.0,108.0,97.38,425.0,Medium,Medium,,Medium
ANANTAPUR,14.67166667,77.45833333,8.1,2390.0,1590.0,,550.0,112.0,65.78,255.0,High,Medium,High,High
ANANTAPUR,20.59166667,76.86666667,7.8,485.0,0.0,,147.9,30.6612,17.0128,43.42625,Low,,,Low
ANANTAPUR,21.27805556,75.58527778,8.0,832.0,541.0,,408.0,108.0,34.0,36.0,Medium,Medium,,Medium
ANANTAPUR,21.27805556,75.58527778,8.1,1651.0,436.345,,560.0,84.0,85.064,283.6,Medium,Medium,,Medium
ANANTAPUR,18.63333333,74.88333333,7.7,3649.0,0.0,,1004.7,118.55664,168.9128,576.9487,High,Medium,High,High
ANANTAPUR,18.63333333,74.88333333,8.1,580.0,1296.75,,244.8,131.3,27.5805,39.704,High,Medium,High,High
ANANTAPUR,20.55972222,73.09027778,8.23,670.0,449.0,,200.0,44.0,22.0,28.0,Low,,,Low
NELLORE,14.61694444,79.67277778,7.97,2690.0,1616.0,,310.0,44.0,49.0,195.0,High,Medium,High,High
NELLORE,14.61694444,79.67277778,7.43,3310.0,0.0,,530.0,72.0,85.18,518.0,High,Medium,High,High
NELLORE,14.61694444,79.67277778,7.62,2452.0,1805.0,,350.0,39.0,61.44,390.0,High,Medium,High,High
ANANTAPUR,20.675,76.8875,7.4,2120.0,1378.0,,891.0,168.0,115.0,121.0,High,Medium,High,High
ANANTAPUR,20.675,76.8875,7.5,6469.0,0.0,,2300.1,433.34497,290.4328,807.7283,High,Medium,High,High
ANANTAPUR,15.05,77.875,7.93,796.0,0.0,,215.0,44.0,25.58,74.0,Low,,,Low
EAST GODAVARI,16.73333333,82.22611111,8.06,1190.0,707.0,,435.0,132.0,26.0,60.0,Medium,Medium,,Medium
EAST GODAVARI,16.73333333,82.22611111,7.68,970.0,0.0,,375.0,120.0,18.38,57.0,Low,,,Low
EAST GODAVARI,16.73333333,82.22611111,7.8,870.0,638.0,,310.0,96.0,17.14,60.0,Medium,Medium,,Medium
ANANTAPUR,21.15972222,75.69861111,7.9,1534.0,997.0,,583.0,108.0,77.0,213.0,Medium,Medium,,Medium
ANANTAPUR,21.15972222,75.69861111,7.8,1605.0,0.0,,698.7,42.92568,140.9632,167.50125,Medium,Medium,,Medium
ANANTAPUR,21.15972222,75.69861111,8.0,643.0,419.51,,260.0,48.0,34.0256,53.175,Low,,,Low
VISAKHAPATNAM,17.55,82.85416667,8.2,1140.0,697.0,,390.0,96.0,36.0,121.0,Medium,Medium,,Medium
VISAKHAPATNAM,17.55,82.85416667,7.7,1358.0,0.0,,450.0,98.0,49.96,163.0,Low,,,Low
KURNOOL,15.82777778,77.47916667,8.21,580.0,319.0,,250.0,50.0,30.0,44.0,Low,,,Low
KURNOOL,15.78333333,77.45833333,7.65,787.0,0.0,,310.0,50.0,45.04,64.0,Low,,,Low
KURNOOL,15.78333333,77.45833333,7.95,800.0,509.0,,255.0,66.0,21.96,57.0,Medium,Medium,,Medium
VISAKHAPATNAM,17.61111111,82.65,8.2,1400.0,874.0,,250.0,56.0,27.0,121.0,Medium,Medium,,Medium
VISAKHAPATNAM,17.61111111,82.65,7.83,1657.0,0.0,,490.0,48.0,90.02,160.0,Medium,Medium,,Medium
KURNOOL,15.29722222,77.79166667,8.02,1869.0,0.0,,520.0,68.0,85.18,85.0,Medium,Medium,,Medium
CUDDAPAH,14.63027778,78.53944444,8.41,740.0,0.0,,150.0,44.0,9.78,156.0,Low,,,Low
CUDDAPAH,14.63027778,78.53944444,7.9,1900.0,763.0,,400.0,92.0,41.44,340.0,Medium,Medium,,Medium
GUNTUR,16.43611111,79.78888889,8.1,1170.0,725.0,,145.0,28.0,18.0,74.0,Medium,Medium,,Medium
GUNTUR,16.43611111,79.78888889,7.97,1151.0,0.0,,175.0,26.0,26.78,96.0,Low,,,Low
GUNTUR,16.565,80.25888889,7.86,1050.0,608.0,,265.0,80.0,16.0,78.0,Medium,Medium,,Medium
GUNTUR,16.565,80.25888889,7.52,1124.0,0.0,,310.0,112.0,7.43,135.0,Low,,,Low
GUNTUR,16.565,80.25888889,7.48,1352.0,3247.0,,425.0,136.0,20.83,177.0,High,Medium,High,High
