State,District,Date,Year,Month,Avg_rainfall,Agency_name
Andhra Pradesh,Kurnool,2024-05-07,2024,05,2.5011859198,NRSC VIC MODEL
Andhra Pradesh,Kurnool,2024-05-14,2024,05,3.5200447896,NRSC VIC MODEL
Andhra Pradesh,Kurnool,2024-05-22,2024,05,1.5282995176,NRSC VIC MODEL
Andhra Pradesh,Kurnool,2024-05-27,2024,05,0.197279772,NRSC VIC MODEL
Andhra Pradesh,Kurnool,2024-06-02,2024,06,1.3250507562,NRSC VIC MODEL
Andhra Pradesh,Kurnool,2024-06-05,2024,06,3.6035831167,NRSC VIC MODEL
Andhra Pradesh,Kurnool,2024-06-07,2024,06,4.8729682131,NRSC VIC MODEL
Andhra Pradesh,Kurnool,2024-06-15,2024,06,7.5275365751,NRSC VIC MODEL
Andhra Pradesh,Kurnool,2024-06-20,2024,06,0.4363262432,NRSC VIC MODEL
Andhra Pradesh,Kurnool,2024-06-28,2024,06,3.7217954814,NRSC VIC MODEL
Andhra Pradesh,Kurnool,2024-07-01,2024,07,8.0200721681,NRSC VIC MODEL
Andhra Pradesh,Kurnool,2024-07-02,2024,07,4.9663547022,NRSC VIC MODEL
Andhra Pradesh,Kurnool,2024-07-04,2024,07,1.1520192479,NRSC VIC MODEL
Andhra Pradesh,Kurnool,2024-07-14,2024,07,1.2946841422,NRSC VIC MODEL
Andhra Pradesh,Kurnool,2024-07-21,2024,07,3.9779307016,NRSC VIC MODEL
Andhra Pradesh,Kurnool,2024-07-23,2024,07,0.7733534729,NRSC VIC MODEL
Andhra Pradesh,Kurnool,2024-07-26,2024,07,1.866863202,NRSC VIC MODEL
Andhra Pradesh,Kurnool,2024-08-01,2024,08,5.3429494447,NRSC VIC MODEL
Andhra Pradesh,Kurnool,2024-08-03,2024,08,0.4336046665,NRSC VIC MODEL
Andhra Pradesh,Kurnool,2024-08-04,2024,08,1.2528512809,NRSC VIC MODEL
Andhra Pradesh,Kurnool,2024-08-09,2024,08,3.2809752128,NRSC VIC MODEL
Andhra Pradesh,Kurnool,2024-08-11,2024,08,3.4527901948,NRSC VIC MODEL
Andhra Pradesh,Kurnool,2024-08-13,2024,08,0.697616539,NRSC VIC MODEL
Andhra Pradesh,Kurnool,2024-08-20,2024,08,2.1043516945,NRSC VIC MODEL
Andhra Pradesh,Kurnool,2024-08-24,2024,08,3.3037718134,NRSC VIC MODEL
Andhra Pradesh,Kurnool,2024-08-26,2024,08,0.4378942043,NRSC VIC MODEL
Andhra Pradesh,Kurnool,2024-09-01,2024,09,11.411343863,NRSC VIC MODEL
Andhra Pradesh,Kurnool,2024-09-02,2024,09,1.0660943928,NRSC VIC MODEL
Andhra Pradesh,Kurnool,2024-09-08,2024,09,0.3320954334,NRSC VIC MODEL
Andhra Pradesh,Kurnool,2024-09-10,2024,09,1.1652112097,NRSC VIC MODEL
Andhra Pradesh,Kurnool,2024-09-13,2024,09,0.1319068356,NRSC VIC MODEL
Andhra Pradesh,Kurnool,2024-09-14,2024,09,0.1473735909,NRSC VIC MODEL
Andhra Pradesh,Kurnool,2024-09-17,2024,09,0.0478664093,NRSC VIC MODEL
Andhra Pradesh,Kurnool,2024-09-22,2024,09,7.951796289,NRSC VIC MODEL
Andhra Pradesh,Kurnool,2024-09-23,2024,09,15.0310658323,NRSC VIC MODEL
Andhra Pradesh,Kurnool,2024-09-29,2024,09,2.4172642884,NRSC VIC MODEL
Andhra Pradesh,Kurnool,2024-10-01,2024,10,0.0350083234,NRSC VIC MODEL
Andhra Pradesh,Kurnool,2024-10-04,2024,10,8.9014396595,NRSC VIC MODEL
Andhra Pradesh,Kurnool,2024-10-05,2024,10,5.3382134673,NRSC VIC MODEL
Andhra Pradesh,Kurnool,2024-10-11,2024,10,1.9086677773,NRSC VIC MODEL
Andhra Pradesh,Kurnool,2024-10-17,2024,10,11.0990356537,NRSC VIC MODEL
Andhra Pradesh,Kurnool,2024-10-18,2024,10,9.2632742122,NRSC VIC MODEL
Andhra Pradesh,Kurnool,2024-10-25,2024,10,0.0010978324,NRSC VIC MODEL
Andhra Pradesh,Kurnool,2024-10-27,2024,10,0.0050599537,NRSC VIC MODEL
Andhra Pradesh,Kurnool,2024-11-01,2024,11,0.5280427578,NRSC VIC MODEL
Andhra Pradesh,Kurnool,2024-11-06,2024,11,0.0,NRSC VIC MODEL
Andhra Pradesh,Kurnool,2024-11-17,2024,11,0.3074327544,NRSC VIC MODEL
Andhra Pradesh,Kurnool,2024-11-20,2024,11,0.0,NRSC VIC MODEL
Andhra Pradesh,Kurnool,2024-11-22,2024,11,0.0,NRSC VIC MODEL
Andhra Pradesh,Kurnool,2024-11-29,2024,11,0.000235062,NRSC VIC MODEL
Andhra Pradesh,Kurnool,2024-12-12,2024,12,0.0027931739,NRSC VIC MODEL
Andhra Pradesh,Kurnool,2024-12-13,2024,12,0.1401119395,NRSC VIC MODEL
Andhra Pradesh,Kurnool,2024-12-20,2024,12,1.0613600449,NRSC VIC MODEL
Andhra Pradesh,Prakasam,2024-01-11,2024,01,0.0009570507,NRSC VIC MODEL
Andhra Pradesh,Prakasam,2024-01-20,2024,01,0.0,NRSC VIC MODEL
Andhra Pradesh,Prakasam,2024-01-23,2024,01,0.0,NRSC VIC MODEL
Andhra Pradesh,Prakasam,2024-01-27,2024,01,0.2789924446,NRSC VIC MODEL
Andhra Pradesh,Prakasam,2024-01-29,2024,01,0.0,NRSC VIC MODEL
Andhra Pradesh,Prakasam,2024-02-04,2024,02,0.0,NRSC VIC MODEL
Andhra Pradesh,Prakasam,2024-02-06,2024,02,0.0,NRSC VIC MODEL
Andhra Pradesh,Prakasam,2024-02-09,2024,02,0.0,NRSC VIC MODEL
Andhra Pradesh,Prakasam,2024-02-18,2024,02,0.0,NRSC VIC MODEL
Andhra Pradesh,Prakasam,2024-02-22,2024,02,0.0,NRSC VIC MODEL
Andhra Pradesh,Prakasam,2024-02-28,2024,02,0.0,NRSC VIC MODEL
Andhra Pradesh,Prakasam,2024-03-01,2024,03,0.0,NRSC VIC MODEL
Andhra Pradesh,Prakasam,2024-03-04,2024,03,0.0,NRSC VIC MODEL
Andhra Pradesh,Prakasam,2024-03-10,2024,03,0.0,NRSC VIC MODEL
Andhra Pradesh,Prakasam,2024-03-15,2024,03,0.0,NRSC VIC MODEL
Andhra Pradesh,Prakasam,2024-03-18,2024,03,0.0,NRSC VIC MODEL
Andhra Pradesh,Prakasam,2024-03-19,2024,03,0.0,NRSC VIC MODEL
Andhra Pradesh,Prakasam,2024-03-28,2024,03,0.0,NRSC VIC MODEL
Andhra Pradesh,Prakasam,2024-04-06,2024,04,0.0,NRSC VIC MODEL
Andhra Pradesh,Prakasam,2024-04-08,2024,04,0.0006120462,NRSC VIC MODEL
Andhra Pradesh,Prakasam,2024-04-12,2024,04,0.0450187685,NRSC VIC MODEL
Andhra Pradesh,Prakasam,2024-04-20,2024,04,0.4752441655,NRSC VIC MODEL
Andhra Pradesh,Prakasam,2024-04-26,2024,04,0.0,NRSC VIC MODEL
Andhra Pradesh,Prakasam,2024-05-03,2024,05,0.0,NRSC VIC MODEL
Andhra Pradesh,Prakasam,2024-05-04,2024,05,0.0,NRSC VIC MODEL
Andhra Pradesh,Prakasam,2024-05-05,2024,05,0.0,NRSC VIC MODEL
Andhra Pradesh,Prakasam,2024-05-11,2024,05,0.0279635203,NRSC VIC MODEL
Andhra Pradesh,Prakasam,2024-05-22,2024,05,1.6350549517,NRSC VIC MODEL
Andhra Pradesh,Prakasam,2024-05-24,2024,05,1.3539846667,NRSC VIC MODEL
Andhra Pradesh,Prakasam,2024-05-31,2024,05,0.0,NRSC VIC MODEL
Andhra Pradesh,Prakasam,2024-06-03,2024,06,14.8859350212,NRSC VIC MODEL
Andhra Pradesh,Prakasam,2024-06-06,2024,06,15.429043887,NRSC VIC MODEL
Andhra Pradesh,Prakasam,2024-06-09,2024,06,13.018327116,NRSC VIC MODEL
Andhra Pradesh,Prakasam,2024-06-11,2024,06,0.9696255835,NRSC VIC MODEL
Andhra Pradesh,Prakasam,2024-06-20,2024,06,0.4579771858,NRSC VIC MODEL
Andhra Pradesh,Prakasam,2024-06-21,2024,06,0.0,NRSC VIC MODEL
Andhra Pradesh,Prakasam,2024-06-22,2024,06,0.7688918205,NRSC VIC MODEL
Andhra Pradesh,Prakasam,2024-06-25,2024,06,0.6886346264,NRSC VIC MODEL
Andhra Pradesh,Prakasam,2024-07-07,2024,07,1.6248842145,NRSC VIC MODEL
Andhra Pradesh,Prakasam,2024-07-14,2024,07,0.860368297,NRSC VIC MODEL
Andhra Pradesh,Prakasam,2024-07-18,2024,07,2.4812274923,NRSC VIC MODEL
Andhra Pradesh,Prakasam,2024-07-19,2024,07,9.5408530127,NRSC VIC MODEL
Andhra Pradesh,Prakasam,2024-07-26,2024,07,2.088385326,NRSC VIC MODEL
Andhra Pradesh,Prakasam,2024-07-27,2024,07,0.9290857797,NRSC VIC MODEL
Andhra Pradesh,Prakasam,2024-08-01,2024,08,2.4348338408,NRSC VIC MODEL
Andhra Pradesh,Prakasam,2024-08-05,2024,08,0.2644912736,NRSC VIC MODEL
Andhra Pradesh,Prakasam,2024-08-25,2024,08,1.8514436467,NRSC VIC MODEL
Andhra Pradesh,Prakasam,2024-09-15,2024,09,0.0162423071,NRSC VIC MODEL
Andhra Pradesh,Prakasam,2024-09-25,2024,09,7.2155374238,NRSC VIC MODEL
Andhra Pradesh,Prakasam,2024-10-29,2024,10,5.64279e-05,NRSC VIC MODEL
Andhra Pradesh,Prakasam,2024-10-31,2024,10,1.8625005669,NRSC VIC MODEL
Andhra Pradesh,Prakasam,2024-11-18,2024,11,0.0947380057,NRSC VIC MODEL
Andhra Pradesh,Prakasam,2024-11-22,2024,11,0.0584159299,NRSC VIC MODEL
Andhra Pradesh,Prakasam,2024-12-07,2024,12,0.494334882,NRSC VIC MODEL
Andhra Pradesh,Prakasam,2024-12-09,2024,12,0.0254721563,NRSC VIC MODEL
Andhra Pradesh,Prakasam,2024-12-10,2024,12,0.0,NRSC VIC MODEL
Andhra Pradesh,Prakasam,2024-12-12,2024,12,0.7212840108,NRSC VIC MODEL
Andhra Pradesh,Prakasam,2024-12-23,2024,12,0.0032244557,NRSC VIC MODEL
Andhra Pradesh,Prakasam,2024-12-31,2024,12,0.0,NRSC VIC MODEL
Andhra Pradesh,SPSR Nellore,2024-01-03,2024,01,0.0133194429,NRSC VIC MODEL
Andhra Pradesh,SPSR Nellore,2024-01-11,2024,01,0.021716994,NRSC VIC MODEL
Andhra Pradesh,SPSR Nellore,2024-01-21,2024,01,0.0,NRSC VIC MODEL
Andhra Pradesh,SPSR Nellore,2024-01-28,2024,01,0.0,NRSC VIC MODEL
Andhra Pradesh,SPSR Nellore,2024-02-05,2024,02,0.0,NRSC VIC MODEL
Andhra Pradesh,SPSR Nellore,2024-02-10,2024,02,0.0,NRSC VIC MODEL
Andhra Pradesh,SPSR Nellore,2024-02-12,2024,02,0.0,NRSC VIC MODEL
Andhra Pradesh,SPSR Nellore,2024-02-13,2024,02,0.0,NRSC VIC MODEL
Andhra Pradesh,SPSR Nellore,2024-02-16,2024,02,0.3072413787,NRSC VIC MODEL
Andhra Pradesh,SPSR Nellore,2024-02-18,2024,02,0.0,NRSC VIC MODEL
Andhra Pradesh,SPSR Nellore,2024-02-24,2024,02,0.0,NRSC VIC MODEL
Andhra Pradesh,SPSR Nellore,2024-02-25,2024,02,0.0,NRSC VIC MODEL
Andhra Pradesh,SPSR Nellore,2024-02-29,2024,02,0.0,NRSC VIC MODEL
Andhra Pradesh,SPSR Nellore,2024-03-01,2024,03,0.0,NRSC VIC MODEL
Andhra Pradesh,SPSR Nellore,2024-03-06,2024,03,0.0,NRSC VIC MODEL
Andhra Pradesh,SPSR Nellore,2024-03-10,2024,03,0.0,NRSC VIC MODEL
Andhra Pradesh,SPSR Nellore,2024-03-12,2024,03,7.20893e-05,NRSC VIC MODEL
Andhra Pradesh,SPSR Nellore,2024-03-14,2024,03,0.0097638461,NRSC VIC MODEL
Andhra Pradesh,SPSR Nellore,2024-03-17,2024,03,0.0,NRSC VIC MODEL
Andhra Pradesh,SPSR Nellore,2024-03-18,2024,03,0.0,NRSC VIC MODEL
Andhra Pradesh,SPSR Nellore,2024-03-19,2024,03,0.0,NRSC VIC MODEL
Andhra Pradesh,SPSR Nellore,2024-03-21,2024,03,0.0007926903,NRSC VIC MODEL
Andhra Pradesh,SPSR Nellore,2024-04-04,2024,04,0.0,NRSC VIC MODEL
Andhra Pradesh,SPSR Nellore,2024-04-07,2024,04,0.001334076,NRSC VIC MODEL
Andhra Pradesh,SPSR Nellore,2024-04-09,2024,04,0.0,NRSC VIC MODEL
Andhra Pradesh,SPSR Nellore,2024-04-14,2024,04,0.0,NRSC VIC MODEL
Andhra Pradesh,SPSR Nellore,2024-04-15,2024,04,0.0,NRSC VIC MODEL
Andhra Pradesh,SPSR Nellore,2024-04-20,2024,04,0.0001061242,NRSC VIC MODEL
Andhra Pradesh,SPSR Nellore,2024-04-23,2024,04,0.0,NRSC VIC MODEL
Andhra Pradesh,SPSR Nellore,2024-04-29,2024,04,0.0,NRSC VIC MODEL
Andhra Pradesh,SPSR Nellore,2024-05-01,2024,05,0.0,NRSC VIC MODEL
Andhra Pradesh,SPSR Nellore,2024-05-02,2024,05,0.0002824076,NRSC VIC MODEL
Andhra Pradesh,SPSR Nellore,2024-05-09,2024,05,0.0063636621,NRSC VIC MODEL
Andhra Pradesh,SPSR Nellore,2024-05-11,2024,05,0.0,NRSC VIC MODEL
Andhra Pradesh,SPSR Nellore,2024-05-19,2024,05,2.3160081148,NRSC VIC MODEL
Andhra Pradesh,SPSR Nellore,2024-06-09,2024,06,20.1730313777,NRSC VIC MODEL
Andhra Pradesh,SPSR Nellore,2024-06-28,2024,06,1.5621249893,NRSC VIC MODEL
Andhra Pradesh,SPSR Nellore,2024-06-29,2024,06,0.8211452959,NRSC VIC MODEL
Andhra Pradesh,SPSR Nellore,2024-06-30,2024,06,8.4475639024,NRSC VIC MODEL
Andhra Pradesh,SPSR Nellore,2024-07-02,2024,07,2.5905572592,NRSC VIC MODEL
Andhra Pradesh,SPSR Nellore,2024-07-03,2024,07,0.1851379664,NRSC VIC MODEL
Andhra Pradesh,SPSR Nellore,2024-07-14,2024,07,3.5232882435,NRSC VIC MODEL
Andhra Pradesh,SPSR Nellore,2024-07-20,2024,07,12.3832093471,NRSC VIC MODEL
Andhra Pradesh,SPSR Nellore,2024-07-24,2024,07,1.4069584718,NRSC VIC MODEL
Andhra Pradesh,SPSR Nellore,2024-07-26,2024,07,1.2448453972,NRSC VIC MODEL
Andhra Pradesh,SPSR Nellore,2024-07-30,2024,07,8.4956074802,NRSC VIC MODEL
Andhra Pradesh,SPSR Nellore,2024-08-01,2024,08,0.7387590097,NRSC VIC MODEL
Andhra Pradesh,SPSR Nellore,2024-08-05,2024,08,1.7656351627,NRSC VIC MODEL
Andhra Pradesh,SPSR Nellore,2024-08-13,2024,08,1.3325269184,NRSC VIC MODEL
Andhra Pradesh,SPSR Nellore,2024-08-20,2024,08,2.1220255999,NRSC VIC MODEL
Andhra Pradesh,SPSR Nellore,2024-08-23,2024,08,3.0409977211,NRSC VIC MODEL
Andhra Pradesh,SPSR Nellore,2024-08-25,2024,08,0.6481775239,NRSC VIC MODEL
Andhra Pradesh,SPSR Nellore,2024-08-26,2024,08,1.0121404705,NRSC VIC MODEL
Andhra Pradesh,SPSR Nellore,2024-08-29,2024,08,8.9959651675,NRSC VIC MODEL
Andhra Pradesh,SPSR Nellore,2024-09-01,2024,09,0.0353133638,NRSC VIC MODEL
Andhra Pradesh,SPSR Nellore,2024-09-02,2024,09,1.1085659485,NRSC VIC MODEL
Andhra Pradesh,SPSR Nellore,2024-09-05,2024,09,4.0890850337,NRSC VIC MODEL
Andhra Pradesh,SPSR Nellore,2024-09-21,2024,09,7.0385297271,NRSC VIC MODEL
Andhra Pradesh,SPSR Nellore,2024-10-06,2024,10,0.278279201,NRSC VIC MODEL
Andhra Pradesh,SPSR Nellore,2024-10-10,2024,10,7.502667264,NRSC VIC MODEL
Andhra Pradesh,SPSR Nellore,2024-10-16,2024,10,21.1721544097,NRSC VIC MODEL
Andhra Pradesh,SPSR Nellore,2024-10-21,2024,10,1.8666885655,NRSC VIC MODEL
Andhra Pradesh,Vizianagaram,2024-01-08,2024,01,0.0018905321,NRSC VIC MODEL
Andhra Pradesh,Vizianagaram,2024-01-12,2024,01,0.0,NRSC VIC MODEL
Andhra Pradesh,Vizianagaram,2024-01-24,2024,01,0.022109975,NRSC VIC MODEL
Andhra Pradesh,Vizianagaram,2024-02-01,2024,02,0.0,NRSC VIC MODEL
Andhra Pradesh,Vizianagaram,2024-02-10,2024,02,0.0,NRSC VIC MODEL
Andhra Pradesh,Vizianagaram,2024-02-17,2024,02,0.0003211609,NRSC VIC MODEL
Andhra Pradesh,Vizianagaram,2024-02-25,2024,02,0.0,NRSC VIC MODEL
Andhra Pradesh,Vizianagaram,2024-02-28,2024,02,5.47264e-05,NRSC VIC MODEL
Andhra Pradesh,Vizianagaram,2024-03-02,2024,03,0.0001946602,NRSC VIC MODEL
Andhra Pradesh,Vizianagaram,2024-03-16,2024,03,0.1400168325,NRSC VIC MODEL
Andhra Pradesh,Vizianagaram,2024-03-17,2024,03,0.0759227765,NRSC VIC MODEL
Andhra Pradesh,Vizianagaram,2024-03-28,2024,03,3.91733e-05,NRSC VIC MODEL
Andhra Pradesh,Vizianagaram,2024-03-29,2024,03,0.0,NRSC VIC MODEL
Andhra Pradesh,Vizianagaram,2024-03-30,2024,03,0.0004302473,NRSC VIC MODEL
Andhra Pradesh,Vizianagaram,2024-04-13,2024,04,0.2216080189,NRSC VIC MODEL
Andhra Pradesh,Vizianagaram,2024-04-26,2024,04,0.7787712186,NRSC VIC MODEL
Andhra Pradesh,Vizianagaram,2024-04-29,2024,04,1.3440448847,NRSC VIC MODEL
Andhra Pradesh,Vizianagaram,2024-05-04,2024,05,1.017311381,NRSC VIC MODEL
Andhra Pradesh,Vizianagaram,2024-05-06,2024,05,0.0562675612,NRSC VIC MODEL
Andhra Pradesh,Vizianagaram,2024-05-15,2024,05,4.8707271361,NRSC VIC MODEL
Andhra Pradesh,Vizianagaram,2024-05-21,2024,05,1.3422649955,NRSC VIC MODEL
Andhra Pradesh,Vizianagaram,2024-05-25,2024,05,4.9150096154,NRSC VIC MODEL
Andhra Pradesh,Vizianagaram,2024-06-02,2024,06,1.3222210648,NRSC VIC MODEL
Andhra Pradesh,Vizianagaram,2024-06-04,2024,06,0.0027101535,NRSC VIC MODEL
Andhra Pradesh,Vizianagaram,2024-06-09,2024,06,0.0663374365,NRSC VIC MODEL
Andhra Pradesh,Vizianagaram,2024-06-10,2024,06,0.0088264664,NRSC VIC MODEL
Andhra Pradesh,Vizianagaram,2024-06-11,2024,06,0.0001201238,NRSC VIC MODEL
Andhra Pradesh,Vizianagaram,2024-06-21,2024,06,0.7404102823,NRSC VIC MODEL
Andhra Pradesh,Vizianagaram,2024-06-29,2024,06,1.3047399105,NRSC VIC MODEL
Andhra Pradesh,Vizianagaram,2024-07-01,2024,07,0.837067423,NRSC VIC MODEL
Andhra Pradesh,Vizianagaram,2024-07-13,2024,07,4.8175769506,NRSC VIC MODEL
Andhra Pradesh,Vizianagaram,2024-07-15,2024,07,4.2871173548,NRSC VIC MODEL
Andhra Pradesh,Vizianagaram,2024-07-23,2024,07,17.2824035953,NRSC VIC MODEL
Andhra Pradesh,Vizianagaram,2024-07-26,2024,07,12.2558167626,NRSC VIC MODEL
Andhra Pradesh,Vizianagaram,2024-08-03,2024,08,2.7602306211,NRSC VIC MODEL
Andhra Pradesh,Vizianagaram,2024-08-07,2024,08,17.2243341222,NRSC VIC MODEL
Andhra Pradesh,Vizianagaram,2024-08-13,2024,08,1.3412947089,NRSC VIC MODEL
Andhra Pradesh,Vizianagaram,2024-08-23,2024,08,6.7634628458,NRSC VIC MODEL
Andhra Pradesh,Vizianagaram,2024-08-25,2024,08,4.7220627558,NRSC VIC MODEL
Andhra Pradesh,Vizianagaram,2024-08-28,2024,08,21.0821595994,NRSC VIC MODEL
Andhra Pradesh,Vizianagaram,2024-09-09,2024,09,8.4275613622,NRSC VIC MODEL
Andhra Pradesh,Vizianagaram,2024-09-10,2024,09,1.5089447929,NRSC VIC MODEL
Andhra Pradesh,Vizianagaram,2024-10-02,2024,10,7.4379139377,NRSC VIC MODEL
Andhra Pradesh,Vizianagaram,2024-10-06,2024,10,1.9807229982,NRSC VIC MODEL
Andhra Pradesh,Vizianagaram,2024-10-11,2024,10,1.8305205696,NRSC VIC MODEL
Andhra Pradesh,Vizianagaram,2024-10-16,2024,10,5.550599864,NRSC VIC MODEL
Andhra Pradesh,Vizianagaram,2024-10-26,2024,10,3.2525847352,NRSC VIC MODEL
Andhra Pradesh,Vizianagaram,2024-11-04,2024,11,0.0,NRSC VIC MODEL
Andhra Pradesh,Vizianagaram,2024-11-07,2024,11,0.2992773302,NRSC VIC MODEL
Andhra Pradesh,Vizianagaram,2024-11-12,2024,11,0.1747599275,NRSC VIC MODEL
Andhra Pradesh,Vizianagaram,2024-11-14,2024,11,4.9231e-05,NRSC VIC MODEL
Andhra Pradesh,Vizianagaram,2024-11-15,2024,11,0.0002697982,NRSC VIC MODEL
Andhra Pradesh,Vizianagaram,2024-11-22,2024,11,0.0,NRSC VIC MODEL
Andhra Pradesh,Vizianagaram,2024-12-02,2024,12,5.2476778695,NRSC VIC MODEL
Andhra Pradesh,Vizianagaram,2024-12-05,2024,12,0.0,NRSC VIC MODEL
Andhra Pradesh,Vizianagaram,2024-12-10,2024,12,0.0,NRSC VIC MODEL
Andhra Pradesh,Vizianagaram,2024-12-17,2024,12,0.0004078876,NRSC VIC MODEL
Andhra Pradesh,Vizianagaram,2024-12-29,2024,12,0.0571346979,NRSC VIC MODEL
Andhra Pradesh,West Godavari,2024-01-07,2024,01,0.0,NRSC VIC MODEL
Andhra Pradesh,West Godavari,2024-01-13,2024,01,0.0,NRSC VIC MODEL
Andhra Pradesh,West Godavari,2024-01-14,2024,01,0.0,NRSC VIC MODEL
Andhra Pradesh,West Godavari,2024-01-18,2024,01,0.0,NRSC VIC MODEL
Andhra Pradesh,West Godavari,2024-01-20,2024,01,0.0090838006,NRSC VIC MODEL
Andhra Pradesh,West Godavari,2024-01-27,2024,01,0.1297828977,NRSC VIC MODEL
Andhra Pradesh,West Godavari,2024-02-05,2024,02,0.0,NRSC VIC MODEL
Andhra Pradesh,West Godavari,2024-02-15,2024,02,0.0087442799,NRSC VIC MODEL
Andhra Pradesh,West Godavari,2024-02-17,2024,02,0.0,NRSC VIC MODEL
Andhra Pradesh,West Godavari,2024-02-24,2024,02,0.0,NRSC VIC MODEL
Andhra Pradesh,West Godavari,2024-03-09,2024,03,0.000428576,NRSC VIC MODEL
Andhra Pradesh,West Godavari,2024-03-15,2024,03,0.0026610395,NRSC VIC MODEL
Andhra Pradesh,West Godavari,2024-03-19,2024,03,0.0184520733,NRSC VIC MODEL
Andhra Pradesh,West Godavari,2024-03-20,2024,03,0.0500064571,NRSC VIC MODEL
Andhra Pradesh,West Godavari,2024-04-04,2024,04,0.0490520144,NRSC VIC MODEL
Andhra Pradesh,West Godavari,2024-04-19,2024,04,0.0233479159,NRSC VIC MODEL
Andhra Pradesh,West Godavari,2024-04-24,2024,04,0.0,NRSC VIC MODEL
Andhra Pradesh,West Godavari,2024-04-27,2024,04,0.0515610684,NRSC VIC MODEL
Andhra Pradesh,West Godavari,2024-04-28,2024,04,0.0001518847,NRSC VIC MODEL
Andhra Pradesh,West Godavari,2024-05-02,2024,05,3.8018e-06,NRSC VIC MODEL
Andhra Pradesh,West Godavari,2024-05-09,2024,05,0.0,NRSC VIC MODEL
Andhra Pradesh,West Godavari,2024-05-13,2024,05,2.4393035973,NRSC VIC MODEL
Andhra Pradesh,West Godavari,2024-05-15,2024,05,10.5148319031,NRSC VIC MODEL
Andhra Pradesh,West Godavari,2024-05-18,2024,05,5.7994326197,NRSC VIC MODEL
Andhra Pradesh,West Godavari,2024-05-24,2024,05,1.5093717575,NRSC VIC MODEL
Andhra Pradesh,West Godavari,2024-05-25,2024,05,3.7669944842,NRSC VIC MODEL
Andhra Pradesh,West Godavari,2024-06-01,2024,06,2.3494527706,NRSC VIC MODEL
Andhra Pradesh,West Godavari,2024-06-05,2024,06,0.0544579378,NRSC VIC MODEL
Andhra Pradesh,West Godavari,2024-06-14,2024,06,0.2612590278,NRSC VIC MODEL
Andhra Pradesh,West Godavari,2024-06-19,2024,06,9.5923733005,NRSC VIC MODEL
Andhra Pradesh,West Godavari,2024-06-22,2024,06,16.4351915737,NRSC VIC MODEL
Andhra Pradesh,West Godavari,2024-07-04,2024,07,0.6737710615,NRSC VIC MODEL
Andhra Pradesh,West Godavari,2024-07-05,2024,07,25.5355527899,NRSC VIC MODEL
Andhra Pradesh,West Godavari,2024-07-18,2024,07,12.1458861463,NRSC VIC MODEL
Andhra Pradesh,West Godavari,2024-07-24,2024,07,2.5847960765,NRSC VIC MODEL
Andhra Pradesh,West Godavari,2024-08-05,2024,08,2.2495394705,NRSC VIC MODEL
Andhra Pradesh,West Godavari,2024-08-07,2024,08,12.690346946,NRSC VIC MODEL
Andhra Pradesh,West Godavari,2024-08-11,2024,08,7.3233326224,NRSC VIC MODEL
Andhra Pradesh,West Godavari,2024-08-15,2024,08,3.2499414714,NRSC VIC MODEL
Andhra Pradesh,West Godavari,2024-08-19,2024,08,2.0434111473,NRSC VIC MODEL
Andhra Pradesh,West Godavari,2024-08-22,2024,08,11.6373718472,NRSC VIC MODEL
Andhra Pradesh,West Godavari,2024-08-23,2024,08,12.2787954519,NRSC VIC MODEL
Andhra Pradesh,West Godavari,2024-08-24,2024,08,20.4368964379,NRSC VIC MODEL
Andhra Pradesh,West Godavari,2024-08-25,2024,08,14.1911710064,NRSC VIC MODEL
Andhra Pradesh,West Godavari,2024-08-26,2024,08,8.6889696942,NRSC VIC MODEL
Andhra Pradesh,West Godavari,2024-09-01,2024,09,5.0041479469,NRSC VIC MODEL
Andhra Pradesh,West Godavari,2024-09-04,2024,09,34.8280443222,NRSC VIC MODEL
Andhra Pradesh,West Godavari,2024-09-09,2024,09,5.0534252481,NRSC VIC MODEL
Andhra Pradesh,West Godavari,2024-09-12,2024,09,2.2020091402,NRSC VIC MODEL
Andhra Pradesh,West Godavari,2024-09-27,2024,09,11.315656313,NRSC VIC MODEL
Andhra Pradesh,West Godavari,2024-10-01,2024,10,1.8562627186,NRSC VIC MODEL
Andhra Pradesh,West Godavari,2024-10-04,2024,10,0.6102170673,NRSC VIC MODEL
Andhra Pradesh,West Godavari,2024-10-09,2024,10,5.4377352621,NRSC VIC MODEL
Andhra Pradesh,West Godavari,2024-10-12,2024,10,1.9355426377,NRSC VIC MODEL
Andhra Pradesh,West Godavari,2024-10-16,2024,10,6.1650506308,NRSC VIC MODEL
Andhra Pradesh,West Godavari,2024-10-18,2024,10,8.7872746716,NRSC VIC MODEL
Andhra Pradesh,West Godavari,2024-10-21,2024,10,5.3272758456,NRSC VIC MODEL
Andhra Pradesh,West Godavari,2024-10-25,2024,10,0.0821002444,NRSC VIC MODEL
Andhra Pradesh,West Godavari,2024-10-30,2024,10,0.0524361948,NRSC VIC MODEL
Andhra Pradesh,West Godavari,2024-11-09,2024,11,0.6315992827,NRSC VIC MODEL
Andhra Pradesh,West Godavari,2024-11-11,2024,11,0.4501285882,NRSC VIC MODEL
Andhra Pradesh,West Godavari,2024-11-12,2024,11,0.0611477443,NRSC VIC MODEL
Andhra Pradesh,West Godavari,2024-11-19,2024,11,0.0,NRSC VIC MODEL
Andhra Pradesh,West Godavari,2024-11-20,2024,11,0.0,NRSC VIC MODEL
Andhra Pradesh,West Godavari,2024-11-24,2024,11,0.0,NRSC VIC MODEL
Andhra Pradesh,West Godavari,2024-11-25,2024,11,0.0536232354,NRSC VIC MODEL
Andhra Pradesh,West Godavari,2024-11-26,2024,11,0.0001117467,NRSC VIC MODEL
Andhra Pradesh,West Godavari,2024-11-27,2024,11,0.0075573793,NRSC VIC MODEL
Andhra Pradesh,West Godavari,2024-12-02,2024,12,2.4076700877,NRSC VIC MODEL
Andhra Pradesh,West Godavari,2024-12-05,2024,12,0.0002704733,NRSC VIC MODEL
Andhra Pradesh,West Godavari,2024-12-17,2024,12,0.0080017505,NRSC VIC MODEL
Andhra Pradesh,West Godavari,2024-12-19,2024,12,1.8376000279,NRSC VIC MODEL
Andhra Pradesh,West Godavari,2024-12-20,2024,12,0.7606816153,NRSC VIC MODEL
Andhra Pradesh,West Godavari,2024-12-25,2024,12,1.8464445857,NRSC VIC MODEL
Andhra Pradesh,West Godavari,2024-12-26,2024,12,0.1985133232,NRSC VIC MODEL
Andhra Pradesh,West Godavari,2024-12-30,2024,12,0.0,NRSC VIC MODEL
Andhra Pradesh,Y.S.R.,2024-01-01,2024,01,0.1585360919,NRSC VIC MODEL
Andhra Pradesh,Y.S.R.,2024-01-13,2024,01,0.0,NRSC VIC MODEL
Andhra Pradesh,Y.S.R.,2024-01-15,2024,01,0.0,NRSC VIC MODEL
Andhra Pradesh,Y.S.R.,2024-01-17,2024,01,0.0,NRSC VIC MODEL
Andhra Pradesh,Y.S.R.,2024-01-19,2024,01,0.0,NRSC VIC MODEL
Andhra Pradesh,Y.S.R.,2024-01-23,2024,01,0.0,NRSC VIC MODEL
Andhra Pradesh,Y.S.R.,2024-01-27,2024,01,0.1553678069,NRSC VIC MODEL
Andhra Pradesh,Y.S.R.,2024-01-30,2024,01,0.017632482,NRSC VIC MODEL
Andhra Pradesh,Y.S.R.,2024-02-06,2024,02,0.0011513779,NRSC VIC MODEL
Andhra Pradesh,Y.S.R.,2024-02-14,2024,02,0.0021599523,NRSC VIC MODEL
Andhra Pradesh,Y.S.R.,2024-02-17,2024,02,0.0,NRSC VIC MODEL
Andhra Pradesh,Y.S.R.,2024-02-18,2024,02,0.0079280685,NRSC VIC MODEL
Andhra Pradesh,Y.S.R.,2024-03-04,2024,03,0.0,NRSC VIC MODEL
Andhra Pradesh,Y.S.R.,2024-03-06,2024,03,0.0,NRSC VIC MODEL
Andhra Pradesh,Y.S.R.,2024-03-09,2024,03,0.0,NRSC VIC MODEL
Andhra Pradesh,Y.S.R.,2024-03-21,2024,03,6.03337e-05,NRSC VIC MODEL
Andhra Pradesh,Y.S.R.,2024-03-23,2024,03,0.0,NRSC VIC MODEL
Andhra Pradesh,SPSR Nellore,2024-10-31,2024,10,0.3566733418,NRSC VIC MODEL
Andhra Pradesh,SPSR Nellore,2024-11-10,2024,11,3.2828551937,NRSC VIC MODEL
Andhra Pradesh,SPSR Nellore,2024-11-11,2024,11,3.9006118884,NRSC VIC MODEL
Andhra Pradesh,SPSR Nellore,2024-11-16,2024,11,5.9332032995,NRSC VIC MODEL
Andhra Pradesh,SPSR Nellore,2024-11-18,2024,11,0.1570812823,NRSC VIC MODEL
Andhra Pradesh,SPSR Nellore,2024-12-02,2024,12,9.92285144,NRSC VIC MODEL
Andhra Pradesh,SPSR Nellore,2024-12-15,2024,12,0.0,NRSC VIC MODEL
Andhra Pradesh,SPSR Nellore,2024-12-20,2024,12,4.9971883426,NRSC VIC MODEL
Andhra Pradesh,SPSR Nellore,2024-12-22,2024,12,0.0002359385,NRSC VIC MODEL
Andhra Pradesh,SPSR Nellore,2024-12-26,2024,12,2.6445468715,NRSC VIC MODEL
Andhra Pradesh,Srikakulam,2024-01-06,2024,01,0.0,NRSC VIC MODEL
Andhra Pradesh,Srikakulam,2024-01-09,2024,01,4.59e-07,NRSC VIC MODEL
Andhra Pradesh,Srikakulam,2024-01-12,2024,01,0.0,NRSC VIC MODEL
Andhra Pradesh,Srikakulam,2024-01-29,2024,01,0.0,NRSC VIC MODEL
Andhra Pradesh,Srikakulam,2024-02-05,2024,02,0.0,NRSC VIC MODEL
Andhra Pradesh,Srikakulam,2024-02-11,2024,02,0.0,NRSC VIC MODEL
Andhra Pradesh,Srikakulam,2024-02-15,2024,02,0.0085783415,NRSC VIC MODEL
Andhra Pradesh,Srikakulam,2024-02-27,2024,02,0.0004289553,NRSC VIC MODEL
Andhra Pradesh,Srikakulam,2024-03-16,2024,03,0.109613746,NRSC VIC MODEL
Andhra Pradesh,Srikakulam,2024-03-18,2024,03,0.0033868541,NRSC VIC MODEL
Andhra Pradesh,Srikakulam,2024-03-19,2024,03,0.1918619023,NRSC VIC MODEL
Andhra Pradesh,Srikakulam,2024-03-29,2024,03,0.0,NRSC VIC MODEL
Andhra Pradesh,Srikakulam,2024-03-30,2024,03,0.0001224205,NRSC VIC MODEL
Andhra Pradesh,Srikakulam,2024-04-04,2024,04,0.5012972876,NRSC VIC MODEL
Andhra Pradesh,Srikakulam,2024-04-09,2024,04,0.0069634678,NRSC VIC MODEL
Andhra Pradesh,Srikakulam,2024-04-18,2024,04,0.1271248589,NRSC VIC MODEL
Andhra Pradesh,Srikakulam,2024-04-23,2024,04,0.0172409725,NRSC VIC MODEL
Andhra Pradesh,Srikakulam,2024-05-01,2024,05,0.0134619329,NRSC VIC MODEL
Andhra Pradesh,Srikakulam,2024-05-03,2024,05,0.0004055286,NRSC VIC MODEL
Andhra Pradesh,Srikakulam,2024-05-11,2024,05,0.4394317056,NRSC VIC MODEL
Andhra Pradesh,Srikakulam,2024-05-23,2024,05,0.0527322119,NRSC VIC MODEL
Andhra Pradesh,Srikakulam,2024-05-28,2024,05,0.0,NRSC VIC MODEL
Andhra Pradesh,Srikakulam,2024-05-30,2024,05,2.028e-07,NRSC VIC MODEL
Andhra Pradesh,Srikakulam,2024-06-04,2024,06,0.0,NRSC VIC MODEL
Andhra Pradesh,Srikakulam,2024-06-06,2024,06,2.4170035465,NRSC VIC MODEL
Andhra Pradesh,Srikakulam,2024-06-08,2024,06,4.37489e-05,NRSC VIC MODEL
Andhra Pradesh,Srikakulam,2024-06-10,2024,06,2.366e-07,NRSC VIC MODEL
Andhra Pradesh,Srikakulam,2024-06-18,2024,06,0.3144714759,NRSC VIC MODEL
Andhra Pradesh,Srikakulam,2024-06-20,2024,06,0.2196228894,NRSC VIC MODEL
Andhra Pradesh,Srikakulam,2024-06-22,2024,06,5.7415061364,NRSC VIC MODEL
Andhra Pradesh,Srikakulam,2024-07-01,2024,07,4.2441181081,NRSC VIC MODEL
Andhra Pradesh,Srikakulam,2024-07-05,2024,07,1.7983634108,NRSC VIC MODEL
Andhra Pradesh,Srikakulam,2024-07-07,2024,07,0.9764965366,NRSC VIC MODEL
Andhra Pradesh,Srikakulam,2024-07-08,2024,07,5.1822308412,NRSC VIC MODEL
Andhra Pradesh,Srikakulam,2024-07-13,2024,07,4.151856334,NRSC VIC MODEL
Andhra Pradesh,Srikakulam,2024-07-17,2024,07,10.3758688239,NRSC VIC MODEL
Andhra Pradesh,Srikakulam,2024-07-23,2024,07,15.7694893729,NRSC VIC MODEL
Andhra Pradesh,Srikakulam,2024-07-25,2024,07,0.0,NRSC VIC MODEL
Andhra Pradesh,Srikakulam,2024-07-27,2024,07,2.5356470467,NRSC VIC MODEL
Andhra Pradesh,Srikakulam,2024-07-29,2024,07,0.006563389,NRSC VIC MODEL
Andhra Pradesh,Srikakulam,2024-08-01,2024,08,3.0729616048,NRSC VIC MODEL
Andhra Pradesh,Srikakulam,2024-08-09,2024,08,1.748619822,NRSC VIC MODEL
Andhra Pradesh,Srikakulam,2024-08-12,2024,08,6.6271371152,NRSC VIC MODEL
Andhra Pradesh,Srikakulam,2024-08-14,2024,08,7.5287131157,NRSC VIC MODEL
Andhra Pradesh,Srikakulam,2024-08-15,2024,08,4.143955857,NRSC VIC MODEL
Andhra Pradesh,Srikakulam,2024-08-18,2024,08,3.0031580262,NRSC VIC MODEL
Andhra Pradesh,Srikakulam,2024-09-08,2024,09,0.3541752529,NRSC VIC MODEL
Andhra Pradesh,Srikakulam,2024-09-09,2024,09,4.5768879286,NRSC VIC MODEL
Andhra Pradesh,Srikakulam,2024-09-13,2024,09,3.1969925507,NRSC VIC MODEL
Andhra Pradesh,Srikakulam,2024-09-14,2024,09,4.535097759,NRSC VIC MODEL
Andhra Pradesh,Srikakulam,2024-09-18,2024,09,5.0795165974,NRSC VIC MODEL
Andhra Pradesh,Srikakulam,2024-09-19,2024,09,8.9358953368,NRSC VIC MODEL
Andhra Pradesh,Srikakulam,2024-09-22,2024,09,5.9727947564,NRSC VIC MODEL
Andhra Pradesh,Srikakulam,2024-10-07,2024,10,3.5514419126,NRSC VIC MODEL
Andhra Pradesh,Srikakulam,2024-10-10,2024,10,0.0006107145,NRSC VIC MODEL
Andhra Pradesh,Srikakulam,2024-10-14,2024,10,0.5348574133,NRSC VIC MODEL
Andhra Pradesh,Srikakulam,2024-10-18,2024,10,5.7826047939,NRSC VIC MODEL
Andhra Pradesh,Srikakulam,2024-10-20,2024,10,2.3507432912,NRSC VIC MODEL
Andhra Pradesh,Srikakulam,2024-10-24,2024,10,0.000136508,NRSC VIC MODEL
Andhra Pradesh,Srikakulam,2024-10-28,2024,10,2.9644664554,NRSC VIC MODEL
Andhra Pradesh,Srikakulam,2024-11-03,2024,11,0.0,NRSC VIC MODEL
Andhra Pradesh,Srikakulam,2024-11-18,2024,11,0.0,NRSC VIC MODEL
Andhra Pradesh,Srikakulam,2024-11-20,2024,11,0.0,NRSC VIC MODEL
Andhra Pradesh,Srikakulam,2024-11-23,2024,11,0.0,NRSC VIC MODEL
Andhra Pradesh,Srikakulam,2024-11-29,2024,11,0.0538569987,NRSC VIC MODEL
Andhra Pradesh,Srikakulam,2024-12-07,2024,12,0.0,NRSC VIC MODEL
Andhra Pradesh,Srikakulam,2024-12-12,2024,12,0.0,NRSC VIC MODEL
Andhra Pradesh,Srikakulam,2024-12-14,2024,12,0.0,NRSC VIC MODEL
Andhra Pradesh,Srikakulam,2024-12-27,2024,12,0.0,NRSC VIC MODEL
Andhra Pradesh,Srikakulam,2024-12-28,2024,12,0.0,NRSC VIC MODEL
Andhra Pradesh,Visakhapatanam,2024-01-07,2024,01,0.0,NRSC VIC MODEL
Andhra Pradesh,Visakhapatanam,2024-01-14,2024,01,0.0,NRSC VIC MODEL
Andhra Pradesh,Visakhapatanam,2024-01-18,2024,01,0.0,NRSC VIC MODEL
Andhra Pradesh,Visakhapatanam,2024-01-19,2024,01,3.24708e-05,NRSC VIC MODEL
Andhra Pradesh,Visakhapatanam,2024-01-22,2024,01,0.0,NRSC VIC MODEL
Andhra Pradesh,Visakhapatanam,2024-01-30,2024,01,4.58172e-05,NRSC VIC MODEL
Andhra Pradesh,Visakhapatanam,2024-02-08,2024,02,5.77222e-05,NRSC VIC MODEL
Andhra Pradesh,Visakhapatanam,2024-02-10,2024,02,0.0,NRSC VIC MODEL
Andhra Pradesh,Visakhapatanam,2024-02-20,2024,02,0.0,NRSC VIC MODEL
Andhra Pradesh,Visakhapatanam,2024-02-21,2024,02,0.0,NRSC VIC MODEL
Andhra Pradesh,Visakhapatanam,2024-02-24,2024,02,0.0,NRSC VIC MODEL
Andhra Pradesh,Visakhapatanam,2024-03-14,2024,03,0.2913650161,NRSC VIC MODEL
Andhra Pradesh,Visakhapatanam,2024-03-21,2024,03,4.769070913,NRSC VIC MODEL
Andhra Pradesh,Visakhapatanam,2024-03-22,2024,03,0.0,NRSC VIC MODEL
Andhra Pradesh,Visakhapatanam,2024-04-04,2024,04,1.0506970786,NRSC VIC MODEL
Andhra Pradesh,Visakhapatanam,2024-04-15,2024,04,0.0,NRSC VIC MODEL
Andhra Pradesh,Visakhapatanam,2024-04-17,2024,04,0.0,NRSC VIC MODEL
Andhra Pradesh,Visakhapatanam,2024-04-20,2024,04,1.1832765823,NRSC VIC MODEL
Andhra Pradesh,Visakhapatanam,2024-04-23,2024,04,3.1539555998,NRSC VIC MODEL
Andhra Pradesh,Visakhapatanam,2024-04-26,2024,04,0.5290451299,NRSC VIC MODEL
Andhra Pradesh,Visakhapatanam,2024-05-05,2024,05,0.0003035958,NRSC VIC MODEL
Andhra Pradesh,Visakhapatanam,2024-05-07,2024,05,9.2696832813,NRSC VIC MODEL
Andhra Pradesh,Visakhapatanam,2024-05-14,2024,05,5.0093872763,NRSC VIC MODEL
Andhra Pradesh,Visakhapatanam,2024-05-19,2024,05,8.0981626871,NRSC VIC MODEL
Andhra Pradesh,Visakhapatanam,2024-05-30,2024,05,0.0,NRSC VIC MODEL
Andhra Pradesh,Visakhapatanam,2024-05-31,2024,05,0.1746865594,NRSC VIC MODEL
Andhra Pradesh,Visakhapatanam,2024-06-05,2024,06,1.2910612526,NRSC VIC MODEL
Andhra Pradesh,Visakhapatanam,2024-06-11,2024,06,0.0878394388,NRSC VIC MODEL
Andhra Pradesh,Visakhapatanam,2024-06-15,2024,06,13.1080194358,NRSC VIC MODEL
Andhra Pradesh,Visakhapatanam,2024-06-17,2024,06,5.4187757681,NRSC VIC MODEL
Andhra Pradesh,Visakhapatanam,2024-06-19,2024,06,1.9123558462,NRSC VIC MODEL
Andhra Pradesh,Visakhapatanam,2024-06-29,2024,06,0.7072986629,NRSC VIC MODEL
Andhra Pradesh,Visakhapatanam,2024-07-01,2024,07,6.4651295442,NRSC VIC MODEL
Andhra Pradesh,Visakhapatanam,2024-07-04,2024,07,2.303834503,NRSC VIC MODEL
Andhra Pradesh,Visakhapatanam,2024-07-08,2024,07,6.2793748875,NRSC VIC MODEL
Andhra Pradesh,Visakhapatanam,2024-07-14,2024,07,4.3193394812,NRSC VIC MODEL
Andhra Pradesh,Visakhapatanam,2024-07-22,2024,07,14.7264386458,NRSC VIC MODEL
Andhra Pradesh,Visakhapatanam,2024-07-27,2024,07,14.4169275161,NRSC VIC MODEL
Andhra Pradesh,Visakhapatanam,2024-08-17,2024,08,8.4898066797,NRSC VIC MODEL
Andhra Pradesh,Visakhapatanam,2024-08-20,2024,08,3.3638009617,NRSC VIC MODEL
Andhra Pradesh,Visakhapatanam,2024-08-26,2024,08,1.4655766555,NRSC VIC MODEL
Andhra Pradesh,Visakhapatanam,2024-09-02,2024,09,1.219134078,NRSC VIC MODEL
Andhra Pradesh,Visakhapatanam,2024-09-06,2024,09,15.9807078092,NRSC VIC MODEL
Andhra Pradesh,Visakhapatanam,2024-09-13,2024,09,0.8261654884,NRSC VIC MODEL
Andhra Pradesh,Visakhapatanam,2024-09-14,2024,09,1.8957977843,NRSC VIC MODEL
Andhra Pradesh,Visakhapatanam,2024-09-15,2024,09,0.1134010468,NRSC VIC MODEL
Andhra Pradesh,Visakhapatanam,2024-09-18,2024,09,0.3832748908,NRSC VIC MODEL
Andhra Pradesh,Visakhapatanam,2024-09-21,2024,09,11.898239219,NRSC VIC MODEL
Andhra Pradesh,Visakhapatanam,2024-09-25,2024,09,8.8118452949,NRSC VIC MODEL
Andhra Pradesh,Visakhapatanam,2024-09-28,2024,09,4.6727854437,NRSC VIC MODEL
Andhra Pradesh,Visakhapatanam,2024-09-30,2024,09,5.8839512711,NRSC VIC MODEL
Andhra Pradesh,Visakhapatanam,2024-10-02,2024,10,6.796137145,NRSC VIC MODEL
Andhra Pradesh,Visakhapatanam,2024-10-08,2024,10,2.2148948138,NRSC VIC MODEL
Andhra Pradesh,Visakhapatanam,2024-10-19,2024,10,9.035603472,NRSC VIC MODEL
Andhra Pradesh,Visakhapatanam,2024-10-22,2024,10,8.0966798965,NRSC VIC MODEL
Andhra Pradesh,Visakhapatanam,2024-10-28,2024,10,0.4397225944,NRSC VIC MODEL
Andhra Pradesh,Visakhapatanam,2024-11-02,2024,11,9.7800990584,NRSC VIC MODEL
Andhra Pradesh,Visakhapatanam,2024-11-05,2024,11,0.0,NRSC VIC MODEL
Andhra Pradesh,Visakhapatanam,2024-11-09,2024,11,0.4996974935,NRSC VIC MODEL
Andhra Pradesh,Visakhapatanam,2024-11-17,2024,11,0.0,NRSC VIC MODEL
Andhra Pradesh,Visakhapatanam,2024-11-23,2024,11,0.0,NRSC VIC MODEL
Andhra Pradesh,Visakhapatanam,2024-12-01,2024,12,6.772207759,NRSC VIC MODEL
Andhra Pradesh,Visakhapatanam,2024-12-05,2024,12,0.0531818326,NRSC VIC MODEL
Andhra Pradesh,Visakhapatanam,2024-12-09,2024,12,0.0021716756,NRSC VIC MODEL
Andhra Pradesh,Visakhapatanam,2024-12-19,2024,12,2.3642875123,NRSC VIC MODEL
Andhra Pradesh,Visakhapatanam,2024-12-20,2024,12,8.075283701,NRSC VIC MODEL
Andhra Pradesh,Y.S.R.,2024-07-26,2024,07,1.6112948515,NRSC VIC MODEL
Andhra Pradesh,Y.S.R.,2024-07-30,2024,07,7.591628741,NRSC VIC MODEL
Andhra Pradesh,Y.S.R.,2024-08-09,2024,08,1.3234137834,NRSC VIC MODEL
Andhra Pradesh,Y.S.R.,2024-08-14,2024,08,2.7903137196,NRSC VIC MODEL
Andhra Pradesh,Y.S.R.,2024-08-17,2024,08,6.7032290695,NRSC VIC MODEL
Andhra Pradesh,Y.S.R.,2024-08-22,2024,08,3.3522423845,NRSC VIC MODEL
Andhra Pradesh,Y.S.R.,2024-08-23,2024,08,2.0563266459,NRSC VIC MODEL
Andhra Pradesh,Y.S.R.,2024-08-28,2024,08,0.4158725136,NRSC VIC MODEL
Andhra Pradesh,Y.S.R.,2024-09-06,2024,09,2.6350719873,NRSC VIC MODEL
Andhra Pradesh,Y.S.R.,2024-09-08,2024,09,0.0,NRSC VIC MODEL
Andhra Pradesh,Y.S.R.,2024-09-09,2024,09,0.4895509774,NRSC VIC MODEL
Andhra Pradesh,Y.S.R.,2024-09-12,2024,09,0.0676660587,NRSC VIC MODEL
Andhra Pradesh,Y.S.R.,2024-09-13,2024,09,0.0379210956,NRSC VIC MODEL
Andhra Pradesh,Y.S.R.,2024-09-17,2024,09,0.1083712839,NRSC VIC MODEL
Andhra Pradesh,Y.S.R.,2024-09-22,2024,09,7.6134134478,NRSC VIC MODEL
Andhra Pradesh,Y.S.R.,2024-09-24,2024,09,7.0729460422,NRSC VIC MODEL
Andhra Pradesh,Y.S.R.,2024-10-03,2024,10,11.9700564152,NRSC VIC MODEL
Andhra Pradesh,Y.S.R.,2024-10-07,2024,10,1.361121246,NRSC VIC MODEL
Andhra Pradesh,Y.S.R.,2024-10-10,2024,10,2.6039703341,NRSC VIC MODEL
Andhra Pradesh,Y.S.R.,2024-10-13,2024,10,0.7171820919,NRSC VIC MODEL
Andhra Pradesh,Y.S.R.,2024-10-15,2024,10,16.1874827671,NRSC VIC MODEL
Andhra Pradesh,Y.S.R.,2024-10-19,2024,10,9.9351971617,NRSC VIC MODEL
Andhra Pradesh,Y.S.R.,2024-10-23,2024,10,1.3813952977,NRSC VIC MODEL
Andhra Pradesh,Y.S.R.,2024-10-27,2024,10,0.0301376093,NRSC VIC MODEL
Andhra Pradesh,Y.S.R.,2024-11-05,2024,11,0.1054017202,NRSC VIC MODEL
Andhra Pradesh,Y.S.R.,2024-11-06,2024,11,0.0190810404,NRSC VIC MODEL
Andhra Pradesh,Y.S.R.,2024-11-07,2024,11,2.0271390381,NRSC VIC MODEL
Andhra Pradesh,Y.S.R.,2024-11-13,2024,11,9.8218626568,NRSC VIC MODEL
Andhra Pradesh,Y.S.R.,2024-11-14,2024,11,7.7203820922,NRSC VIC MODEL
Andhra Pradesh,Y.S.R.,2024-11-16,2024,11,9.5452873739,NRSC VIC MODEL
Andhra Pradesh,Y.S.R.,2024-11-27,2024,11,2.3029317203,NRSC VIC MODEL
Andhra Pradesh,Y.S.R.,2024-11-29,2024,11,0.0693349633,NRSC VIC MODEL
Andhra Pradesh,Y.S.R.,2024-12-03,2024,12,13.9714359345,NRSC VIC MODEL
Andhra Pradesh,Y.S.R.,2024-12-04,2024,12,1.3667353519,NRSC VIC MODEL
Andhra Pradesh,Y.S.R.,2024-12-05,2024,12,18.7595654493,NRSC VIC MODEL
Andhra Pradesh,Y.S.R.,2024-12-09,2024,12,0.0123813214,NRSC VIC MODEL
Andhra Pradesh,Y.S.R.,2024-12-11,2024,12,0.0032822119,NRSC VIC MODEL
Andhra Pradesh,Y.S.R.,2024-12-21,2024,12,0.0120055313,NRSC VIC MODEL
Andhra Pradesh,Y.S.R.,2024-12-22,2024,12,0.0,NRSC VIC MODEL
Andhra Pradesh,Y.S.R.,2024-12-25,2024,12,0.9846330376,NRSC VIC MODEL
Andhra Pradesh,Y.S.R.,2024-12-26,2024,12,2.0781415358,NRSC VIC MODEL
Andhra Pradesh,Y.S.R.,2024-12-27,2024,12,5.7315962555,NRSC VIC MODEL
Andhra Pradesh,Y.S.R.,2024-12-28,2024,12,0.7477774513,NRSC VIC MODEL
Andhra Pradesh,East Godavari,2024-10-31,2024,10,3.192015342,NRSC VIC MODEL
Andhra Pradesh,East Godavari,2024-11-01,2024,11,0.104736104,NRSC VIC MODEL
Andhra Pradesh,East Godavari,2024-11-04,2024,11,0.209423524,NRSC VIC MODEL
Andhra Pradesh,East Godavari,2024-11-05,2024,11,0.0157514487,NRSC VIC MODEL
Andhra Pradesh,East Godavari,2024-11-08,2024,11,0.7920886696,NRSC VIC MODEL
Andhra Pradesh,East Godavari,2024-11-18,2024,11,0.0,NRSC VIC MODEL
Andhra Pradesh,East Godavari,2024-11-25,2024,11,0.0543552197,NRSC VIC MODEL
Andhra Pradesh,East Godavari,2024-11-26,2024,11,0.0024423437,NRSC VIC MODEL
Andhra Pradesh,East Godavari,2024-12-01,2024,12,9.1337493244,NRSC VIC MODEL
Andhra Pradesh,East Godavari,2024-12-05,2024,12,0.1784570858,NRSC VIC MODEL
Andhra Pradesh,East Godavari,2024-12-06,2024,12,1.5918599507,NRSC VIC MODEL
Andhra Pradesh,East Godavari,2024-12-11,2024,12,0.0035853537,NRSC VIC MODEL
Andhra Pradesh,East Godavari,2024-12-15,2024,12,1.2453e-06,NRSC VIC MODEL
Andhra Pradesh,East Godavari,2024-12-20,2024,12,0.786353706,NRSC VIC MODEL
Andhra Pradesh,East Godavari,2024-12-30,2024,12,0.0,NRSC VIC MODEL
Andhra Pradesh,Guntur,2024-01-08,2024,01,0.0050701139,NRSC VIC MODEL
Andhra Pradesh,Guntur,2024-01-17,2024,01,0.0,NRSC VIC MODEL
Andhra Pradesh,Guntur,2024-01-20,2024,01,0.0089725702,NRSC VIC MODEL
Andhra Pradesh,Guntur,2024-01-23,2024,01,0.0,NRSC VIC MODEL
Andhra Pradesh,Guntur,2024-01-28,2024,01,0.0,NRSC VIC MODEL
Andhra Pradesh,Guntur,2024-02-10,2024,02,0.0,NRSC VIC MODEL
Andhra Pradesh,Guntur,2024-02-11,2024,02,0.0,NRSC VIC MODEL
Andhra Pradesh,Guntur,2024-02-12,2024,02,0.0,NRSC VIC MODEL
Andhra Pradesh,Guntur,2024-02-21,2024,02,0.0,NRSC VIC MODEL
Andhra Pradesh,Guntur,2024-02-29,2024,02,0.0017578773,NRSC VIC MODEL
Andhra Pradesh,Guntur,2024-03-07,2024,03,0.0004969391,NRSC VIC MODEL
Andhra Pradesh,Guntur,2024-03-12,2024,03,0.0001863129,NRSC VIC MODEL
Andhra Pradesh,Guntur,2024-03-14,2024,03,0.015922576,NRSC VIC MODEL
Andhra Pradesh,Guntur,2024-03-23,2024,03,0.0,NRSC VIC MODEL
Andhra Pradesh,Guntur,2024-03-25,2024,03,0.0095233678,NRSC VIC MODEL
Andhra Pradesh,Guntur,2024-03-26,2024,03,0.0,NRSC VIC MODEL
Andhra Pradesh,Guntur,2024-03-27,2024,03,0.0190407377,NRSC VIC MODEL
Andhra Pradesh,Guntur,2024-03-31,2024,03,0.0,NRSC VIC MODEL
Andhra Pradesh,Guntur,2024-04-10,2024,04,0.0,NRSC VIC MODEL
Andhra Pradesh,Guntur,2024-04-13,2024,04,0.0,NRSC VIC MODEL
Andhra Pradesh,Guntur,2024-04-21,2024,04,0.0008416993,NRSC VIC MODEL
Andhra Pradesh,Guntur,2024-04-30,2024,04,0.0,NRSC VIC MODEL
Andhra Pradesh,Guntur,2024-05-02,2024,05,0.1399924976,NRSC VIC MODEL
Andhra Pradesh,Guntur,2024-05-05,2024,05,0.0,NRSC VIC MODEL
Andhra Pradesh,Guntur,2024-05-07,2024,05,4.2686154561,NRSC VIC MODEL
Andhra Pradesh,Guntur,2024-05-18,2024,05,1.4311057774,NRSC VIC MODEL
Andhra Pradesh,Guntur,2024-05-25,2024,05,1.1813853244,NRSC VIC MODEL
Andhra Pradesh,Guntur,2024-05-26,2024,05,3.2380771066,NRSC VIC MODEL
Andhra Pradesh,Guntur,2024-06-03,2024,06,22.1837668609,NRSC VIC MODEL
Andhra Pradesh,Guntur,2024-06-09,2024,06,1.0090164423,NRSC VIC MODEL
Andhra Pradesh,Guntur,2024-06-10,2024,06,1.5505715062,NRSC VIC MODEL
Andhra Pradesh,Guntur,2024-06-12,2024,06,1.1539932019,NRSC VIC MODEL
Andhra Pradesh,Guntur,2024-06-13,2024,06,2.4700799285,NRSC VIC MODEL
Andhra Pradesh,Guntur,2024-06-16,2024,06,0.7042864258,NRSC VIC MODEL
Andhra Pradesh,Guntur,2024-06-21,2024,06,0.0005320238,NRSC VIC MODEL
Andhra Pradesh,Guntur,2024-06-25,2024,06,0.0983297698,NRSC VIC MODEL
Andhra Pradesh,Guntur,2024-06-26,2024,06,0.4950259888,NRSC VIC MODEL
Andhra Pradesh,Guntur,2024-06-27,2024,06,14.987416371,NRSC VIC MODEL
Andhra Pradesh,Guntur,2024-06-28,2024,06,25.3094657497,NRSC VIC MODEL
Andhra Pradesh,Guntur,2024-06-29,2024,06,2.285844783,NRSC VIC MODEL
Andhra Pradesh,Guntur,2024-06-30,2024,06,47.8286643948,NRSC VIC MODEL
Andhra Pradesh,Guntur,2024-07-06,2024,07,7.4602011263,NRSC VIC MODEL
Andhra Pradesh,Guntur,2024-07-09,2024,07,2.6223926761,NRSC VIC MODEL
Andhra Pradesh,Guntur,2024-07-16,2024,07,13.673951156,NRSC VIC MODEL
Andhra Pradesh,Guntur,2024-07-18,2024,07,6.8709190841,NRSC VIC MODEL
Andhra Pradesh,Guntur,2024-07-22,2024,07,14.5286616395,NRSC VIC MODEL
Andhra Pradesh,Guntur,2024-07-26,2024,07,0.8801792213,NRSC VIC MODEL
Andhra Pradesh,Guntur,2024-07-28,2024,07,2.4147816406,NRSC VIC MODEL
Andhra Pradesh,Guntur,2024-08-03,2024,08,0.9435392675,NRSC VIC MODEL
Andhra Pradesh,Guntur,2024-08-07,2024,08,32.7705933052,NRSC VIC MODEL
Andhra Pradesh,Guntur,2024-08-09,2024,08,1.7502449246,NRSC VIC MODEL
Andhra Pradesh,Guntur,2024-08-19,2024,08,1.6063232729,NRSC VIC MODEL
Andhra Pradesh,Guntur,2024-08-20,2024,08,1.4158591808,NRSC VIC MODEL
Andhra Pradesh,Guntur,2024-08-21,2024,08,5.8923398106,NRSC VIC MODEL
Andhra Pradesh,Guntur,2024-08-22,2024,08,10.9368217634,NRSC VIC MODEL
Andhra Pradesh,Guntur,2024-08-25,2024,08,3.8215937699,NRSC VIC MODEL
Andhra Pradesh,Guntur,2024-08-26,2024,08,0.7731040338,NRSC VIC MODEL
Andhra Pradesh,Guntur,2024-08-28,2024,08,1.360292903,NRSC VIC MODEL
Andhra Pradesh,Guntur,2024-08-29,2024,08,13.7210380083,NRSC VIC MODEL
Andhra Pradesh,Guntur,2024-08-30,2024,08,30.4177890165,NRSC VIC MODEL
Andhra Pradesh,Guntur,2024-09-03,2024,09,6.0386976178,NRSC VIC MODEL
Andhra Pradesh,Guntur,2024-09-05,2024,09,9.743351325,NRSC VIC MODEL
Andhra Pradesh,Guntur,2024-09-11,2024,09,0.1661404259,NRSC VIC MODEL
Andhra Pradesh,Guntur,2024-09-13,2024,09,0.0774919467,NRSC VIC MODEL
Andhra Pradesh,Guntur,2024-09-16,2024,09,0.7302836383,NRSC VIC MODEL
Andhra Pradesh,Guntur,2024-09-17,2024,09,0.0957230378,NRSC VIC MODEL
Andhra Pradesh,Guntur,2024-09-20,2024,09,6.1935367277,NRSC VIC MODEL
Andhra Pradesh,Guntur,2024-09-26,2024,09,11.6881291131,NRSC VIC MODEL
Andhra Pradesh,Guntur,2024-09-28,2024,09,10.7122215582,NRSC VIC MODEL
Andhra Pradesh,Guntur,2024-09-30,2024,09,0.5941398943,NRSC VIC MODEL
Andhra Pradesh,Guntur,2024-10-05,2024,10,1.2635069579,NRSC VIC MODEL
Andhra Pradesh,Guntur,2024-10-13,2024,10,6.6731207769,NRSC VIC MODEL
Andhra Pradesh,Guntur,2024-10-21,2024,10,7.4235478682,NRSC VIC MODEL
Andhra Pradesh,Guntur,2024-10-24,2024,10,0.0,NRSC VIC MODEL
Andhra Pradesh,Guntur,2024-10-26,2024,10,0.7508572734,NRSC VIC MODEL
Andhra Pradesh,Guntur,2024-10-29,2024,10,6.21043e-05,NRSC VIC MODEL
Andhra Pradesh,Guntur,2024-11-10,2024,11,0.7853406743,NRSC VIC MODEL
Andhra Pradesh,Guntur,2024-11-11,2024,11,0.3250170035,NRSC VIC MODEL
Andhra Pradesh,Guntur,2024-11-12,2024,11,0.1375389601,NRSC VIC MODEL
Andhra Pradesh,Guntur,2024-11-25,2024,11,0.0014294794,NRSC VIC MODEL
Andhra Pradesh,Guntur,2024-11-26,2024,11,9.3743e-05,NRSC VIC MODEL
Andhra Pradesh,Guntur,2024-11-27,2024,11,0.041141966,NRSC VIC MODEL
Andhra Pradesh,Guntur,2024-11-30,2024,11,1.5139268892,NRSC VIC MODEL
Andhra Pradesh,Guntur,2024-12-06,2024,12,0.2859164072,NRSC VIC MODEL
Andhra Pradesh,Guntur,2024-12-22,2024,12,0.2036186468,NRSC VIC MODEL
Andhra Pradesh,Guntur,2024-12-27,2024,12,0.1102102609,NRSC VIC MODEL
Andhra Pradesh,Krishna,2024-01-11,2024,01,0.0239737822,NRSC VIC MODEL
Andhra Pradesh,Krishna,2024-01-12,2024,01,0.0,NRSC VIC MODEL
Andhra Pradesh,Krishna,2024-01-17,2024,01,0.0,NRSC VIC MODEL
Andhra Pradesh,Krishna,2024-01-19,2024,01,0.0003716185,NRSC VIC MODEL
Andhra Pradesh,Krishna,2024-01-27,2024,01,0.1252001216,NRSC VIC MODEL
Andhra Pradesh,Krishna,2024-02-06,2024,02,0.0,NRSC VIC MODEL
Andhra Pradesh,Krishna,2024-02-16,2024,02,0.04603276,NRSC VIC MODEL
Andhra Pradesh,Krishna,2024-02-17,2024,02,0.0,NRSC VIC MODEL
Andhra Pradesh,Krishna,2024-02-22,2024,02,0.0,NRSC VIC MODEL
Andhra Pradesh,Krishna,2024-02-25,2024,02,0.0014499289,NRSC VIC MODEL
Andhra Pradesh,Krishna,2024-03-05,2024,03,0.0,NRSC VIC MODEL
Andhra Pradesh,Krishna,2024-03-07,2024,03,0.006218631,NRSC VIC MODEL
Andhra Pradesh,Krishna,2024-03-08,2024,03,0.0,NRSC VIC MODEL
Andhra Pradesh,Krishna,2024-03-10,2024,03,0.0,NRSC VIC MODEL
Andhra Pradesh,Krishna,2024-03-13,2024,03,0.000255341,NRSC VIC MODEL
Andhra Pradesh,Krishna,2024-03-21,2024,03,0.0426351951,NRSC VIC MODEL
Andhra Pradesh,Krishna,2024-03-24,2024,03,0.0,NRSC VIC MODEL
Andhra Pradesh,Krishna,2024-03-29,2024,03,0.0085623209,NRSC VIC MODEL
Andhra Pradesh,Krishna,2024-03-31,2024,03,0.0,NRSC VIC MODEL
Andhra Pradesh,Krishna,2024-04-07,2024,04,0.0005335989,NRSC VIC MODEL
Andhra Pradesh,Krishna,2024-04-10,2024,04,0.0,NRSC VIC MODEL
Andhra Pradesh,Krishna,2024-04-30,2024,04,0.0,NRSC VIC MODEL
Andhra Pradesh,Krishna,2024-05-19,2024,05,4.0230429234,NRSC VIC MODEL
Andhra Pradesh,Krishna,2024-05-22,2024,05,0.1040994717,NRSC VIC MODEL
Andhra Pradesh,Krishna,2024-06-10,2024,06,0.0350278723,NRSC VIC MODEL
Andhra Pradesh,Krishna,2024-06-14,2024,06,7.5324006788,NRSC VIC MODEL
Andhra Pradesh,Krishna,2024-06-20,2024,06,5.0038886392,NRSC VIC MODEL
Andhra Pradesh,Krishna,2024-06-30,2024,06,36.3382643167,NRSC VIC MODEL
Andhra Pradesh,Krishna,2024-07-02,2024,07,0.873985561,NRSC VIC MODEL
Andhra Pradesh,Krishna,2024-07-03,2024,07,2.3642631398,NRSC VIC MODEL
Andhra Pradesh,Krishna,2024-07-13,2024,07,0.5036404626,NRSC VIC MODEL
Andhra Pradesh,Krishna,2024-07-16,2024,07,9.4617578706,NRSC VIC MODEL
Andhra Pradesh,Krishna,2024-07-20,2024,07,51.7173858257,NRSC VIC MODEL
Andhra Pradesh,Krishna,2024-07-23,2024,07,0.9168732819,NRSC VIC MODEL
Andhra Pradesh,Krishna,2024-07-25,2024,07,0.0,NRSC VIC MODEL
Andhra Pradesh,Krishna,2024-07-26,2024,07,0.9322957269,NRSC VIC MODEL
Andhra Pradesh,Krishna,2024-07-27,2024,07,1.7805209844,NRSC VIC MODEL
Andhra Pradesh,Krishna,2024-07-28,2024,07,5.2533850328,NRSC VIC MODEL
Andhra Pradesh,Krishna,2024-08-03,2024,08,2.5559085166,NRSC VIC MODEL
Andhra Pradesh,Krishna,2024-08-05,2024,08,0.1657615549,NRSC VIC MODEL
Andhra Pradesh,Krishna,2024-08-12,2024,08,0.2360682264,NRSC VIC MODEL
Andhra Pradesh,Krishna,2024-08-14,2024,08,1.8304693912,NRSC VIC MODEL
Andhra Pradesh,Krishna,2024-08-22,2024,08,10.6122082985,NRSC VIC MODEL
Andhra Pradesh,Krishna,2024-08-30,2024,08,44.7360409881,NRSC VIC MODEL
Andhra Pradesh,Krishna,2024-09-03,2024,09,7.9393104298,NRSC VIC MODEL
Andhra Pradesh,Krishna,2024-09-12,2024,09,0.6764166286,NRSC VIC MODEL
Andhra Pradesh,Krishna,2024-09-16,2024,09,0.7919928442,NRSC VIC MODEL
Andhra Pradesh,Krishna,2024-09-23,2024,09,10.5533203168,NRSC VIC MODEL
Andhra Pradesh,Krishna,2024-09-26,2024,09,11.0950178584,NRSC VIC MODEL
Andhra Pradesh,Krishna,2024-09-29,2024,09,2.5784884663,NRSC VIC MODEL
Andhra Pradesh,Krishna,2024-10-06,2024,10,3.6333948507,NRSC VIC MODEL
Andhra Pradesh,Krishna,2024-10-07,2024,10,4.628491237,NRSC VIC MODEL
Andhra Pradesh,Krishna,2024-10-11,2024,10,12.1262581629,NRSC VIC MODEL
Andhra Pradesh,Krishna,2024-10-15,2024,10,6.0507353946,NRSC VIC MODEL
Andhra Pradesh,Krishna,2024-10-19,2024,10,8.6442297451,NRSC VIC MODEL
Andhra Pradesh,Krishna,2024-10-23,2024,10,1.2743737316,NRSC VIC MODEL
Andhra Pradesh,Krishna,2024-11-05,2024,11,0.0,NRSC VIC MODEL
Andhra Pradesh,Krishna,2024-11-06,2024,11,0.1104724897,NRSC VIC MODEL
Andhra Pradesh,Krishna,2024-11-12,2024,11,0.4180260565,NRSC VIC MODEL
Andhra Pradesh,Krishna,2024-11-13,2024,11,0.6022065702,NRSC VIC MODEL
Andhra Pradesh,Krishna,2024-11-18,2024,11,0.0,NRSC VIC MODEL
Andhra Pradesh,Krishna,2024-11-25,2024,11,0.0148270396,NRSC VIC MODEL
Andhra Pradesh,Krishna,2024-11-26,2024,11,0.003599511,NRSC VIC MODEL
Andhra Pradesh,Krishna,2024-12-04,2024,12,0.3343740664,NRSC VIC MODEL
Andhra Pradesh,Krishna,2024-12-08,2024,12,7.9934e-06,NRSC VIC MODEL
Andhra Pradesh,Krishna,2024-12-16,2024,12,0.0135962106,NRSC VIC MODEL
Andhra Pradesh,Krishna,2024-12-19,2024,12,0.2375685459,NRSC VIC MODEL
Andhra Pradesh,Krishna,2024-12-20,2024,12,0.2523156755,NRSC VIC MODEL
Andhra Pradesh,Krishna,2024-12-25,2024,12,1.8609294469,NRSC VIC MODEL
Andhra Pradesh,Krishna,2024-12-27,2024,12,0.0060136706,NRSC VIC MODEL
Andhra Pradesh,Kurnool,2024-01-01,2024,01,0.0180234339,NRSC VIC MODEL
Andhra Pradesh,Kurnool,2024-01-10,2024,01,0.0,NRSC VIC MODEL
Andhra Pradesh,Kurnool,2024-01-15,2024,01,0.0,NRSC VIC MODEL
Andhra Pradesh,Kurnool,2024-01-20,2024,01,0.0,NRSC VIC MODEL
Andhra Pradesh,Kurnool,2024-02-08,2024,02,7.48537e-05,NRSC VIC MODEL
Andhra Pradesh,Kurnool,2024-02-14,2024,02,0.0021388715,NRSC VIC MODEL
Andhra Pradesh,Kurnool,2024-02-17,2024,02,0.0,NRSC VIC MODEL
Andhra Pradesh,Kurnool,2024-02-24,2024,02,0.0,NRSC VIC MODEL
Andhra Pradesh,Kurnool,2024-02-25,2024,02,0.0,NRSC VIC MODEL
Andhra Pradesh,Kurnool,2024-03-12,2024,03,0.0,NRSC VIC MODEL
Andhra Pradesh,Kurnool,2024-03-22,2024,03,0.0,NRSC VIC MODEL
Andhra Pradesh,Kurnool,2024-03-23,2024,03,0.0,NRSC VIC MODEL
Andhra Pradesh,Kurnool,2024-03-31,2024,03,0.0,NRSC VIC MODEL
Andhra Pradesh,Kurnool,2024-04-07,2024,04,0.0041298665,NRSC VIC MODEL
Andhra Pradesh,Kurnool,2024-04-14,2024,04,0.1658406759,NRSC VIC MODEL
Andhra Pradesh,Kurnool,2024-04-16,2024,04,0.0,NRSC VIC MODEL
Andhra Pradesh,Kurnool,2024-04-22,2024,04,0.3066008286,NRSC VIC MODEL
Andhra Pradesh,Anantapur,2024-01-02,2024,01,0.0,NRSC VIC MODEL
Andhra Pradesh,Anantapur,2024-01-03,2024,01,0.0030600025,NRSC VIC MODEL
Andhra Pradesh,Anantapur,2024-01-06,2024,01,8.29405e-05,NRSC VIC MODEL
Andhra Pradesh,Anantapur,2024-01-11,2024,01,0.0,NRSC VIC MODEL
Andhra Pradesh,Anantapur,2024-01-16,2024,01,0.0,NRSC VIC MODEL
Andhra Pradesh,Anantapur,2024-01-21,2024,01,0.0,NRSC VIC MODEL
Andhra Pradesh,Anantapur,2024-01-22,2024,01,0.0,NRSC VIC MODEL
Andhra Pradesh,Anantapur,2024-01-24,2024,01,0.0,NRSC VIC MODEL
Andhra Pradesh,Anantapur,2024-01-31,2024,01,0.0,NRSC VIC MODEL
Andhra Pradesh,Anantapur,2024-02-01,2024,02,0.0,NRSC VIC MODEL
Andhra Pradesh,Anantapur,2024-02-07,2024,02,0.0,NRSC VIC MODEL
Andhra Pradesh,Anantapur,2024-02-08,2024,02,5.25163e-05,NRSC VIC MODEL
Andhra Pradesh,Anantapur,2024-02-09,2024,02,0.0,NRSC VIC MODEL
Andhra Pradesh,Anantapur,2024-02-13,2024,02,0.0001585626,NRSC VIC MODEL
Andhra Pradesh,Anantapur,2024-02-16,2024,02,0.0225771658,NRSC VIC MODEL
Andhra Pradesh,Anantapur,2024-02-22,2024,02,0.0,NRSC VIC MODEL
Andhra Pradesh,Anantapur,2024-03-03,2024,03,0.0,NRSC VIC MODEL
Andhra Pradesh,Anantapur,2024-03-13,2024,03,0.0,NRSC VIC MODEL
Andhra Pradesh,Anantapur,2024-03-14,2024,03,0.0010620144,NRSC VIC MODEL
Andhra Pradesh,Anantapur,2024-03-17,2024,03,0.0,NRSC VIC MODEL
Andhra Pradesh,Anantapur,2024-03-24,2024,03,5.55647e-05,NRSC VIC MODEL
Andhra Pradesh,Anantapur,2024-03-25,2024,03,0.0008440085,NRSC VIC MODEL
Andhra Pradesh,Anantapur,2024-03-27,2024,03,0.0,NRSC VIC MODEL
Andhra Pradesh,Anantapur,2024-03-28,2024,03,0.0,NRSC VIC MODEL
Andhra Pradesh,Anantapur,2024-04-02,2024,04,0.0109222534,NRSC VIC MODEL
Andhra Pradesh,Anantapur,2024-04-08,2024,04,0.000500414,NRSC VIC MODEL
Andhra Pradesh,Anantapur,2024-04-09,2024,04,3.42753e-05,NRSC VIC MODEL
Andhra Pradesh,Anantapur,2024-04-10,2024,04,0.0,NRSC VIC MODEL
Andhra Pradesh,Anantapur,2024-04-14,2024,04,0.1149145759,NRSC VIC MODEL
Andhra Pradesh,Anantapur,2024-04-16,2024,04,0.0,NRSC VIC MODEL
Andhra Pradesh,Anantapur,2024-04-28,2024,04,8.77004e-05,NRSC VIC MODEL
Andhra Pradesh,Anantapur,2024-04-29,2024,04,0.0096575385,NRSC VIC MODEL
Andhra Pradesh,Anantapur,2024-05-08,2024,05,14.2137245403,NRSC VIC MODEL
Andhra Pradesh,Anantapur,2024-05-25,2024,05,27.0841321041,NRSC VIC MODEL
Andhra Pradesh,Anantapur,2024-05-27,2024,05,0.1554314264,NRSC VIC MODEL
Andhra Pradesh,Anantapur,2024-06-01,2024,06,0.0,NRSC VIC MODEL
Andhra Pradesh,Anantapur,2024-06-13,2024,06,14.041221514,NRSC VIC MODEL
Andhra Pradesh,Anantapur,2024-06-20,2024,06,0.8175554649,NRSC VIC MODEL
Andhra Pradesh,Anantapur,2024-06-23,2024,06,0.5557361692,NRSC VIC MODEL
Andhra Pradesh,Anantapur,2024-06-24,2024,06,1.0682220952,NRSC VIC MODEL
Andhra Pradesh,Anantapur,2024-06-25,2024,06,0.7787686309,NRSC VIC MODEL
Andhra Pradesh,Anantapur,2024-06-29,2024,06,0.0345661607,NRSC VIC MODEL
Andhra Pradesh,Anantapur,2024-07-01,2024,07,4.1211520126,NRSC VIC MODEL
Andhra Pradesh,Anantapur,2024-07-07,2024,07,0.3881928831,NRSC VIC MODEL
Andhra Pradesh,Anantapur,2024-07-13,2024,07,0.9078605386,NRSC VIC MODEL
Andhra Pradesh,Anantapur,2024-07-20,2024,07,3.8715307055,NRSC VIC MODEL
Andhra Pradesh,Anantapur,2024-07-24,2024,07,0.3032569459,NRSC VIC MODEL
Andhra Pradesh,Anantapur,2024-08-01,2024,08,0.9904179341,NRSC VIC MODEL
Andhra Pradesh,Anantapur,2024-08-02,2024,08,0.7981029748,NRSC VIC MODEL
Andhra Pradesh,Anantapur,2024-08-16,2024,08,10.279938657,NRSC VIC MODEL
Andhra Pradesh,Anantapur,2024-08-26,2024,08,0.2944612064,NRSC VIC MODEL
Andhra Pradesh,Anantapur,2024-08-30,2024,08,14.6341314638,NRSC VIC MODEL
Andhra Pradesh,Anantapur,2024-09-05,2024,09,0.7871866511,NRSC VIC MODEL
Andhra Pradesh,Anantapur,2024-09-06,2024,09,0.7485483811,NRSC VIC MODEL
Andhra Pradesh,Anantapur,2024-09-08,2024,09,0.0,NRSC VIC MODEL
Andhra Pradesh,Anantapur,2024-09-11,2024,09,0.0014867764,NRSC VIC MODEL
Andhra Pradesh,Anantapur,2024-09-14,2024,09,0.0331903855,NRSC VIC MODEL
Andhra Pradesh,Anantapur,2024-09-16,2024,09,0.1701833485,NRSC VIC MODEL
Andhra Pradesh,Anantapur,2024-10-01,2024,10,0.0865991596,NRSC VIC MODEL
Andhra Pradesh,Anantapur,2024-10-03,2024,10,13.8821804653,NRSC VIC MODEL
Andhra Pradesh,Anantapur,2024-10-05,2024,10,11.1701782323,NRSC VIC MODEL
Andhra Pradesh,Anantapur,2024-10-13,2024,10,0.3255130744,NRSC VIC MODEL
Andhra Pradesh,Anantapur,2024-10-21,2024,10,5.6636782974,NRSC VIC MODEL
Andhra Pradesh,Anantapur,2024-10-26,2024,10,0.4507047201,NRSC VIC MODEL
Andhra Pradesh,Anantapur,2024-11-04,2024,11,0.0022431868,NRSC VIC MODEL
Andhra Pradesh,Anantapur,2024-11-06,2024,11,0.0,NRSC VIC MODEL
Andhra Pradesh,Anantapur,2024-11-12,2024,11,0.0205169493,NRSC VIC MODEL
Andhra Pradesh,Anantapur,2024-11-15,2024,11,10.3225585659,NRSC VIC MODEL
Andhra Pradesh,Anantapur,2024-11-17,2024,11,1.8484390062,NRSC VIC MODEL
Andhra Pradesh,Anantapur,2024-11-18,2024,11,0.3953650879,NRSC VIC MODEL
Andhra Pradesh,Anantapur,2024-11-26,2024,11,0.0473572684,NRSC VIC MODEL
Andhra Pradesh,Anantapur,2024-11-29,2024,11,0.0201961154,NRSC VIC MODEL
Andhra Pradesh,Anantapur,2024-12-04,2024,12,5.5086972743,NRSC VIC MODEL
Andhra Pradesh,Anantapur,2024-12-08,2024,12,0.0012920413,NRSC VIC MODEL
Andhra Pradesh,Anantapur,2024-12-10,2024,12,0.0,NRSC VIC MODEL
Andhra Pradesh,Anantapur,2024-12-12,2024,12,0.0540201147,NRSC VIC MODEL
Andhra Pradesh,Anantapur,2024-12-15,2024,12,0.0,NRSC VIC MODEL
Andhra Pradesh,Anantapur,2024-12-28,2024,12,2.0532165731,NRSC VIC MODEL
Andhra Pradesh,Anantapur,2024-12-30,2024,12,0.0,NRSC VIC MODEL
Andhra Pradesh,Chittoor,2024-01-04,2024,01,0.0623905831,NRSC VIC MODEL
Andhra Pradesh,Chittoor,2024-01-08,2024,01,2.3157441866,NRSC VIC MODEL
Andhra Pradesh,Chittoor,2024-01-15,2024,01,0.0,NRSC VIC MODEL
Andhra Pradesh,Chittoor,2024-01-16,2024,01,0.0,NRSC VIC MODEL
Andhra Pradesh,Chittoor,2024-01-20,2024,01,0.0,NRSC VIC MODEL
Andhra Pradesh,Chittoor,2024-01-23,2024,01,0.0,NRSC VIC MODEL
Andhra Pradesh,Chittoor,2024-01-27,2024,01,0.2136688959,NRSC VIC MODEL
Andhra Pradesh,Chittoor,2024-01-28,2024,01,0.001786465,NRSC VIC MODEL
Andhra Pradesh,Chittoor,2024-01-30,2024,01,0.0001971957,NRSC VIC MODEL
Andhra Pradesh,Chittoor,2024-02-05,2024,02,0.0,NRSC VIC MODEL
Andhra Pradesh,Chittoor,2024-02-07,2024,02,0.0,NRSC VIC MODEL
Andhra Pradesh,Chittoor,2024-02-09,2024,02,0.0,NRSC VIC MODEL
Andhra Pradesh,Chittoor,2024-02-20,2024,02,0.0,NRSC VIC MODEL
Andhra Pradesh,Chittoor,2024-02-21,2024,02,2.6919e-06,NRSC VIC MODEL
Andhra Pradesh,Chittoor,2024-02-27,2024,02,0.0,NRSC VIC MODEL
Andhra Pradesh,Chittoor,2024-03-01,2024,03,8.95175e-05,NRSC VIC MODEL
Andhra Pradesh,Chittoor,2024-03-04,2024,03,0.0,NRSC VIC MODEL
Andhra Pradesh,Chittoor,2024-03-07,2024,03,0.0001122067,NRSC VIC MODEL
Andhra Pradesh,Chittoor,2024-03-14,2024,03,0.1981933935,NRSC VIC MODEL
Andhra Pradesh,Chittoor,2024-03-15,2024,03,0.0,NRSC VIC MODEL
Andhra Pradesh,Chittoor,2024-03-21,2024,03,0.0005898011,NRSC VIC MODEL
Andhra Pradesh,Chittoor,2024-03-25,2024,03,0.0,NRSC VIC MODEL
Andhra Pradesh,Chittoor,2024-04-02,2024,04,0.0,NRSC VIC MODEL
Andhra Pradesh,Chittoor,2024-04-03,2024,04,0.0012907389,NRSC VIC MODEL
Andhra Pradesh,Chittoor,2024-04-20,2024,04,0.0712356714,NRSC VIC MODEL
Andhra Pradesh,Chittoor,2024-04-22,2024,04,0.0,NRSC VIC MODEL
Andhra Pradesh,Chittoor,2024-04-23,2024,04,0.0,NRSC VIC MODEL
Andhra Pradesh,Chittoor,2024-05-01,2024,05,0.0,NRSC VIC MODEL
Andhra Pradesh,Chittoor,2024-05-07,2024,05,18.5367604163,NRSC VIC MODEL
Andhra Pradesh,Chittoor,2024-05-12,2024,05,1.2559337626,NRSC VIC MODEL
Andhra Pradesh,Chittoor,2024-05-13,2024,05,1.0100594458,NRSC VIC MODEL
Andhra Pradesh,Chittoor,2024-05-17,2024,05,2.0893630726,NRSC VIC MODEL
Andhra Pradesh,Chittoor,2024-05-21,2024,05,2.8454334373,NRSC VIC MODEL
Andhra Pradesh,Chittoor,2024-06-07,2024,06,7.6421126125,NRSC VIC MODEL
Andhra Pradesh,Chittoor,2024-06-10,2024,06,2.067386863,NRSC VIC MODEL
Andhra Pradesh,Chittoor,2024-06-15,2024,06,0.3236410223,NRSC VIC MODEL
Andhra Pradesh,Chittoor,2024-06-24,2024,06,9.3891688696,NRSC VIC MODEL
Andhra Pradesh,Chittoor,2024-06-26,2024,06,4.0770725478,NRSC VIC MODEL
Andhra Pradesh,Chittoor,2024-06-28,2024,06,0.8824172067,NRSC VIC MODEL
Andhra Pradesh,Chittoor,2024-06-30,2024,06,0.4600150653,NRSC VIC MODEL
Andhra Pradesh,Chittoor,2024-07-03,2024,07,0.0040643252,NRSC VIC MODEL
Andhra Pradesh,Chittoor,2024-07-06,2024,07,23.8102205853,NRSC VIC MODEL
Andhra Pradesh,Chittoor,2024-07-08,2024,07,10.0540770884,NRSC VIC MODEL
Andhra Pradesh,Chittoor,2024-07-22,2024,07,1.6790947219,NRSC VIC MODEL
Andhra Pradesh,Chittoor,2024-08-02,2024,08,1.2892866016,NRSC VIC MODEL
Andhra Pradesh,Chittoor,2024-08-11,2024,08,0.8909680129,NRSC VIC MODEL
Andhra Pradesh,Chittoor,2024-08-15,2024,08,12.7452162339,NRSC VIC MODEL
Andhra Pradesh,Chittoor,2024-08-24,2024,08,0.7885328204,NRSC VIC MODEL
Andhra Pradesh,Chittoor,2024-08-25,2024,08,0.1371530144,NRSC VIC MODEL
Andhra Pradesh,Chittoor,2024-08-31,2024,08,1.4427448059,NRSC VIC MODEL
Andhra Pradesh,Chittoor,2024-09-09,2024,09,0.387638516,NRSC VIC MODEL
Andhra Pradesh,Chittoor,2024-09-10,2024,09,0.0336356358,NRSC VIC MODEL
Andhra Pradesh,Chittoor,2024-09-17,2024,09,0.1187099883,NRSC VIC MODEL
Andhra Pradesh,Chittoor,2024-09-26,2024,09,6.7732785009,NRSC VIC MODEL
Andhra Pradesh,Chittoor,2024-09-29,2024,09,2.7835031808,NRSC VIC MODEL
Andhra Pradesh,Chittoor,2024-10-10,2024,10,2.3923137085,NRSC VIC MODEL
Andhra Pradesh,Chittoor,2024-10-13,2024,10,3.4009386723,NRSC VIC MODEL
Andhra Pradesh,Chittoor,2024-10-17,2024,10,13.5394860942,NRSC VIC MODEL
Andhra Pradesh,Chittoor,2024-10-27,2024,10,0.0362953481,NRSC VIC MODEL
Andhra Pradesh,Chittoor,2024-11-01,2024,11,0.1894183195,NRSC VIC MODEL
Andhra Pradesh,Chittoor,2024-11-08,2024,11,6.2382457528,NRSC VIC MODEL
Andhra Pradesh,Chittoor,2024-11-11,2024,11,1.7591499408,NRSC VIC MODEL
Andhra Pradesh,Chittoor,2024-11-13,2024,11,8.3616934693,NRSC VIC MODEL
Andhra Pradesh,Chittoor,2024-11-14,2024,11,2.2234447716,NRSC VIC MODEL
Andhra Pradesh,Chittoor,2024-11-16,2024,11,1.5254622946,NRSC VIC MODEL
Andhra Pradesh,Chittoor,2024-11-20,2024,11,0.0,NRSC VIC MODEL
Andhra Pradesh,Chittoor,2024-12-11,2024,12,0.004120864,NRSC VIC MODEL
Andhra Pradesh,Chittoor,2024-12-15,2024,12,0.0,NRSC VIC MODEL
Andhra Pradesh,Chittoor,2024-12-25,2024,12,0.3680684769,NRSC VIC MODEL
Andhra Pradesh,Chittoor,2024-12-27,2024,12,12.3033438416,NRSC VIC MODEL
Andhra Pradesh,East Godavari,2024-01-04,2024,01,0.0,NRSC VIC MODEL
Andhra Pradesh,East Godavari,2024-01-05,2024,01,0.0,NRSC VIC MODEL
Andhra Pradesh,East Godavari,2024-01-06,2024,01,0.0130839951,NRSC VIC MODEL
Andhra Pradesh,East Godavari,2024-01-13,2024,01,0.0,NRSC VIC MODEL
Andhra Pradesh,East Godavari,2024-01-23,2024,01,0.0,NRSC VIC MODEL
Andhra Pradesh,East Godavari,2024-01-29,2024,01,0.0,NRSC VIC MODEL
Andhra Pradesh,East Godavari,2024-01-30,2024,01,0.0040325827,NRSC VIC MODEL
Andhra Pradesh,East Godavari,2024-01-31,2024,01,0.0,NRSC VIC MODEL
Andhra Pradesh,East Godavari,2024-02-18,2024,02,1.67981e-05,NRSC VIC MODEL
Andhra Pradesh,East Godavari,2024-02-19,2024,02,0.0,NRSC VIC MODEL
Andhra Pradesh,East Godavari,2024-03-06,2024,03,0.0,NRSC VIC MODEL
Andhra Pradesh,East Godavari,2024-03-12,2024,03,0.0,NRSC VIC MODEL
Andhra Pradesh,East Godavari,2024-03-18,2024,03,0.0052085614,NRSC VIC MODEL
Andhra Pradesh,East Godavari,2024-03-23,2024,03,0.0009772838,NRSC VIC MODEL
Andhra Pradesh,East Godavari,2024-03-25,2024,03,3.33e-08,NRSC VIC MODEL
Andhra Pradesh,East Godavari,2024-03-31,2024,03,0.0,NRSC VIC MODEL
Andhra Pradesh,East Godavari,2024-04-01,2024,04,0.1282585556,NRSC VIC MODEL
Andhra Pradesh,East Godavari,2024-04-03,2024,04,2.5926e-05,NRSC VIC MODEL
Andhra Pradesh,East Godavari,2024-04-04,2024,04,0.2885234793,NRSC VIC MODEL
Andhra Pradesh,East Godavari,2024-04-15,2024,04,0.0,NRSC VIC MODEL
Andhra Pradesh,East Godavari,2024-04-24,2024,04,1.97196e-05,NRSC VIC MODEL
Andhra Pradesh,East Godavari,2024-05-10,2024,05,2.1315042102,NRSC VIC MODEL
Andhra Pradesh,East Godavari,2024-05-18,2024,05,4.9174422246,NRSC VIC MODEL
Andhra Pradesh,East Godavari,2024-05-26,2024,05,5.4028757944,NRSC VIC MODEL
Andhra Pradesh,East Godavari,2024-05-27,2024,05,0.0,NRSC VIC MODEL
Andhra Pradesh,East Godavari,2024-06-02,2024,06,2.0371928171,NRSC VIC MODEL
Andhra Pradesh,East Godavari,2024-06-11,2024,06,0.1849160335,NRSC VIC MODEL
Andhra Pradesh,East Godavari,2024-06-20,2024,06,4.2492304209,NRSC VIC MODEL
Andhra Pradesh,East Godavari,2024-06-22,2024,06,27.1688589282,NRSC VIC MODEL
Andhra Pradesh,East Godavari,2024-07-05,2024,07,13.9764287441,NRSC VIC MODEL
Andhra Pradesh,East Godavari,2024-07-06,2024,07,7.87303301,NRSC VIC MODEL
Andhra Pradesh,East Godavari,2024-07-07,2024,07,9.0538188567,NRSC VIC MODEL
Andhra Pradesh,East Godavari,2024-07-13,2024,07,0.5694332,NRSC VIC MODEL
Andhra Pradesh,East Godavari,2024-07-14,2024,07,0.7688557299,NRSC VIC MODEL
Andhra Pradesh,East Godavari,2024-07-18,2024,07,6.4677558763,NRSC VIC MODEL
Andhra Pradesh,East Godavari,2024-07-19,2024,07,67.2344297732,NRSC VIC MODEL
Andhra Pradesh,East Godavari,2024-07-20,2024,07,73.1244671633,NRSC VIC MODEL
Andhra Pradesh,East Godavari,2024-07-27,2024,07,20.7394992108,NRSC VIC MODEL
Andhra Pradesh,East Godavari,2024-08-01,2024,08,9.6950106028,NRSC VIC MODEL
Andhra Pradesh,East Godavari,2024-08-06,2024,08,12.0459647503,NRSC VIC MODEL
Andhra Pradesh,East Godavari,2024-08-07,2024,08,9.8456761504,NRSC VIC MODEL
Andhra Pradesh,East Godavari,2024-08-10,2024,08,4.5883009547,NRSC VIC MODEL
Andhra Pradesh,East Godavari,2024-08-18,2024,08,5.4072233522,NRSC VIC MODEL
Andhra Pradesh,East Godavari,2024-08-19,2024,08,2.6315824867,NRSC VIC MODEL
Andhra Pradesh,East Godavari,2024-08-22,2024,08,12.1134978473,NRSC VIC MODEL
Andhra Pradesh,East Godavari,2024-08-24,2024,08,19.3540886639,NRSC VIC MODEL
Andhra Pradesh,East Godavari,2024-08-26,2024,08,7.6226718865,NRSC VIC MODEL
Andhra Pradesh,East Godavari,2024-08-27,2024,08,8.2282103121,NRSC VIC MODEL
Andhra Pradesh,East Godavari,2024-09-06,2024,09,15.0492371864,NRSC VIC MODEL
Andhra Pradesh,East Godavari,2024-09-11,2024,09,0.660517252,NRSC VIC MODEL
Andhra Pradesh,East Godavari,2024-09-21,2024,09,9.2315768412,NRSC VIC MODEL
Andhra Pradesh,East Godavari,2024-10-05,2024,10,7.538756102,NRSC VIC MODEL
Andhra Pradesh,East Godavari,2024-10-06,2024,10,4.441354872,NRSC VIC MODEL
Andhra Pradesh,East Godavari,2024-10-15,2024,10,4.0401875473,NRSC VIC MODEL
Andhra Pradesh,East Godavari,2024-10-21,2024,10,4.3662607515,NRSC VIC MODEL
Andhra Pradesh,East Godavari,2024-10-22,2024,10,7.2446693957,NRSC VIC MODEL
Andhra Pradesh,Y.S.R.,2024-04-03,2024,04,4.60693e-05,NRSC VIC MODEL
Andhra Pradesh,Y.S.R.,2024-04-04,2024,04,0.0,NRSC VIC MODEL
Andhra Pradesh,Y.S.R.,2024-04-05,2024,04,0.0,NRSC VIC MODEL
Andhra Pradesh,Y.S.R.,2024-04-13,2024,04,0.0222911276,NRSC VIC MODEL
Andhra Pradesh,Y.S.R.,2024-04-14,2024,04,0.0111322278,NRSC VIC MODEL
Andhra Pradesh,Y.S.R.,2024-04-23,2024,04,1.71867e-05,NRSC VIC MODEL
Andhra Pradesh,Y.S.R.,2024-04-29,2024,04,0.0055312219,NRSC VIC MODEL
Andhra Pradesh,Y.S.R.,2024-04-30,2024,04,0.4981675481,NRSC VIC MODEL
Andhra Pradesh,Y.S.R.,2024-05-03,2024,05,0.0562946011,NRSC VIC MODEL
Andhra Pradesh,Y.S.R.,2024-05-04,2024,05,0.0003706157,NRSC VIC MODEL
Andhra Pradesh,Y.S.R.,2024-05-06,2024,05,0.0001792532,NRSC VIC MODEL
Andhra Pradesh,Y.S.R.,2024-05-22,2024,05,0.0238300013,NRSC VIC MODEL
Andhra Pradesh,Y.S.R.,2024-05-26,2024,05,0.3416930542,NRSC VIC MODEL
Andhra Pradesh,Y.S.R.,2024-05-28,2024,05,0.0,NRSC VIC MODEL
Andhra Pradesh,Y.S.R.,2024-06-06,2024,06,20.8534949222,NRSC VIC MODEL
Andhra Pradesh,Y.S.R.,2024-06-12,2024,06,15.1574609094,NRSC VIC MODEL
Andhra Pradesh,Y.S.R.,2024-06-13,2024,06,6.3214046047,NRSC VIC MODEL
Andhra Pradesh,Y.S.R.,2024-06-16,2024,06,0.0090766305,NRSC VIC MODEL
Andhra Pradesh,Y.S.R.,2024-06-18,2024,06,21.1626072787,NRSC VIC MODEL
Andhra Pradesh,Y.S.R.,2024-06-20,2024,06,0.9022419633,NRSC VIC MODEL
Andhra Pradesh,Y.S.R.,2024-07-02,2024,07,4.5180909798,NRSC VIC MODEL
Andhra Pradesh,Y.S.R.,2024-07-05,2024,07,0.1427195924,NRSC VIC MODEL
Andhra Pradesh,Y.S.R.,2024-07-19,2024,07,6.5708722195,NRSC VIC MODEL
Andhra Pradesh,Y.S.R.,2024-07-22,2024,07,2.5680871148,NRSC VIC MODEL
Andhra Pradesh,Y.S.R.,2024-07-24,2024,07,0.4162641105,NRSC VIC MODEL
Andhra Pradesh,Anantapur,2024-01-12,2024,01,0.0,NRSC VIC MODEL
Andhra Pradesh,Anantapur,2024-01-15,2024,01,0.0,NRSC VIC MODEL
Andhra Pradesh,Anantapur,2024-01-23,2024,01,0.0,NRSC VIC MODEL
Andhra Pradesh,Anantapur,2024-02-03,2024,02,-0.0002068931,NRSC VIC MODEL
Andhra Pradesh,Anantapur,2024-02-10,2024,02,0.0,NRSC VIC MODEL
Andhra Pradesh,Anantapur,2024-02-15,2024,02,0.0,NRSC VIC MODEL
Andhra Pradesh,Anantapur,2024-02-20,2024,02,0.0,NRSC VIC MODEL
Andhra Pradesh,Anantapur,2024-02-24,2024,02,0.0,NRSC VIC MODEL
Andhra Pradesh,Anantapur,2024-03-01,2024,03,0.0,NRSC VIC MODEL
Andhra Pradesh,Anantapur,2024-03-04,2024,03,0.0,NRSC VIC MODEL
Andhra Pradesh,Anantapur,2024-03-19,2024,03,0.0008726579,NRSC VIC MODEL
Andhra Pradesh,Anantapur,2024-04-01,2024,04,0.298122392,NRSC VIC MODEL
Andhra Pradesh,Anantapur,2024-04-15,2024,04,0.0,NRSC VIC MODEL
Andhra Pradesh,Anantapur,2024-04-20,2024,04,0.34215541,NRSC VIC MODEL
Andhra Pradesh,Anantapur,2024-04-30,2024,04,0.0011285016,NRSC VIC MODEL
Andhra Pradesh,Anantapur,2024-05-03,2024,05,0.0109996165,NRSC VIC MODEL
Andhra Pradesh,Anantapur,2024-05-11,2024,05,1.121674525,NRSC VIC MODEL
Andhra Pradesh,Anantapur,2024-05-16,2024,05,0.0808570399,NRSC VIC MODEL
Andhra Pradesh,Anantapur,2024-05-18,2024,05,2.3787672138,NRSC VIC MODEL
Andhra Pradesh,Anantapur,2024-05-20,2024,05,17.3078579673,NRSC VIC MODEL
Andhra Pradesh,Anantapur,2024-05-24,2024,05,0.0915363534,NRSC VIC MODEL
Andhra Pradesh,Anantapur,2024-05-28,2024,05,0.0,NRSC VIC MODEL
Andhra Pradesh,Anantapur,2024-06-08,2024,06,15.7471818123,NRSC VIC MODEL
Andhra Pradesh,Anantapur,2024-06-09,2024,06,3.3969635667,NRSC VIC MODEL
Andhra Pradesh,Anantapur,2024-06-12,2024,06,13.7745439976,NRSC VIC MODEL
Andhra Pradesh,Anantapur,2024-06-14,2024,06,2.9073827224,NRSC VIC MODEL
Andhra Pradesh,Anantapur,2024-06-21,2024,06,0.0451495922,NRSC VIC MODEL
Andhra Pradesh,Anantapur,2024-06-27,2024,06,0.314227064,NRSC VIC MODEL
Andhra Pradesh,Anantapur,2024-07-09,2024,07,2.217546941,NRSC VIC MODEL
Andhra Pradesh,Anantapur,2024-07-16,2024,07,3.6192193934,NRSC VIC MODEL
Andhra Pradesh,Anantapur,2024-07-19,2024,07,1.9483099778,NRSC VIC MODEL
Andhra Pradesh,Anantapur,2024-07-23,2024,07,0.122793475,NRSC VIC MODEL
Andhra Pradesh,Anantapur,2024-07-26,2024,07,1.5451514494,NRSC VIC MODEL
Andhra Pradesh,Anantapur,2024-07-28,2024,07,0.1013095845,NRSC VIC MODEL
Andhra Pradesh,Anantapur,2024-07-30,2024,07,2.0298762367,NRSC VIC MODEL
Andhra Pradesh,Anantapur,2024-07-31,2024,07,0.4913956439,NRSC VIC MODEL
Andhra Pradesh,Anantapur,2024-08-05,2024,08,0.0135316299,NRSC VIC MODEL
Andhra Pradesh,Anantapur,2024-08-07,2024,08,7.5593834663,NRSC VIC MODEL
Andhra Pradesh,Anantapur,2024-08-15,2024,08,20.4916273884,NRSC VIC MODEL
Andhra Pradesh,Anantapur,2024-08-19,2024,08,4.3417664624,NRSC VIC MODEL
Andhra Pradesh,Anantapur,2024-08-20,2024,08,3.6450889945,NRSC VIC MODEL
Andhra Pradesh,Anantapur,2024-08-27,2024,08,2.3524339122,NRSC VIC MODEL
Andhra Pradesh,Anantapur,2024-08-28,2024,08,0.2395758306,NRSC VIC MODEL
Andhra Pradesh,Anantapur,2024-09-15,2024,09,0.0333871931,NRSC VIC MODEL
Andhra Pradesh,Anantapur,2024-09-19,2024,09,0.2071384813,NRSC VIC MODEL
Andhra Pradesh,Anantapur,2024-09-24,2024,09,8.219795849,NRSC VIC MODEL
Andhra Pradesh,Anantapur,2024-09-29,2024,09,4.8415599145,NRSC VIC MODEL
Andhra Pradesh,Anantapur,2024-09-30,2024,09,0.4434861229,NRSC VIC MODEL
Andhra Pradesh,Anantapur,2024-10-18,2024,10,11.2232935833,NRSC VIC MODEL
Andhra Pradesh,Anantapur,2024-10-24,2024,10,3.6925804787,NRSC VIC MODEL
Andhra Pradesh,Anantapur,2024-11-03,2024,11,0.0818045171,NRSC VIC MODEL
Andhra Pradesh,Anantapur,2024-11-10,2024,11,0.3349973782,NRSC VIC MODEL
Andhra Pradesh,Anantapur,2024-11-24,2024,11,0.0,NRSC VIC MODEL
Andhra Pradesh,Anantapur,2024-11-25,2024,11,0.02828295,NRSC VIC MODEL
Andhra Pradesh,Anantapur,2024-12-07,2024,12,0.0119005074,NRSC VIC MODEL
Andhra Pradesh,Anantapur,2024-12-09,2024,12,9.78419e-05,NRSC VIC MODEL
Andhra Pradesh,Anantapur,2024-12-14,2024,12,0.0182468797,NRSC VIC MODEL
Andhra Pradesh,Anantapur,2024-12-16,2024,12,0.0,NRSC VIC MODEL
Andhra Pradesh,Anantapur,2024-12-17,2024,12,0.0,NRSC VIC MODEL
Andhra Pradesh,Anantapur,2024-12-18,2024,12,0.0579402646,NRSC VIC MODEL
Andhra Pradesh,Anantapur,2024-12-22,2024,12,0.244778121,NRSC VIC MODEL
Andhra Pradesh,Anantapur,2024-12-31,2024,12,0.0,NRSC VIC MODEL
Andhra Pradesh,Chittoor,2024-01-09,2024,01,6.2985068709,NRSC VIC MODEL
Andhra Pradesh,Chittoor,2024-01-10,2024,01,0.0054508442,NRSC VIC MODEL
Andhra Pradesh,Chittoor,2024-02-03,2024,02,0.0,NRSC VIC MODEL
Andhra Pradesh,Chittoor,2024-02-04,2024,02,0.0,NRSC VIC MODEL
Andhra Pradesh,Chittoor,2024-02-15,2024,02,0.0,NRSC VIC MODEL
Andhra Pradesh,Chittoor,2024-02-16,2024,02,0.0373115771,NRSC VIC MODEL
Andhra Pradesh,Chittoor,2024-02-18,2024,02,0.0,NRSC VIC MODEL
Andhra Pradesh,Chittoor,2024-02-29,2024,02,2.46357e-05,NRSC VIC MODEL
Andhra Pradesh,Chittoor,2024-03-09,2024,03,0.0,NRSC VIC MODEL
Andhra Pradesh,Chittoor,2024-03-16,2024,03,0.0,NRSC VIC MODEL
Andhra Pradesh,Chittoor,2024-03-26,2024,03,0.0,NRSC VIC MODEL
Andhra Pradesh,Chittoor,2024-03-27,2024,03,0.0,NRSC VIC MODEL
Andhra Pradesh,Chittoor,2024-04-12,2024,04,0.1111052316,NRSC VIC MODEL
Andhra Pradesh,Chittoor,2024-04-17,2024,04,0.0,NRSC VIC MODEL
Andhra Pradesh,Chittoor,2024-04-21,2024,04,0.0277194045,NRSC VIC MODEL
Andhra Pradesh,Chittoor,2024-04-28,2024,04,0.0,NRSC VIC MODEL
Andhra Pradesh,Chittoor,2024-04-30,2024,04,0.0,NRSC VIC MODEL
Andhra Pradesh,Chittoor,2024-05-04,2024,05,1.3483662475,NRSC VIC MODEL
Andhra Pradesh,Chittoor,2024-05-08,2024,05,15.3765162171,NRSC VIC MODEL
Andhra Pradesh,Chittoor,2024-05-10,2024,05,0.358645614,NRSC VIC MODEL
Andhra Pradesh,Chittoor,2024-05-25,2024,05,0.3665640893,NRSC VIC MODEL
Andhra Pradesh,Chittoor,2024-05-26,2024,05,1.1796173375,NRSC VIC MODEL
Andhra Pradesh,Chittoor,2024-05-30,2024,05,0.0,NRSC VIC MODEL
Andhra Pradesh,Chittoor,2024-06-02,2024,06,19.2087068765,NRSC VIC MODEL
Andhra Pradesh,Chittoor,2024-06-11,2024,06,1.5102124704,NRSC VIC MODEL
Andhra Pradesh,Chittoor,2024-06-18,2024,06,20.5107698771,NRSC VIC MODEL
Andhra Pradesh,Chittoor,2024-06-19,2024,06,10.7136070343,NRSC VIC MODEL
Andhra Pradesh,Chittoor,2024-06-22,2024,06,2.6456795951,NRSC VIC MODEL
Andhra Pradesh,Chittoor,2024-07-04,2024,07,7.1128840462,NRSC VIC MODEL
Andhra Pradesh,Chittoor,2024-07-09,2024,07,2.1152175063,NRSC VIC MODEL
Andhra Pradesh,Chittoor,2024-07-15,2024,07,7.7829553371,NRSC VIC MODEL
Andhra Pradesh,Chittoor,2024-07-16,2024,07,5.7263727841,NRSC VIC MODEL
Andhra Pradesh,Chittoor,2024-07-19,2024,07,4.1592520895,NRSC VIC MODEL
Andhra Pradesh,Chittoor,2024-07-20,2024,07,4.9984498301,NRSC VIC MODEL
Andhra Pradesh,Chittoor,2024-07-26,2024,07,0.6713405443,NRSC VIC MODEL
Andhra Pradesh,Chittoor,2024-07-28,2024,07,0.0066415926,NRSC VIC MODEL
Andhra Pradesh,Chittoor,2024-07-29,2024,07,0.0,NRSC VIC MODEL
Andhra Pradesh,Chittoor,2024-08-03,2024,08,1.3775532493,NRSC VIC MODEL
Andhra Pradesh,Chittoor,2024-08-07,2024,08,14.1499233127,NRSC VIC MODEL
Andhra Pradesh,Chittoor,2024-08-12,2024,08,22.6103095396,NRSC VIC MODEL
Andhra Pradesh,Chittoor,2024-08-13,2024,08,12.0853564963,NRSC VIC MODEL
Andhra Pradesh,Chittoor,2024-08-17,2024,08,10.5540142376,NRSC VIC MODEL
Andhra Pradesh,Chittoor,2024-08-21,2024,08,5.5916291405,NRSC VIC MODEL
Andhra Pradesh,Chittoor,2024-08-23,2024,08,1.5684029919,NRSC VIC MODEL
Andhra Pradesh,Chittoor,2024-09-02,2024,09,1.6974410142,NRSC VIC MODEL
Andhra Pradesh,Chittoor,2024-09-03,2024,09,0.8470098599,NRSC VIC MODEL
Andhra Pradesh,Chittoor,2024-09-05,2024,09,1.2859585912,NRSC VIC MODEL
Andhra Pradesh,Chittoor,2024-09-06,2024,09,2.2531117416,NRSC VIC MODEL
Andhra Pradesh,Chittoor,2024-09-24,2024,09,11.9371796984,NRSC VIC MODEL
Andhra Pradesh,Chittoor,2024-10-01,2024,10,0.3465337974,NRSC VIC MODEL
Andhra Pradesh,Chittoor,2024-10-12,2024,10,1.291914578,NRSC VIC MODEL
Andhra Pradesh,Chittoor,2024-10-16,2024,10,22.1754722944,NRSC VIC MODEL
Andhra Pradesh,Chittoor,2024-10-19,2024,10,8.722622699,NRSC VIC MODEL
Andhra Pradesh,Chittoor,2024-11-07,2024,11,4.1785507049,NRSC VIC MODEL
Andhra Pradesh,Chittoor,2024-11-09,2024,11,2.5076180837,NRSC VIC MODEL
Andhra Pradesh,Chittoor,2024-11-10,2024,11,3.0461969465,NRSC VIC MODEL
Andhra Pradesh,Chittoor,2024-11-15,2024,11,12.2499439676,NRSC VIC MODEL
Andhra Pradesh,Chittoor,2024-11-23,2024,11,0.0052053797,NRSC VIC MODEL
Andhra Pradesh,Chittoor,2024-11-27,2024,11,4.8190625769,NRSC VIC MODEL
Andhra Pradesh,Chittoor,2024-11-30,2024,11,11.1680493327,NRSC VIC MODEL
Andhra Pradesh,Chittoor,2024-12-06,2024,12,0.4959568742,NRSC VIC MODEL
Andhra Pradesh,Chittoor,2024-12-13,2024,12,42.6703140583,NRSC VIC MODEL
Andhra Pradesh,Chittoor,2024-12-17,2024,12,0.0020333327,NRSC VIC MODEL
Andhra Pradesh,Chittoor,2024-12-18,2024,12,0.4775762635,NRSC VIC MODEL
Andhra Pradesh,Chittoor,2024-12-21,2024,12,0.0958631148,NRSC VIC MODEL
Andhra Pradesh,Chittoor,2024-12-24,2024,12,0.0009199797,NRSC VIC MODEL
Andhra Pradesh,Chittoor,2024-12-26,2024,12,0.7608162134,NRSC VIC MODEL
Andhra Pradesh,Chittoor,2024-12-31,2024,12,0.0033467035,NRSC VIC MODEL
Andhra Pradesh,East Godavari,2024-01-09,2024,01,0.2163386112,NRSC VIC MODEL
Andhra Pradesh,East Godavari,2024-01-14,2024,01,0.0,NRSC VIC MODEL
Andhra Pradesh,East Godavari,2024-02-08,2024,02,0.0,NRSC VIC MODEL
Andhra Pradesh,East Godavari,2024-02-11,2024,02,0.0,NRSC VIC MODEL
Andhra Pradesh,East Godavari,2024-02-20,2024,02,0.0,NRSC VIC MODEL
Andhra Pradesh,East Godavari,2024-02-22,2024,02,0.0,NRSC VIC MODEL
Andhra Pradesh,East Godavari,2024-02-23,2024,02,0.0,NRSC VIC MODEL
Andhra Pradesh,East Godavari,2024-02-24,2024,02,0.0,NRSC VIC MODEL
Andhra Pradesh,East Godavari,2024-02-25,2024,02,0.0024338109,NRSC VIC MODEL
Andhra Pradesh,East Godavari,2024-02-27,2024,02,0.0,NRSC VIC MODEL
Andhra Pradesh,East Godavari,2024-03-09,2024,03,0.0009122205,NRSC VIC MODEL
Andhra Pradesh,East Godavari,2024-03-14,2024,03,0.2554591619,NRSC VIC MODEL
Andhra Pradesh,East Godavari,2024-03-20,2024,03,0.1577231261,NRSC VIC MODEL
Andhra Pradesh,East Godavari,2024-03-22,2024,03,0.0,NRSC VIC MODEL
Andhra Pradesh,East Godavari,2024-03-26,2024,03,0.0,NRSC VIC MODEL
Andhra Pradesh,East Godavari,2024-04-02,2024,04,0.0,NRSC VIC MODEL
Andhra Pradesh,East Godavari,2024-04-05,2024,04,0.0,NRSC VIC MODEL
Andhra Pradesh,East Godavari,2024-04-08,2024,04,0.0004564967,NRSC VIC MODEL
Andhra Pradesh,East Godavari,2024-04-11,2024,04,0.3817451226,NRSC VIC MODEL
Andhra Pradesh,East Godavari,2024-04-16,2024,04,0.0,NRSC VIC MODEL
Andhra Pradesh,East Godavari,2024-04-18,2024,04,0.0102137235,NRSC VIC MODEL
Andhra Pradesh,East Godavari,2024-04-20,2024,04,0.2376443755,NRSC VIC MODEL
Andhra Pradesh,East Godavari,2024-04-21,2024,04,0.0047081458,NRSC VIC MODEL
Andhra Pradesh,East Godavari,2024-04-29,2024,04,0.0926295585,NRSC VIC MODEL
Andhra Pradesh,East Godavari,2024-04-30,2024,04,0.0046868043,NRSC VIC MODEL
Andhra Pradesh,East Godavari,2024-05-06,2024,05,0.0061474271,NRSC VIC MODEL
Andhra Pradesh,East Godavari,2024-05-08,2024,05,8.916548078,NRSC VIC MODEL
Andhra Pradesh,East Godavari,2024-05-14,2024,05,0.3042270024,NRSC VIC MODEL
Andhra Pradesh,East Godavari,2024-05-21,2024,05,2.8794370307,NRSC VIC MODEL
Andhra Pradesh,East Godavari,2024-05-28,2024,05,0.0,NRSC VIC MODEL
Andhra Pradesh,East Godavari,2024-06-05,2024,06,0.1564626193,NRSC VIC MODEL
Andhra Pradesh,East Godavari,2024-06-07,2024,06,5.6076709936,NRSC VIC MODEL
Andhra Pradesh,East Godavari,2024-06-08,2024,06,3.8704154885,NRSC VIC MODEL
Andhra Pradesh,East Godavari,2024-06-09,2024,06,0.3221285012,NRSC VIC MODEL
Andhra Pradesh,East Godavari,2024-06-10,2024,06,0.1223459436,NRSC VIC MODEL
Andhra Pradesh,East Godavari,2024-06-27,2024,06,17.5931712938,NRSC VIC MODEL
Andhra Pradesh,East Godavari,2024-06-28,2024,06,20.1749529074,NRSC VIC MODEL
Andhra Pradesh,East Godavari,2024-07-01,2024,07,12.17178565,NRSC VIC MODEL
Andhra Pradesh,Visakhapatanam,2024-03-17,2024,03,0.002431092,NRSC VIC MODEL
Andhra Pradesh,Visakhapatanam,2024-03-29,2024,03,0.0,NRSC VIC MODEL
Andhra Pradesh,Visakhapatanam,2024-03-31,2024,03,0.0,NRSC VIC MODEL
Andhra Pradesh,Visakhapatanam,2024-04-08,2024,04,0.0001357856,NRSC VIC MODEL
Andhra Pradesh,Visakhapatanam,2024-04-09,2024,04,0.0518759193,NRSC VIC MODEL
Andhra Pradesh,Visakhapatanam,2024-04-13,2024,04,0.3849079999,NRSC VIC MODEL
Andhra Pradesh,Visakhapatanam,2024-04-16,2024,04,0.0,NRSC VIC MODEL
Andhra Pradesh,Visakhapatanam,2024-04-28,2024,04,1.3219843944,NRSC VIC MODEL
Andhra Pradesh,Visakhapatanam,2024-05-01,2024,05,0.9970288196,NRSC VIC MODEL
Andhra Pradesh,Visakhapatanam,2024-05-04,2024,05,2.0227060196,NRSC VIC MODEL
Andhra Pradesh,Visakhapatanam,2024-05-10,2024,05,5.9458026264,NRSC VIC MODEL
Andhra Pradesh,Visakhapatanam,2024-05-20,2024,05,2.6032258524,NRSC VIC MODEL
Andhra Pradesh,Visakhapatanam,2024-05-27,2024,05,0.0,NRSC VIC MODEL
Andhra Pradesh,Visakhapatanam,2024-05-28,2024,05,0.0,NRSC VIC MODEL
Andhra Pradesh,Visakhapatanam,2024-05-29,2024,05,0.0,NRSC VIC MODEL
Andhra Pradesh,Visakhapatanam,2024-06-01,2024,06,16.4590865945,NRSC VIC MODEL
Andhra Pradesh,Visakhapatanam,2024-06-02,2024,06,2.3542053078,NRSC VIC MODEL
Andhra Pradesh,Visakhapatanam,2024-06-04,2024,06,0.1193529266,NRSC VIC MODEL
Andhra Pradesh,Visakhapatanam,2024-06-12,2024,06,2.4575534299,NRSC VIC MODEL
Andhra Pradesh,Visakhapatanam,2024-06-14,2024,06,0.0590477523,NRSC VIC MODEL
Andhra Pradesh,Visakhapatanam,2024-06-20,2024,06,4.8258777856,NRSC VIC MODEL
Andhra Pradesh,Visakhapatanam,2024-06-22,2024,06,9.9764573257,NRSC VIC MODEL
Andhra Pradesh,Visakhapatanam,2024-06-23,2024,06,4.5742767824,NRSC VIC MODEL
Andhra Pradesh,Visakhapatanam,2024-06-26,2024,06,8.7705564871,NRSC VIC MODEL
Andhra Pradesh,Visakhapatanam,2024-07-05,2024,07,0.1649196618,NRSC VIC MODEL
Andhra Pradesh,Visakhapatanam,2024-07-09,2024,07,5.0836846471,NRSC VIC MODEL
Andhra Pradesh,Visakhapatanam,2024-07-19,2024,07,36.4262560763,NRSC VIC MODEL
Andhra Pradesh,Visakhapatanam,2024-07-21,2024,07,7.3842130642,NRSC VIC MODEL
Andhra Pradesh,Visakhapatanam,2024-07-23,2024,07,19.0373532698,NRSC VIC MODEL
Andhra Pradesh,Visakhapatanam,2024-07-30,2024,07,2.1904267993,NRSC VIC MODEL
Andhra Pradesh,Visakhapatanam,2024-08-06,2024,08,2.1278064891,NRSC VIC MODEL
Andhra Pradesh,Visakhapatanam,2024-08-10,2024,08,3.1359018235,NRSC VIC MODEL
Andhra Pradesh,Visakhapatanam,2024-08-11,2024,08,1.6749583505,NRSC VIC MODEL
Andhra Pradesh,Visakhapatanam,2024-08-12,2024,08,1.2954849958,NRSC VIC MODEL
Andhra Pradesh,Visakhapatanam,2024-08-19,2024,08,4.9518675491,NRSC VIC MODEL
Andhra Pradesh,Visakhapatanam,2024-08-31,2024,08,18.5674986722,NRSC VIC MODEL
Andhra Pradesh,Visakhapatanam,2024-09-07,2024,09,14.4212140012,NRSC VIC MODEL
Andhra Pradesh,Visakhapatanam,2024-09-11,2024,09,0.752698559,NRSC VIC MODEL
Andhra Pradesh,East Godavari,2024-07-21,2024,07,17.5653212281,NRSC VIC MODEL
Andhra Pradesh,East Godavari,2024-07-30,2024,07,10.2499655631,NRSC VIC MODEL
Andhra Pradesh,East Godavari,2024-07-31,2024,07,7.5608052346,NRSC VIC MODEL
Andhra Pradesh,East Godavari,2024-08-28,2024,08,11.8359584641,NRSC VIC MODEL
Andhra Pradesh,East Godavari,2024-08-29,2024,08,11.6982718941,NRSC VIC MODEL
Andhra Pradesh,East Godavari,2024-08-30,2024,08,29.6781830246,NRSC VIC MODEL
Andhra Pradesh,East Godavari,2024-09-04,2024,09,24.0233872008,NRSC VIC MODEL
Andhra Pradesh,East Godavari,2024-09-15,2024,09,0.140842372,NRSC VIC MODEL
Andhra Pradesh,East Godavari,2024-09-27,2024,09,12.4031990906,NRSC VIC MODEL
Andhra Pradesh,East Godavari,2024-09-28,2024,09,7.1502213581,NRSC VIC MODEL
Andhra Pradesh,East Godavari,2024-10-01,2024,10,3.8182396117,NRSC VIC MODEL
Andhra Pradesh,East Godavari,2024-10-02,2024,10,5.8460440973,NRSC VIC MODEL
Andhra Pradesh,East Godavari,2024-10-09,2024,10,1.6294906231,NRSC VIC MODEL
Andhra Pradesh,East Godavari,2024-10-11,2024,10,5.3314254653,NRSC VIC MODEL
Andhra Pradesh,East Godavari,2024-10-17,2024,10,10.3876195373,NRSC VIC MODEL
Andhra Pradesh,East Godavari,2024-10-18,2024,10,9.4790020474,NRSC VIC MODEL
Andhra Pradesh,East Godavari,2024-10-23,2024,10,2.9313095268,NRSC VIC MODEL
Andhra Pradesh,East Godavari,2024-10-24,2024,10,0.0081603551,NRSC VIC MODEL
Andhra Pradesh,East Godavari,2024-10-25,2024,10,0.300353923,NRSC VIC MODEL
Andhra Pradesh,East Godavari,2024-11-02,2024,11,6.7830016149,NRSC VIC MODEL
Andhra Pradesh,East Godavari,2024-11-03,2024,11,1.4536989044,NRSC VIC MODEL
Andhra Pradesh,East Godavari,2024-11-13,2024,11,0.2459914484,NRSC VIC MODEL
Andhra Pradesh,East Godavari,2024-11-16,2024,11,0.0231298611,NRSC VIC MODEL
Andhra Pradesh,East Godavari,2024-11-20,2024,11,0.0,NRSC VIC MODEL
Andhra Pradesh,East Godavari,2024-11-22,2024,11,0.0,NRSC VIC MODEL
Andhra Pradesh,East Godavari,2024-11-27,2024,11,0.0267188322,NRSC VIC MODEL
Andhra Pradesh,East Godavari,2024-11-28,2024,11,0.0,NRSC VIC MODEL
Andhra Pradesh,East Godavari,2024-11-29,2024,11,0.0591958369,NRSC VIC MODEL
Andhra Pradesh,East Godavari,2024-11-30,2024,11,3.1581445374,NRSC VIC MODEL
Andhra Pradesh,East Godavari,2024-12-16,2024,12,1.67981e-05,NRSC VIC MODEL
Andhra Pradesh,East Godavari,2024-12-18,2024,12,0.7911648936,NRSC VIC MODEL
Andhra Pradesh,East Godavari,2024-12-19,2024,12,0.8444839274,NRSC VIC MODEL
Andhra Pradesh,East Godavari,2024-12-25,2024,12,0.8681328652,NRSC VIC MODEL
Andhra Pradesh,Guntur,2024-01-02,2024,01,0.0,NRSC VIC MODEL
Andhra Pradesh,Guntur,2024-01-06,2024,01,0.0001630098,NRSC VIC MODEL
Andhra Pradesh,Guntur,2024-01-07,2024,01,0.0,NRSC VIC MODEL
Andhra Pradesh,Guntur,2024-01-09,2024,01,0.0389268068,NRSC VIC MODEL
Andhra Pradesh,Guntur,2024-01-11,2024,01,0.000268327,NRSC VIC MODEL
Andhra Pradesh,Guntur,2024-01-14,2024,01,0.0,NRSC VIC MODEL
Andhra Pradesh,Guntur,2024-01-15,2024,01,0.0,NRSC VIC MODEL
Andhra Pradesh,Guntur,2024-01-22,2024,01,0.0,NRSC VIC MODEL
Andhra Pradesh,Guntur,2024-01-30,2024,01,0.0,NRSC VIC MODEL
Andhra Pradesh,Guntur,2024-02-15,2024,02,0.0048277151,NRSC VIC MODEL
Andhra Pradesh,Guntur,2024-02-22,2024,02,0.0,NRSC VIC MODEL
Andhra Pradesh,Guntur,2024-02-26,2024,02,0.0,NRSC VIC MODEL
Andhra Pradesh,Guntur,2024-02-27,2024,02,0.0,NRSC VIC MODEL
Andhra Pradesh,Guntur,2024-03-05,2024,03,0.0,NRSC VIC MODEL
Andhra Pradesh,Guntur,2024-03-06,2024,03,0.0053110206,NRSC VIC MODEL
Andhra Pradesh,Guntur,2024-03-11,2024,03,0.0,NRSC VIC MODEL
Andhra Pradesh,Guntur,2024-03-19,2024,03,6.82407e-05,NRSC VIC MODEL
Andhra Pradesh,Guntur,2024-03-20,2024,03,0.0029048786,NRSC VIC MODEL
Andhra Pradesh,Guntur,2024-03-28,2024,03,8.15049e-05,NRSC VIC MODEL
Andhra Pradesh,Guntur,2024-04-01,2024,04,0.5821930935,NRSC VIC MODEL
Andhra Pradesh,Guntur,2024-04-02,2024,04,8.15049e-05,NRSC VIC MODEL
Andhra Pradesh,Guntur,2024-04-15,2024,04,0.0,NRSC VIC MODEL
Andhra Pradesh,Guntur,2024-04-17,2024,04,0.0,NRSC VIC MODEL
Andhra Pradesh,Guntur,2024-04-18,2024,04,0.0122366952,NRSC VIC MODEL
Andhra Pradesh,Guntur,2024-04-19,2024,04,0.0195568874,NRSC VIC MODEL
Andhra Pradesh,Guntur,2024-04-25,2024,04,0.0144710971,NRSC VIC MODEL
Andhra Pradesh,Guntur,2024-05-31,2024,05,0.0,NRSC VIC MODEL
Andhra Pradesh,Guntur,2024-06-02,2024,06,0.8699690683,NRSC VIC MODEL
Andhra Pradesh,Guntur,2024-06-04,2024,06,0.0137429787,NRSC VIC MODEL
Andhra Pradesh,Guntur,2024-06-05,2024,06,1.4103893282,NRSC VIC MODEL
Andhra Pradesh,Guntur,2024-06-15,2024,06,0.1850859656,NRSC VIC MODEL
Andhra Pradesh,Guntur,2024-07-23,2024,07,0.8362673126,NRSC VIC MODEL
Andhra Pradesh,Guntur,2024-07-24,2024,07,2.7984582796,NRSC VIC MODEL
Andhra Pradesh,Guntur,2024-07-25,2024,07,0.0046160161,NRSC VIC MODEL
Andhra Pradesh,Guntur,2024-08-06,2024,08,7.0870927804,NRSC VIC MODEL
Andhra Pradesh,Guntur,2024-09-02,2024,09,1.2285577407,NRSC VIC MODEL
Andhra Pradesh,Guntur,2024-09-04,2024,09,20.8298541426,NRSC VIC MODEL
Andhra Pradesh,Guntur,2024-09-12,2024,09,0.0615856533,NRSC VIC MODEL
Andhra Pradesh,Guntur,2024-09-18,2024,09,0.1446120511,NRSC VIC MODEL
Andhra Pradesh,Guntur,2024-09-29,2024,09,3.4897900757,NRSC VIC MODEL
Andhra Pradesh,Guntur,2024-10-02,2024,10,8.1162542842,NRSC VIC MODEL
Andhra Pradesh,Guntur,2024-10-09,2024,10,3.5857845288,NRSC VIC MODEL
Andhra Pradesh,Guntur,2024-10-17,2024,10,11.1837158832,NRSC VIC MODEL
Andhra Pradesh,Guntur,2024-10-22,2024,10,1.0498448269,NRSC VIC MODEL
Andhra Pradesh,Guntur,2024-10-25,2024,10,0.1339999404,NRSC VIC MODEL
Andhra Pradesh,Guntur,2024-10-27,2024,10,0.0045705512,NRSC VIC MODEL
Andhra Pradesh,Guntur,2024-11-07,2024,11,0.9773464533,NRSC VIC MODEL
Andhra Pradesh,Guntur,2024-11-14,2024,11,2.7251562311,NRSC VIC MODEL
Andhra Pradesh,Guntur,2024-12-07,2024,12,0.1881064059,NRSC VIC MODEL
Andhra Pradesh,Guntur,2024-12-11,2024,12,0.0088070439,NRSC VIC MODEL
Andhra Pradesh,Guntur,2024-12-13,2024,12,0.0412356495,NRSC VIC MODEL
Andhra Pradesh,Guntur,2024-12-14,2024,12,0.0,NRSC VIC MODEL
Andhra Pradesh,Guntur,2024-12-18,2024,12,0.1425799726,NRSC VIC MODEL
Andhra Pradesh,Guntur,2024-12-21,2024,12,0.245376028,NRSC VIC MODEL
Andhra Pradesh,Guntur,2024-12-25,2024,12,3.7500577873,NRSC VIC MODEL
Andhra Pradesh,Krishna,2024-01-05,2024,01,0.0,NRSC VIC MODEL
Andhra Pradesh,Krishna,2024-01-15,2024,01,0.0051929502,NRSC VIC MODEL
Andhra Pradesh,Krishna,2024-01-22,2024,01,0.0,NRSC VIC MODEL
Andhra Pradesh,Krishna,2024-01-24,2024,01,0.0,NRSC VIC MODEL
Andhra Pradesh,Krishna,2024-01-29,2024,01,0.0,NRSC VIC MODEL
Andhra Pradesh,Krishna,2024-01-30,2024,01,0.0,NRSC VIC MODEL
Andhra Pradesh,Krishna,2024-02-07,2024,02,0.0,NRSC VIC MODEL
Andhra Pradesh,Krishna,2024-02-11,2024,02,0.0,NRSC VIC MODEL
Andhra Pradesh,Krishna,2024-02-12,2024,02,0.0,NRSC VIC MODEL
Andhra Pradesh,Krishna,2024-02-28,2024,02,0.0,NRSC VIC MODEL
Andhra Pradesh,Krishna,2024-03-04,2024,03,0.0,NRSC VIC MODEL
Andhra Pradesh,Krishna,2024-03-06,2024,03,0.0,NRSC VIC MODEL
Andhra Pradesh,Krishna,2024-03-22,2024,03,0.0,NRSC VIC MODEL
Andhra Pradesh,Krishna,2024-03-30,2024,03,0.0,NRSC VIC MODEL
Andhra Pradesh,Krishna,2024-04-03,2024,04,0.0,NRSC VIC MODEL
Andhra Pradesh,Krishna,2024-04-08,2024,04,0.0,NRSC VIC MODEL
Andhra Pradesh,Krishna,2024-04-12,2024,04,0.0077405877,NRSC VIC MODEL
Andhra Pradesh,Krishna,2024-04-14,2024,04,0.0245216132,NRSC VIC MODEL
Andhra Pradesh,Krishna,2024-04-17,2024,04,0.0,NRSC VIC MODEL
Andhra Pradesh,Krishna,2024-04-19,2024,04,0.0,NRSC VIC MODEL
Andhra Pradesh,Krishna,2024-04-20,2024,04,0.0023179124,NRSC VIC MODEL
Andhra Pradesh,Krishna,2024-04-26,2024,04,2.142e-06,NRSC VIC MODEL
Andhra Pradesh,Krishna,2024-04-27,2024,04,0.0024849998,NRSC VIC MODEL
Andhra Pradesh,Krishna,2024-05-01,2024,05,0.0,NRSC VIC MODEL
Andhra Pradesh,Krishna,2024-05-10,2024,05,0.6402401031,NRSC VIC MODEL
Andhra Pradesh,Krishna,2024-05-12,2024,05,0.0073399834,NRSC VIC MODEL
Andhra Pradesh,Krishna,2024-05-15,2024,05,7.388871433,NRSC VIC MODEL
Andhra Pradesh,Krishna,2024-05-17,2024,05,15.1314344037,NRSC VIC MODEL
Andhra Pradesh,Krishna,2024-05-25,2024,05,1.4985716814,NRSC VIC MODEL
Andhra Pradesh,Krishna,2024-06-04,2024,06,0.0003496414,NRSC VIC MODEL
Andhra Pradesh,Krishna,2024-06-07,2024,06,7.4237660319,NRSC VIC MODEL
Andhra Pradesh,Krishna,2024-06-21,2024,06,0.0581924187,NRSC VIC MODEL
Andhra Pradesh,Krishna,2024-06-22,2024,06,6.182225978,NRSC VIC MODEL
Andhra Pradesh,Krishna,2024-06-26,2024,06,0.8407904101,NRSC VIC MODEL
Andhra Pradesh,Krishna,2024-07-09,2024,07,6.0001034692,NRSC VIC MODEL
Andhra Pradesh,Krishna,2024-07-15,2024,07,3.8900647858,NRSC VIC MODEL
Andhra Pradesh,Krishna,2024-07-18,2024,07,11.7931730778,NRSC VIC MODEL
Andhra Pradesh,Krishna,2024-07-22,2024,07,8.9141687062,NRSC VIC MODEL
Andhra Pradesh,Krishna,2024-08-01,2024,08,11.2165378267,NRSC VIC MODEL
Andhra Pradesh,Krishna,2024-08-07,2024,08,22.782010444,NRSC VIC MODEL
Andhra Pradesh,Krishna,2024-08-11,2024,08,5.5339120386,NRSC VIC MODEL
Andhra Pradesh,Krishna,2024-08-27,2024,08,7.7249022909,NRSC VIC MODEL
Andhra Pradesh,Krishna,2024-09-02,2024,09,1.2057359113,NRSC VIC MODEL
Andhra Pradesh,Krishna,2024-09-06,2024,09,12.7329272266,NRSC VIC MODEL
Andhra Pradesh,Krishna,2024-09-21,2024,09,8.2751003061,NRSC VIC MODEL
Andhra Pradesh,Krishna,2024-09-25,2024,09,10.9942822841,NRSC VIC MODEL
Andhra Pradesh,Krishna,2024-10-10,2024,10,2.0404452018,NRSC VIC MODEL
Andhra Pradesh,Krishna,2024-10-13,2024,10,3.6504855206,NRSC VIC MODEL
Andhra Pradesh,Krishna,2024-10-18,2024,10,8.3256218047,NRSC VIC MODEL
Andhra Pradesh,Krishna,2024-10-22,2024,10,3.2994572838,NRSC VIC MODEL
Andhra Pradesh,Krishna,2024-10-27,2024,10,0.0022850939,NRSC VIC MODEL
Andhra Pradesh,Krishna,2024-11-01,2024,11,0.0309759607,NRSC VIC MODEL
Andhra Pradesh,Krishna,2024-11-04,2024,11,0.7811867715,NRSC VIC MODEL
Andhra Pradesh,Krishna,2024-11-07,2024,11,0.5834044589,NRSC VIC MODEL
Andhra Pradesh,Krishna,2024-11-11,2024,11,0.2573493925,NRSC VIC MODEL
Andhra Pradesh,Krishna,2024-11-27,2024,11,0.0669632973,NRSC VIC MODEL
Andhra Pradesh,Krishna,2024-12-02,2024,12,1.3281494283,NRSC VIC MODEL
Andhra Pradesh,Krishna,2024-12-09,2024,12,1.74036e-05,NRSC VIC MODEL
Andhra Pradesh,Krishna,2024-12-11,2024,12,0.026605658,NRSC VIC MODEL
Andhra Pradesh,Krishna,2024-12-13,2024,12,0.0184551584,NRSC VIC MODEL
Andhra Pradesh,Krishna,2024-12-31,2024,12,0.0009900293,NRSC VIC MODEL
Andhra Pradesh,Kurnool,2024-01-05,2024,01,0.0212674618,NRSC VIC MODEL
Andhra Pradesh,Kurnool,2024-01-06,2024,01,0.002917367,NRSC VIC MODEL
Andhra Pradesh,Kurnool,2024-01-07,2024,01,0.0,NRSC VIC MODEL
Andhra Pradesh,Kurnool,2024-01-08,2024,01,0.0003799155,NRSC VIC MODEL
Andhra Pradesh,Kurnool,2024-01-09,2024,01,0.1484975283,NRSC VIC MODEL
Andhra Pradesh,Kurnool,2024-01-11,2024,01,0.0,NRSC VIC MODEL
Andhra Pradesh,Visakhapatanam,2024-10-07,2024,10,7.1991660188,NRSC VIC MODEL
Andhra Pradesh,Visakhapatanam,2024-10-12,2024,10,1.5044691335,NRSC VIC MODEL
Andhra Pradesh,Visakhapatanam,2024-10-14,2024,10,2.8138678629,NRSC VIC MODEL
Andhra Pradesh,Visakhapatanam,2024-10-16,2024,10,5.0363362342,NRSC VIC MODEL
Andhra Pradesh,Visakhapatanam,2024-10-20,2024,10,2.4336485501,NRSC VIC MODEL
Andhra Pradesh,Visakhapatanam,2024-10-27,2024,10,1.1221290927,NRSC VIC MODEL
Andhra Pradesh,Visakhapatanam,2024-11-03,2024,11,0.3887424828,NRSC VIC MODEL
Andhra Pradesh,Visakhapatanam,2024-11-04,2024,11,0.0,NRSC VIC MODEL
Andhra Pradesh,Visakhapatanam,2024-11-29,2024,11,0.0715011353,NRSC VIC MODEL
Andhra Pradesh,Visakhapatanam,2024-12-03,2024,12,1.4688256596,NRSC VIC MODEL
Andhra Pradesh,Visakhapatanam,2024-12-04,2024,12,0.063120193,NRSC VIC MODEL
Andhra Pradesh,Visakhapatanam,2024-12-08,2024,12,1.1597e-06,NRSC VIC MODEL
Andhra Pradesh,Visakhapatanam,2024-12-11,2024,12,0.0471279364,NRSC VIC MODEL
Andhra Pradesh,Visakhapatanam,2024-12-15,2024,12,0.018826793,NRSC VIC MODEL
Andhra Pradesh,Visakhapatanam,2024-12-17,2024,12,0.0003146283,NRSC VIC MODEL
Andhra Pradesh,Vizianagaram,2024-01-01,2024,01,0.0,NRSC VIC MODEL
Andhra Pradesh,Vizianagaram,2024-01-10,2024,01,0.000147693,NRSC VIC MODEL
Andhra Pradesh,Vizianagaram,2024-01-14,2024,01,0.0,NRSC VIC MODEL
Andhra Pradesh,Vizianagaram,2024-01-15,2024,01,0.0,NRSC VIC MODEL
Andhra Pradesh,Vizianagaram,2024-01-17,2024,01,0.0,NRSC VIC MODEL
Andhra Pradesh,Vizianagaram,2024-01-18,2024,01,0.0,NRSC VIC MODEL
Andhra Pradesh,Vizianagaram,2024-01-29,2024,01,0.0,NRSC VIC MODEL
Andhra Pradesh,Vizianagaram,2024-01-31,2024,01,0.0,NRSC VIC MODEL
Andhra Pradesh,Vizianagaram,2024-02-03,2024,02,0.0249971249,NRSC VIC MODEL
Andhra Pradesh,Vizianagaram,2024-02-05,2024,02,0.0,NRSC VIC MODEL
Andhra Pradesh,Vizianagaram,2024-02-13,2024,02,0.0,NRSC VIC MODEL
Andhra Pradesh,Vizianagaram,2024-02-16,2024,02,0.0,NRSC VIC MODEL
Andhra Pradesh,Vizianagaram,2024-02-20,2024,02,0.0019240633,NRSC VIC MODEL
Andhra Pradesh,Vizianagaram,2024-02-21,2024,02,0.0,NRSC VIC MODEL
Andhra Pradesh,Vizianagaram,2024-02-23,2024,02,0.0,NRSC VIC MODEL
Andhra Pradesh,Vizianagaram,2024-03-05,2024,03,0.0002873136,NRSC VIC MODEL
Andhra Pradesh,Vizianagaram,2024-03-07,2024,03,0.007729939,NRSC VIC MODEL
Andhra Pradesh,Vizianagaram,2024-03-11,2024,03,7.29345e-05,NRSC VIC MODEL
Andhra Pradesh,Vizianagaram,2024-03-15,2024,03,0.0026419545,NRSC VIC MODEL
Andhra Pradesh,Vizianagaram,2024-03-21,2024,03,2.6273919018,NRSC VIC MODEL
Andhra Pradesh,Vizianagaram,2024-03-24,2024,03,0.0006449812,NRSC VIC MODEL
Andhra Pradesh,Vizianagaram,2024-04-03,2024,04,3.46222e-05,NRSC VIC MODEL
Andhra Pradesh,Vizianagaram,2024-04-04,2024,04,0.8372024114,NRSC VIC MODEL
Andhra Pradesh,Vizianagaram,2024-04-05,2024,04,0.0141518577,NRSC VIC MODEL
Andhra Pradesh,Vizianagaram,2024-04-08,2024,04,0.1850580255,NRSC VIC MODEL
Andhra Pradesh,Vizianagaram,2024-04-14,2024,04,2.1384248776,NRSC VIC MODEL
Andhra Pradesh,Vizianagaram,2024-04-18,2024,04,0.0073543925,NRSC VIC MODEL
Andhra Pradesh,Vizianagaram,2024-04-25,2024,04,2.1245406246,NRSC VIC MODEL
Andhra Pradesh,Vizianagaram,2024-04-27,2024,04,2.6963964011,NRSC VIC MODEL
Andhra Pradesh,Vizianagaram,2024-04-30,2024,04,1.835676884,NRSC VIC MODEL
Andhra Pradesh,Vizianagaram,2024-05-02,2024,05,0.0001915424,NRSC VIC MODEL
Andhra Pradesh,Vizianagaram,2024-05-20,2024,05,5.7730929331,NRSC VIC MODEL
Andhra Pradesh,Vizianagaram,2024-05-31,2024,05,0.0003763937,NRSC VIC MODEL
Andhra Pradesh,Vizianagaram,2024-06-14,2024,06,0.009104028,NRSC VIC MODEL
Andhra Pradesh,Vizianagaram,2024-06-15,2024,06,15.3649353375,NRSC VIC MODEL
Andhra Pradesh,Vizianagaram,2024-06-16,2024,06,18.4290447508,NRSC VIC MODEL
Andhra Pradesh,Vizianagaram,2024-06-17,2024,06,8.7773113668,NRSC VIC MODEL
Andhra Pradesh,Vizianagaram,2024-06-23,2024,06,2.5170123069,NRSC VIC MODEL
Andhra Pradesh,Vizianagaram,2024-06-24,2024,06,0.0892292776,NRSC VIC MODEL
Andhra Pradesh,Vizianagaram,2024-07-04,2024,07,0.2481704028,NRSC VIC MODEL
Andhra Pradesh,Vizianagaram,2024-07-08,2024,07,8.9182156862,NRSC VIC MODEL
Andhra Pradesh,Vizianagaram,2024-07-19,2024,07,37.6539943122,NRSC VIC MODEL
Andhra Pradesh,Vizianagaram,2024-07-22,2024,07,2.1017321639,NRSC VIC MODEL
Andhra Pradesh,Vizianagaram,2024-07-28,2024,07,1.0593471478,NRSC VIC MODEL
Andhra Pradesh,Vizianagaram,2024-08-31,2024,08,20.0172554722,NRSC VIC MODEL
Andhra Pradesh,Vizianagaram,2024-09-08,2024,09,0.7130044514,NRSC VIC MODEL
Andhra Pradesh,Vizianagaram,2024-09-13,2024,09,2.9889388488,NRSC VIC MODEL
Andhra Pradesh,Vizianagaram,2024-09-17,2024,09,4.8221844982,NRSC VIC MODEL
Andhra Pradesh,Vizianagaram,2024-09-19,2024,09,11.3187075037,NRSC VIC MODEL
Andhra Pradesh,Vizianagaram,2024-09-24,2024,09,18.1066499408,NRSC VIC MODEL
Andhra Pradesh,Vizianagaram,2024-09-27,2024,09,7.7636253972,NRSC VIC MODEL
Andhra Pradesh,Vizianagaram,2024-10-05,2024,10,3.9424497759,NRSC VIC MODEL
Andhra Pradesh,Vizianagaram,2024-10-10,2024,10,0.2075636439,NRSC VIC MODEL
Andhra Pradesh,Vizianagaram,2024-10-13,2024,10,0.1061385565,NRSC VIC MODEL
Andhra Pradesh,Vizianagaram,2024-10-18,2024,10,8.1600276744,NRSC VIC MODEL
Andhra Pradesh,Vizianagaram,2024-10-19,2024,10,11.881384032,NRSC VIC MODEL
Andhra Pradesh,Vizianagaram,2024-10-21,2024,10,9.3416248606,NRSC VIC MODEL
Andhra Pradesh,Vizianagaram,2024-11-01,2024,11,0.0003610259,NRSC VIC MODEL
Andhra Pradesh,Vizianagaram,2024-11-05,2024,11,0.0,NRSC VIC MODEL
Andhra Pradesh,Vizianagaram,2024-11-08,2024,11,0.343688805,NRSC VIC MODEL
Andhra Pradesh,Vizianagaram,2024-11-09,2024,11,0.3346362818,NRSC VIC MODEL
Andhra Pradesh,Vizianagaram,2024-11-18,2024,11,0.0,NRSC VIC MODEL
Andhra Pradesh,Vizianagaram,2024-12-01,2024,12,8.2777882801,NRSC VIC MODEL
Andhra Pradesh,Vizianagaram,2024-12-03,2024,12,1.4830100339,NRSC VIC MODEL
Andhra Pradesh,Vizianagaram,2024-12-06,2024,12,0.0291131288,NRSC VIC MODEL
Andhra Pradesh,Vizianagaram,2024-12-13,2024,12,1.7681e-06,NRSC VIC MODEL
Andhra Pradesh,Vizianagaram,2024-12-19,2024,12,5.0460470198,NRSC VIC MODEL
Andhra Pradesh,Vizianagaram,2024-12-20,2024,12,25.4348120063,NRSC VIC MODEL
Andhra Pradesh,Vizianagaram,2024-12-21,2024,12,49.9837954462,NRSC VIC MODEL
Andhra Pradesh,Vizianagaram,2024-12-22,2024,12,3.2476460632,NRSC VIC MODEL
Andhra Pradesh,Vizianagaram,2024-12-27,2024,12,0.0,NRSC VIC MODEL
Andhra Pradesh,Vizianagaram,2024-12-28,2024,12,0.0,NRSC VIC MODEL
Andhra Pradesh,West Godavari,2024-01-02,2024,01,0.0,NRSC VIC MODEL
Andhra Pradesh,West Godavari,2024-01-03,2024,01,0.0,NRSC VIC MODEL
Andhra Pradesh,West Godavari,2024-01-09,2024,01,0.3702913558,NRSC VIC MODEL
Andhra Pradesh,West Godavari,2024-01-11,2024,01,0.0044309307,NRSC VIC MODEL
Andhra Pradesh,West Godavari,2024-01-21,2024,01,0.0,NRSC VIC MODEL
Andhra Pradesh,West Godavari,2024-01-23,2024,01,0.0,NRSC VIC MODEL
Andhra Pradesh,West Godavari,2024-01-24,2024,01,0.0,NRSC VIC MODEL
Andhra Pradesh,West Godavari,2024-01-28,2024,01,0.0,NRSC VIC MODEL
Andhra Pradesh,West Godavari,2024-02-01,2024,02,0.0,NRSC VIC MODEL
Andhra Pradesh,West Godavari,2024-02-02,2024,02,0.1119175509,NRSC VIC MODEL
Andhra Pradesh,West Godavari,2024-02-04,2024,02,0.0,NRSC VIC MODEL
Andhra Pradesh,West Godavari,2024-02-06,2024,02,0.0,NRSC VIC MODEL
Andhra Pradesh,West Godavari,2024-02-10,2024,02,0.0,NRSC VIC MODEL
Andhra Pradesh,West Godavari,2024-02-16,2024,02,0.014844138,NRSC VIC MODEL
Andhra Pradesh,West Godavari,2024-02-18,2024,02,0.1860793783,NRSC VIC MODEL
Andhra Pradesh,West Godavari,2024-02-27,2024,02,0.0,NRSC VIC MODEL
Andhra Pradesh,West Godavari,2024-03-25,2024,03,0.0,NRSC VIC MODEL
Andhra Pradesh,West Godavari,2024-03-31,2024,03,0.0,NRSC VIC MODEL
Andhra Pradesh,West Godavari,2024-04-02,2024,04,0.0,NRSC VIC MODEL
Andhra Pradesh,West Godavari,2024-04-18,2024,04,0.1742018928,NRSC VIC MODEL
Andhra Pradesh,West Godavari,2024-05-14,2024,05,0.0112589345,NRSC VIC MODEL
Andhra Pradesh,West Godavari,2024-05-16,2024,05,1.0731917822,NRSC VIC MODEL
Andhra Pradesh,West Godavari,2024-05-23,2024,05,0.3445449033,NRSC VIC MODEL
Andhra Pradesh,West Godavari,2024-05-26,2024,05,3.5907494684,NRSC VIC MODEL
Andhra Pradesh,West Godavari,2024-06-02,2024,06,0.8609367393,NRSC VIC MODEL
Andhra Pradesh,West Godavari,2024-06-09,2024,06,0.0541552498,NRSC VIC MODEL
Andhra Pradesh,West Godavari,2024-06-11,2024,06,1.0526799345,NRSC VIC MODEL
Andhra Pradesh,West Godavari,2024-06-25,2024,06,3.7858517271,NRSC VIC MODEL
Andhra Pradesh,West Godavari,2024-07-02,2024,07,0.8820874524,NRSC VIC MODEL
Andhra Pradesh,West Godavari,2024-07-14,2024,07,1.3269564854,NRSC VIC MODEL
Andhra Pradesh,West Godavari,2024-07-15,2024,07,0.4465551492,NRSC VIC MODEL
Andhra Pradesh,West Godavari,2024-07-19,2024,07,100.3109594271,NRSC VIC MODEL
Andhra Pradesh,West Godavari,2024-07-26,2024,07,1.0337321372,NRSC VIC MODEL
Andhra Pradesh,West Godavari,2024-07-28,2024,07,15.7182722091,NRSC VIC MODEL
Andhra Pradesh,West Godavari,2024-07-31,2024,07,4.8061778973,NRSC VIC MODEL
Andhra Pradesh,West Godavari,2024-08-14,2024,08,3.5040454908,NRSC VIC MODEL
Andhra Pradesh,West Godavari,2024-08-20,2024,08,2.9554950338,NRSC VIC MODEL
Andhra Pradesh,West Godavari,2024-08-29,2024,08,13.2433016448,NRSC VIC MODEL
Andhra Pradesh,West Godavari,2024-08-31,2024,08,37.7909330564,NRSC VIC MODEL
Andhra Pradesh,West Godavari,2024-09-05,2024,09,11.4068539905,NRSC VIC MODEL
Andhra Pradesh,West Godavari,2024-09-06,2024,09,16.1329774248,NRSC VIC MODEL
Andhra Pradesh,West Godavari,2024-09-14,2024,09,1.4114584671,NRSC VIC MODEL
Andhra Pradesh,West Godavari,2024-09-15,2024,09,0.1597440733,NRSC VIC MODEL
Andhra Pradesh,West Godavari,2024-09-18,2024,09,0.1463582168,NRSC VIC MODEL
Andhra Pradesh,West Godavari,2024-10-05,2024,10,4.8360005539,NRSC VIC MODEL
Andhra Pradesh,West Godavari,2024-10-06,2024,10,4.0794625233,NRSC VIC MODEL
Andhra Pradesh,West Godavari,2024-10-14,2024,10,6.7268059468,NRSC VIC MODEL
Andhra Pradesh,West Godavari,2024-10-17,2024,10,10.6782061813,NRSC VIC MODEL
Andhra Pradesh,West Godavari,2024-10-22,2024,10,4.3339321459,NRSC VIC MODEL
Andhra Pradesh,West Godavari,2024-10-26,2024,10,1.2723873241,NRSC VIC MODEL
Andhra Pradesh,West Godavari,2024-10-27,2024,10,0.0075320288,NRSC VIC MODEL
Andhra Pradesh,West Godavari,2024-10-28,2024,10,0.0134001233,NRSC VIC MODEL
Andhra Pradesh,West Godavari,2024-11-01,2024,11,0.09364472,NRSC VIC MODEL
Andhra Pradesh,West Godavari,2024-11-02,2024,11,4.8586771897,NRSC VIC MODEL
Andhra Pradesh,West Godavari,2024-11-07,2024,11,0.3520593244,NRSC VIC MODEL
Andhra Pradesh,West Godavari,2024-11-08,2024,11,0.7026938931,NRSC VIC MODEL
Andhra Pradesh,West Godavari,2024-11-14,2024,11,0.0546594701,NRSC VIC MODEL
Andhra Pradesh,West Godavari,2024-12-01,2024,12,6.2925990118,NRSC VIC MODEL
Andhra Pradesh,West Godavari,2024-12-03,2024,12,0.0337984437,NRSC VIC MODEL
Andhra Pradesh,West Godavari,2024-12-04,2024,12,0.0050863952,NRSC VIC MODEL
Andhra Pradesh,West Godavari,2024-12-07,2024,12,0.3059238981,NRSC VIC MODEL
Andhra Pradesh,West Godavari,2024-12-08,2024,12,0.0,NRSC VIC MODEL
Andhra Pradesh,West Godavari,2024-12-09,2024,12,0.0,NRSC VIC MODEL
Andhra Pradesh,West Godavari,2024-12-10,2024,12,0.6423893958,NRSC VIC MODEL
Andhra Pradesh,West Godavari,2024-12-11,2024,12,0.0167316073,NRSC VIC MODEL
Andhra Pradesh,West Godavari,2024-12-12,2024,12,0.0203665478,NRSC VIC MODEL
Andhra Pradesh,Y.S.R.,2024-01-02,2024,01,0.0,NRSC VIC MODEL
Andhra Pradesh,Y.S.R.,2024-01-04,2024,01,0.2089860827,NRSC VIC MODEL
Andhra Pradesh,Y.S.R.,2024-01-05,2024,01,0.0485089839,NRSC VIC MODEL
Andhra Pradesh,Y.S.R.,2024-01-09,2024,01,3.5422182366,NRSC VIC MODEL
Andhra Pradesh,Y.S.R.,2024-01-29,2024,01,0.0,NRSC VIC MODEL
Andhra Pradesh,Y.S.R.,2024-02-01,2024,02,0.0,NRSC VIC MODEL
Andhra Pradesh,Y.S.R.,2024-02-03,2024,02,0.0,NRSC VIC MODEL
Andhra Pradesh,Y.S.R.,2024-02-04,2024,02,0.0,NRSC VIC MODEL
Andhra Pradesh,Y.S.R.,2024-02-07,2024,02,0.0,NRSC VIC MODEL
Andhra Pradesh,Y.S.R.,2024-02-09,2024,02,0.0,NRSC VIC MODEL
Andhra Pradesh,Y.S.R.,2024-02-16,2024,02,0.0781988998,NRSC VIC MODEL
Andhra Pradesh,Y.S.R.,2024-02-19,2024,02,0.0,NRSC VIC MODEL
Andhra Pradesh,Y.S.R.,2024-02-22,2024,02,0.0,NRSC VIC MODEL
Andhra Pradesh,Y.S.R.,2024-02-29,2024,02,0.0001663104,NRSC VIC MODEL
Andhra Pradesh,Y.S.R.,2024-03-08,2024,03,0.0,NRSC VIC MODEL
Andhra Pradesh,Y.S.R.,2024-03-11,2024,03,0.0,NRSC VIC MODEL
Andhra Pradesh,Y.S.R.,2024-03-12,2024,03,0.0018035005,NRSC VIC MODEL
Andhra Pradesh,Y.S.R.,2024-03-17,2024,03,0.0,NRSC VIC MODEL
Andhra Pradesh,Y.S.R.,2024-03-20,2024,03,0.0,NRSC VIC MODEL
Andhra Pradesh,Y.S.R.,2024-03-22,2024,03,0.0,NRSC VIC MODEL
Andhra Pradesh,Y.S.R.,2024-03-24,2024,03,7.6248e-05,NRSC VIC MODEL
Andhra Pradesh,Y.S.R.,2024-03-25,2024,03,0.0,NRSC VIC MODEL
Andhra Pradesh,Y.S.R.,2024-03-27,2024,03,0.0,NRSC VIC MODEL
Andhra Pradesh,Y.S.R.,2024-04-06,2024,04,0.0003951023,NRSC VIC MODEL
Andhra Pradesh,Y.S.R.,2024-04-11,2024,04,0.0053505462,NRSC VIC MODEL
Andhra Pradesh,Y.S.R.,2024-05-08,2024,05,38.7124639948,NRSC VIC MODEL
Andhra Pradesh,Y.S.R.,2024-05-11,2024,05,0.0063226428,NRSC VIC MODEL
Andhra Pradesh,Y.S.R.,2024-05-17,2024,05,0.265288754,NRSC VIC MODEL
Andhra Pradesh,Y.S.R.,2024-05-23,2024,05,0.0005402657,NRSC VIC MODEL
Andhra Pradesh,Y.S.R.,2024-05-31,2024,05,0.0002603544,NRSC VIC MODEL
Andhra Pradesh,Y.S.R.,2024-06-02,2024,06,12.8872001749,NRSC VIC MODEL
Andhra Pradesh,Y.S.R.,2024-06-05,2024,06,8.2400443388,NRSC VIC MODEL
Andhra Pradesh,Y.S.R.,2024-06-11,2024,06,4.8562858504,NRSC VIC MODEL
Andhra Pradesh,Y.S.R.,2024-06-15,2024,06,1.5760210448,NRSC VIC MODEL
Andhra Pradesh,Y.S.R.,2024-06-25,2024,06,0.1958760385,NRSC VIC MODEL
Andhra Pradesh,Y.S.R.,2024-07-01,2024,07,12.1789119291,NRSC VIC MODEL
Andhra Pradesh,Y.S.R.,2024-07-09,2024,07,2.8096845791,NRSC VIC MODEL
Andhra Pradesh,Y.S.R.,2024-07-13,2024,07,0.8219530252,NRSC VIC MODEL
Andhra Pradesh,Y.S.R.,2024-07-17,2024,07,0.7257787107,NRSC VIC MODEL
Andhra Pradesh,Y.S.R.,2024-07-25,2024,07,0.0,NRSC VIC MODEL
Andhra Pradesh,Y.S.R.,2024-08-05,2024,08,0.2528648987,NRSC VIC MODEL
Andhra Pradesh,Y.S.R.,2024-08-12,2024,08,1.585047764,NRSC VIC MODEL
Andhra Pradesh,Y.S.R.,2024-08-13,2024,08,0.7715269497,NRSC VIC MODEL
Andhra Pradesh,Y.S.R.,2024-08-15,2024,08,11.3662686661,NRSC VIC MODEL
Andhra Pradesh,Y.S.R.,2024-08-24,2024,08,0.3466032533,NRSC VIC MODEL
Andhra Pradesh,Y.S.R.,2024-08-31,2024,08,13.247221255,NRSC VIC MODEL
Andhra Pradesh,Y.S.R.,2024-09-01,2024,09,0.335730071,NRSC VIC MODEL
Andhra Pradesh,Y.S.R.,2024-09-19,2024,09,0.1112733929,NRSC VIC MODEL
Andhra Pradesh,Y.S.R.,2024-09-21,2024,09,6.7901039326,NRSC VIC MODEL
Andhra Pradesh,Y.S.R.,2024-09-30,2024,09,0.2476345997,NRSC VIC MODEL
Andhra Pradesh,Y.S.R.,2024-10-01,2024,10,0.1143355557,NRSC VIC MODEL
Andhra Pradesh,Y.S.R.,2024-10-02,2024,10,3.8245012407,NRSC VIC MODEL
Andhra Pradesh,Y.S.R.,2024-10-08,2024,10,0.2712881651,NRSC VIC MODEL
Andhra Pradesh,Y.S.R.,2024-10-11,2024,10,0.1890811407,NRSC VIC MODEL
Andhra Pradesh,Y.S.R.,2024-10-12,2024,10,1.136446291,NRSC VIC MODEL
Andhra Pradesh,Y.S.R.,2024-11-02,2024,11,1.7155159391,NRSC VIC MODEL
Andhra Pradesh,Y.S.R.,2024-11-10,2024,11,1.0597443954,NRSC VIC MODEL
Andhra Pradesh,Y.S.R.,2024-11-21,2024,11,0.008412527,NRSC VIC MODEL
Andhra Pradesh,Y.S.R.,2024-11-22,2024,11,7.24404e-05,NRSC VIC MODEL
Andhra Pradesh,Y.S.R.,2024-11-23,2024,11,4.6411e-06,NRSC VIC MODEL
Andhra Pradesh,Y.S.R.,2024-11-26,2024,11,0.0413671653,NRSC VIC MODEL
Andhra Pradesh,Y.S.R.,2024-12-06,2024,12,2.8436457496,NRSC VIC MODEL
Andhra Pradesh,Y.S.R.,2024-12-07,2024,12,0.3440458769,NRSC VIC MODEL
Andhra Pradesh,Y.S.R.,2024-12-20,2024,12,6.0956272629,NRSC VIC MODEL
Andhra Pradesh,Y.S.R.,2024-12-29,2024,12,0.0016980904,NRSC VIC MODEL
Andhra Pradesh,Y.S.R.,2024-12-30,2024,12,0.0,NRSC VIC MODEL
Andhra Pradesh,Kurnool,2024-01-17,2024,01,0.0,NRSC VIC MODEL
Andhra Pradesh,Kurnool,2024-01-23,2024,01,0.0,NRSC VIC MODEL
Andhra Pradesh,Kurnool,2024-01-24,2024,01,0.0,NRSC VIC MODEL
Andhra Pradesh,Kurnool,2024-01-27,2024,01,0.0001889107,NRSC VIC MODEL
Andhra Pradesh,Kurnool,2024-01-31,2024,01,3.55307e-05,NRSC VIC MODEL
Andhra Pradesh,Kurnool,2024-02-02,2024,02,0.0251486053,NRSC VIC MODEL
Andhra Pradesh,Kurnool,2024-02-04,2024,02,7.48537e-05,NRSC VIC MODEL
Andhra Pradesh,Kurnool,2024-03-07,2024,03,0.0,NRSC VIC MODEL
Andhra Pradesh,Kurnool,2024-03-08,2024,03,0.0,NRSC VIC MODEL
Andhra Pradesh,Kurnool,2024-03-11,2024,03,0.0,NRSC VIC MODEL
Andhra Pradesh,Kurnool,2024-03-14,2024,03,0.0,NRSC VIC MODEL
Andhra Pradesh,Kurnool,2024-03-15,2024,03,0.0,NRSC VIC MODEL
Andhra Pradesh,Kurnool,2024-03-26,2024,03,0.0,NRSC VIC MODEL
Andhra Pradesh,Kurnool,2024-04-02,2024,04,0.0,NRSC VIC MODEL
Andhra Pradesh,Kurnool,2024-04-11,2024,04,0.0364817815,NRSC VIC MODEL
Andhra Pradesh,Kurnool,2024-04-15,2024,04,0.0,NRSC VIC MODEL
Andhra Pradesh,Kurnool,2024-04-20,2024,04,2.1545451733,NRSC VIC MODEL
Andhra Pradesh,Kurnool,2024-05-02,2024,05,7.5564e-06,NRSC VIC MODEL
Andhra Pradesh,Kurnool,2024-05-04,2024,05,0.0,NRSC VIC MODEL
Andhra Pradesh,Kurnool,2024-05-05,2024,05,0.0006724822,NRSC VIC MODEL
Andhra Pradesh,Kurnool,2024-05-06,2024,05,0.0644140072,NRSC VIC MODEL
Andhra Pradesh,Kurnool,2024-05-08,2024,05,28.0756730582,NRSC VIC MODEL
Andhra Pradesh,Kurnool,2024-05-09,2024,05,0.0973281617,NRSC VIC MODEL
Andhra Pradesh,Kurnool,2024-05-11,2024,05,0.4489119689,NRSC VIC MODEL
Andhra Pradesh,Kurnool,2024-05-12,2024,05,0.00800902,NRSC VIC MODEL
Andhra Pradesh,Kurnool,2024-05-15,2024,05,2.8335397244,NRSC VIC MODEL
Andhra Pradesh,Kurnool,2024-05-17,2024,05,4.5453247166,NRSC VIC MODEL
Andhra Pradesh,Kurnool,2024-05-28,2024,05,0.0,NRSC VIC MODEL
Andhra Pradesh,Kurnool,2024-05-29,2024,05,0.0034977341,NRSC VIC MODEL
Andhra Pradesh,Kurnool,2024-06-14,2024,06,0.2860018975,NRSC VIC MODEL
Andhra Pradesh,Kurnool,2024-06-22,2024,06,1.5642339053,NRSC VIC MODEL
Andhra Pradesh,Kurnool,2024-06-26,2024,06,1.7296928322,NRSC VIC MODEL
Andhra Pradesh,Kurnool,2024-07-13,2024,07,0.7504809037,NRSC VIC MODEL
Andhra Pradesh,Kurnool,2024-07-19,2024,07,9.9451374278,NRSC VIC MODEL
Andhra Pradesh,Kurnool,2024-07-22,2024,07,7.3985151073,NRSC VIC MODEL
Andhra Pradesh,Kurnool,2024-07-24,2024,07,1.1087057387,NRSC VIC MODEL
Andhra Pradesh,Kurnool,2024-07-30,2024,07,0.2963119069,NRSC VIC MODEL
Andhra Pradesh,Kurnool,2024-07-31,2024,07,0.3547450899,NRSC VIC MODEL
Andhra Pradesh,Kurnool,2024-08-15,2024,08,11.6875443535,NRSC VIC MODEL
Andhra Pradesh,Kurnool,2024-08-22,2024,08,7.3902628797,NRSC VIC MODEL
Andhra Pradesh,Kurnool,2024-08-23,2024,08,3.2080470313,NRSC VIC MODEL
Andhra Pradesh,Kurnool,2024-09-20,2024,09,1.6499126948,NRSC VIC MODEL
Andhra Pradesh,Kurnool,2024-10-03,2024,10,10.9000288695,NRSC VIC MODEL
Andhra Pradesh,Kurnool,2024-10-07,2024,10,0.9428493773,NRSC VIC MODEL
Andhra Pradesh,Kurnool,2024-10-10,2024,10,3.5189390626,NRSC VIC MODEL
Andhra Pradesh,Kurnool,2024-10-12,2024,10,0.5063990976,NRSC VIC MODEL
Andhra Pradesh,Kurnool,2024-10-13,2024,10,0.0379921239,NRSC VIC MODEL
Andhra Pradesh,Kurnool,2024-10-14,2024,10,5.3951076586,NRSC VIC MODEL
Andhra Pradesh,Kurnool,2024-10-15,2024,10,11.301708055,NRSC VIC MODEL
Andhra Pradesh,Kurnool,2024-10-21,2024,10,1.2243708397,NRSC VIC MODEL
Andhra Pradesh,Kurnool,2024-11-03,2024,11,0.0,NRSC VIC MODEL
Andhra Pradesh,Kurnool,2024-11-08,2024,11,0.7188224488,NRSC VIC MODEL
Andhra Pradesh,Kurnool,2024-11-11,2024,11,0.4478247785,NRSC VIC MODEL
Andhra Pradesh,Kurnool,2024-11-12,2024,11,0.0281709515,NRSC VIC MODEL
Andhra Pradesh,Kurnool,2024-11-13,2024,11,0.0211866548,NRSC VIC MODEL
Andhra Pradesh,Kurnool,2024-11-30,2024,11,0.3925827915,NRSC VIC MODEL
Andhra Pradesh,Kurnool,2024-12-01,2024,12,0.6611540308,NRSC VIC MODEL
Andhra Pradesh,Kurnool,2024-12-08,2024,12,0.7146167372,NRSC VIC MODEL
Andhra Pradesh,Kurnool,2024-12-11,2024,12,0.0027783413,NRSC VIC MODEL
Andhra Pradesh,Kurnool,2024-12-17,2024,12,0.0039560212,NRSC VIC MODEL
Andhra Pradesh,Kurnool,2024-12-22,2024,12,0.6296064451,NRSC VIC MODEL
Andhra Pradesh,Kurnool,2024-12-23,2024,12,0.0012276876,NRSC VIC MODEL
Andhra Pradesh,Kurnool,2024-12-27,2024,12,1.178082608,NRSC VIC MODEL
Andhra Pradesh,Kurnool,2024-12-28,2024,12,0.2628437388,NRSC VIC MODEL
Andhra Pradesh,Prakasam,2024-01-05,2024,01,0.0151878181,NRSC VIC MODEL
Andhra Pradesh,Prakasam,2024-01-12,2024,01,0.0,NRSC VIC MODEL
Andhra Pradesh,Prakasam,2024-01-14,2024,01,0.0,NRSC VIC MODEL
Andhra Pradesh,Prakasam,2024-01-16,2024,01,0.0,NRSC VIC MODEL
Andhra Pradesh,Prakasam,2024-01-18,2024,01,0.0,NRSC VIC MODEL
Andhra Pradesh,Prakasam,2024-02-20,2024,02,0.0,NRSC VIC MODEL
Andhra Pradesh,Prakasam,2024-02-25,2024,02,0.0,NRSC VIC MODEL
Andhra Pradesh,Prakasam,2024-02-26,2024,02,0.0,NRSC VIC MODEL
Andhra Pradesh,Prakasam,2024-02-27,2024,02,0.0,NRSC VIC MODEL
Andhra Pradesh,Prakasam,2024-03-05,2024,03,0.0,NRSC VIC MODEL
Andhra Pradesh,Prakasam,2024-03-07,2024,03,0.0,NRSC VIC MODEL
Andhra Pradesh,Prakasam,2024-03-12,2024,03,0.0,NRSC VIC MODEL
Andhra Pradesh,Prakasam,2024-03-13,2024,03,0.0,NRSC VIC MODEL
Andhra Pradesh,Prakasam,2024-03-14,2024,03,0.0331936621,NRSC VIC MODEL
Andhra Pradesh,Prakasam,2024-03-22,2024,03,0.0,NRSC VIC MODEL
Andhra Pradesh,Prakasam,2024-03-26,2024,03,0.0,NRSC VIC MODEL
Andhra Pradesh,Prakasam,2024-03-29,2024,03,0.0,NRSC VIC MODEL
Andhra Pradesh,Prakasam,2024-03-31,2024,03,0.0,NRSC VIC MODEL
Andhra Pradesh,Prakasam,2024-04-01,2024,04,0.2109342222,NRSC VIC MODEL
Andhra Pradesh,Prakasam,2024-04-07,2024,04,0.0005521597,NRSC VIC MODEL
Andhra Pradesh,Prakasam,2024-04-11,2024,04,0.0,NRSC VIC MODEL
Andhra Pradesh,Prakasam,2024-04-16,2024,04,0.0,NRSC VIC MODEL
Andhra Pradesh,Prakasam,2024-04-23,2024,04,0.0,NRSC VIC MODEL
Andhra Pradesh,Prakasam,2024-04-24,2024,04,0.0,NRSC VIC MODEL
Andhra Pradesh,Prakasam,2024-04-27,2024,04,0.0,NRSC VIC MODEL
Andhra Pradesh,Prakasam,2024-04-30,2024,04,0.0,NRSC VIC MODEL
Andhra Pradesh,Prakasam,2024-05-06,2024,05,0.6337316796,NRSC VIC MODEL
Andhra Pradesh,Prakasam,2024-05-09,2024,05,0.0006633442,NRSC VIC MODEL
Andhra Pradesh,Prakasam,2024-05-12,2024,05,0.0007483088,NRSC VIC MODEL
Andhra Pradesh,Prakasam,2024-05-13,2024,05,1.0057358892,NRSC VIC MODEL
Andhra Pradesh,Prakasam,2024-05-16,2024,05,0.3637554348,NRSC VIC MODEL
Andhra Pradesh,Prakasam,2024-05-19,2024,05,10.3677493545,NRSC VIC MODEL
Andhra Pradesh,Prakasam,2024-06-01,2024,06,0.0009311774,NRSC VIC MODEL
Andhra Pradesh,Prakasam,2024-06-02,2024,06,6.0961227574,NRSC VIC MODEL
Andhra Pradesh,Prakasam,2024-06-05,2024,06,0.2013939373,NRSC VIC MODEL
Andhra Pradesh,Prakasam,2024-06-23,2024,06,2.4469728466,NRSC VIC MODEL
Andhra Pradesh,Prakasam,2024-06-27,2024,06,4.913555975,NRSC VIC MODEL
Andhra Pradesh,Prakasam,2024-06-29,2024,06,1.3050914199,NRSC VIC MODEL
Andhra Pradesh,Prakasam,2024-07-03,2024,07,0.8062394648,NRSC VIC MODEL
Andhra Pradesh,Prakasam,2024-07-06,2024,07,4.2287508308,NRSC VIC MODEL
Andhra Pradesh,Prakasam,2024-07-09,2024,07,15.7764681022,NRSC VIC MODEL
Andhra Pradesh,Prakasam,2024-07-13,2024,07,1.186634889,NRSC VIC MODEL
Andhra Pradesh,Prakasam,2024-07-16,2024,07,3.41763809,NRSC VIC MODEL
Andhra Pradesh,Prakasam,2024-07-25,2024,07,0.0849476794,NRSC VIC MODEL
Andhra Pradesh,Prakasam,2024-07-30,2024,07,0.9595776904,NRSC VIC MODEL
Andhra Pradesh,Prakasam,2024-08-06,2024,08,6.4156882949,NRSC VIC MODEL
Andhra Pradesh,Prakasam,2024-08-11,2024,08,4.4894986312,NRSC VIC MODEL
Andhra Pradesh,Prakasam,2024-08-19,2024,08,2.1874153665,NRSC VIC MODEL
Andhra Pradesh,Prakasam,2024-08-20,2024,08,1.9710787001,NRSC VIC MODEL
Andhra Pradesh,Prakasam,2024-08-22,2024,08,8.4210913656,NRSC VIC MODEL
Andhra Pradesh,Prakasam,2024-08-27,2024,08,1.2097639957,NRSC VIC MODEL
Andhra Pradesh,Prakasam,2024-08-28,2024,08,0.6458757553,NRSC VIC MODEL
Andhra Pradesh,Prakasam,2024-08-30,2024,08,19.9647231427,NRSC VIC MODEL
Andhra Pradesh,Prakasam,2024-09-02,2024,09,0.5295747228,NRSC VIC MODEL
Andhra Pradesh,Prakasam,2024-09-04,2024,09,4.4381202692,NRSC VIC MODEL
Andhra Pradesh,Prakasam,2024-09-08,2024,09,0.0,NRSC VIC MODEL
Andhra Pradesh,Prakasam,2024-09-17,2024,09,0.0244465941,NRSC VIC MODEL
Andhra Pradesh,Prakasam,2024-09-18,2024,09,0.1002765479,NRSC VIC MODEL
Andhra Pradesh,Prakasam,2024-09-27,2024,09,6.2342217055,NRSC VIC MODEL
Andhra Pradesh,Prakasam,2024-09-28,2024,09,4.4503805852,NRSC VIC MODEL
Andhra Pradesh,Prakasam,2024-09-29,2024,09,1.8813619032,NRSC VIC MODEL
Andhra Pradesh,Prakasam,2024-10-06,2024,10,1.2260415609,NRSC VIC MODEL
Andhra Pradesh,Prakasam,2024-10-08,2024,10,1.3316289251,NRSC VIC MODEL
Andhra Pradesh,Prakasam,2024-10-11,2024,10,17.5615458005,NRSC VIC MODEL
Andhra Pradesh,Prakasam,2024-10-15,2024,10,13.4052468755,NRSC VIC MODEL
Andhra Pradesh,Prakasam,2024-10-18,2024,10,11.0742988269,NRSC VIC MODEL
Andhra Pradesh,Prakasam,2024-10-20,2024,10,13.5875244071,NRSC VIC MODEL
Andhra Pradesh,Prakasam,2024-10-21,2024,10,11.0661594942,NRSC VIC MODEL
Andhra Pradesh,Prakasam,2024-10-23,2024,10,1.3053261149,NRSC VIC MODEL
Andhra Pradesh,Prakasam,2024-10-28,2024,10,0.0,NRSC VIC MODEL
Andhra Pradesh,Prakasam,2024-10-30,2024,10,1.1696748607,NRSC VIC MODEL
Andhra Pradesh,Prakasam,2024-11-01,2024,11,0.1631073128,NRSC VIC MODEL
Andhra Pradesh,Prakasam,2024-11-10,2024,11,0.8928883836,NRSC VIC MODEL
Andhra Pradesh,Prakasam,2024-11-13,2024,11,8.7273340495,NRSC VIC MODEL
Andhra Pradesh,Prakasam,2024-11-16,2024,11,3.992428261,NRSC VIC MODEL
Andhra Pradesh,Prakasam,2024-11-19,2024,11,0.0,NRSC VIC MODEL
Andhra Pradesh,Prakasam,2024-11-20,2024,11,0.0,NRSC VIC MODEL
Andhra Pradesh,Prakasam,2024-11-23,2024,11,3.76186e-05,NRSC VIC MODEL
Andhra Pradesh,Prakasam,2024-12-01,2024,12,2.3430074464,NRSC VIC MODEL
Andhra Pradesh,Prakasam,2024-12-04,2024,12,8.1214488518,NRSC VIC MODEL
Andhra Pradesh,Prakasam,2024-12-14,2024,12,0.0001209698,NRSC VIC MODEL
Andhra Pradesh,Prakasam,2024-12-16,2024,12,0.0004583995,NRSC VIC MODEL
Andhra Pradesh,Prakasam,2024-12-18,2024,12,0.9262114036,NRSC VIC MODEL
Andhra Pradesh,Prakasam,2024-12-28,2024,12,0.0099760832,NRSC VIC MODEL
Andhra Pradesh,SPSR Nellore,2024-01-08,2024,01,0.624398651,NRSC VIC MODEL
Andhra Pradesh,SPSR Nellore,2024-01-10,2024,01,0.0004462117,NRSC VIC MODEL
Andhra Pradesh,SPSR Nellore,2024-01-19,2024,01,0.0003604467,NRSC VIC MODEL
Andhra Pradesh,SPSR Nellore,2024-01-29,2024,01,0.0,NRSC VIC MODEL
Andhra Pradesh,SPSR Nellore,2024-02-06,2024,02,0.0,NRSC VIC MODEL
Andhra Pradesh,SPSR Nellore,2024-02-17,2024,02,0.0,NRSC VIC MODEL
Andhra Pradesh,SPSR Nellore,2024-03-03,2024,03,0.0,NRSC VIC MODEL
Andhra Pradesh,SPSR Nellore,2024-03-08,2024,03,0.0,NRSC VIC MODEL
Andhra Pradesh,SPSR Nellore,2024-03-13,2024,03,0.0,NRSC VIC MODEL
Andhra Pradesh,SPSR Nellore,2024-03-20,2024,03,0.0,NRSC VIC MODEL
Andhra Pradesh,SPSR Nellore,2024-03-25,2024,03,0.0,NRSC VIC MODEL
Andhra Pradesh,SPSR Nellore,2024-03-31,2024,03,0.0,NRSC VIC MODEL
Andhra Pradesh,SPSR Nellore,2024-04-03,2024,04,0.0,NRSC VIC MODEL
Andhra Pradesh,SPSR Nellore,2024-04-10,2024,04,0.0,NRSC VIC MODEL
Andhra Pradesh,SPSR Nellore,2024-04-12,2024,04,0.0003596666,NRSC VIC MODEL
Andhra Pradesh,SPSR Nellore,2024-04-22,2024,04,0.0,NRSC VIC MODEL
Andhra Pradesh,SPSR Nellore,2024-04-24,2024,04,0.0,NRSC VIC MODEL
Andhra Pradesh,SPSR Nellore,2024-04-26,2024,04,0.0,NRSC VIC MODEL
Andhra Pradesh,SPSR Nellore,2024-04-30,2024,04,0.0,NRSC VIC MODEL
Andhra Pradesh,SPSR Nellore,2024-05-05,2024,05,2.58655e-05,NRSC VIC MODEL
Andhra Pradesh,SPSR Nellore,2024-05-08,2024,05,32.5092560579,NRSC VIC MODEL
Andhra Pradesh,SPSR Nellore,2024-05-13,2024,05,0.4911741001,NRSC VIC MODEL
Andhra Pradesh,SPSR Nellore,2024-05-16,2024,05,0.6620639821,NRSC VIC MODEL
Andhra Pradesh,SPSR Nellore,2024-05-18,2024,05,3.8953504515,NRSC VIC MODEL
Andhra Pradesh,SPSR Nellore,2024-05-22,2024,05,0.6865177205,NRSC VIC MODEL
Andhra Pradesh,SPSR Nellore,2024-05-23,2024,05,0.0661730079,NRSC VIC MODEL
Andhra Pradesh,SPSR Nellore,2024-05-25,2024,05,0.0025983541,NRSC VIC MODEL
Andhra Pradesh,SPSR Nellore,2024-05-26,2024,05,1.468731045,NRSC VIC MODEL
Andhra Pradesh,SPSR Nellore,2024-05-30,2024,05,0.0,NRSC VIC MODEL
Andhra Pradesh,SPSR Nellore,2024-05-31,2024,05,0.0002889688,NRSC VIC MODEL
Andhra Pradesh,SPSR Nellore,2024-06-05,2024,06,0.6298608047,NRSC VIC MODEL
Andhra Pradesh,SPSR Nellore,2024-06-08,2024,06,17.2286978493,NRSC VIC MODEL
Andhra Pradesh,SPSR Nellore,2024-06-10,2024,06,2.3077092631,NRSC VIC MODEL
Andhra Pradesh,SPSR Nellore,2024-06-16,2024,06,0.0116835526,NRSC VIC MODEL
Andhra Pradesh,SPSR Nellore,2024-06-19,2024,06,0.5066729153,NRSC VIC MODEL
Andhra Pradesh,SPSR Nellore,2024-07-05,2024,07,0.1737144927,NRSC VIC MODEL
Andhra Pradesh,SPSR Nellore,2024-07-06,2024,07,36.9417398909,NRSC VIC MODEL
Andhra Pradesh,SPSR Nellore,2024-07-15,2024,07,9.9412566546,NRSC VIC MODEL
Andhra Pradesh,SPSR Nellore,2024-07-29,2024,07,0.0012968413,NRSC VIC MODEL
Andhra Pradesh,SPSR Nellore,2024-07-31,2024,07,0.0041354192,NRSC VIC MODEL
Andhra Pradesh,SPSR Nellore,2024-08-04,2024,08,3.432866747,NRSC VIC MODEL
Andhra Pradesh,SPSR Nellore,2024-08-12,2024,08,1.516275896,NRSC VIC MODEL
Andhra Pradesh,SPSR Nellore,2024-08-14,2024,08,0.5131124837,NRSC VIC MODEL
Andhra Pradesh,SPSR Nellore,2024-08-18,2024,08,2.02662733,NRSC VIC MODEL
Andhra Pradesh,SPSR Nellore,2024-08-19,2024,08,3.7390939308,NRSC VIC MODEL
Andhra Pradesh,SPSR Nellore,2024-08-28,2024,08,1.1748905372,NRSC VIC MODEL
Andhra Pradesh,SPSR Nellore,2024-08-30,2024,08,10.9085036937,NRSC VIC MODEL
Andhra Pradesh,SPSR Nellore,2024-09-04,2024,09,1.6239951798,NRSC VIC MODEL
Andhra Pradesh,SPSR Nellore,2024-09-09,2024,09,0.7109657775,NRSC VIC MODEL
Andhra Pradesh,SPSR Nellore,2024-09-10,2024,09,0.387173749,NRSC VIC MODEL
Andhra Pradesh,SPSR Nellore,2024-09-14,2024,09,0.0180629812,NRSC VIC MODEL
Andhra Pradesh,SPSR Nellore,2024-09-27,2024,09,3.9278198777,NRSC VIC MODEL
Andhra Pradesh,SPSR Nellore,2024-10-01,2024,10,0.0256877816,NRSC VIC MODEL
Andhra Pradesh,SPSR Nellore,2024-10-03,2024,10,9.2691052275,NRSC VIC MODEL
Andhra Pradesh,SPSR Nellore,2024-10-22,2024,10,0.9136642807,NRSC VIC MODEL
Andhra Pradesh,SPSR Nellore,2024-10-26,2024,10,1.1628296958,NRSC VIC MODEL
Andhra Pradesh,SPSR Nellore,2024-10-29,2024,10,0.0518178076,NRSC VIC MODEL
Andhra Pradesh,SPSR Nellore,2024-11-04,2024,11,0.6441228778,NRSC VIC MODEL
Andhra Pradesh,SPSR Nellore,2024-11-05,2024,11,0.0765898775,NRSC VIC MODEL
Andhra Pradesh,SPSR Nellore,2024-11-09,2024,11,4.0119493197,NRSC VIC MODEL
Andhra Pradesh,SPSR Nellore,2024-11-12,2024,11,21.6440396857,NRSC VIC MODEL
Andhra Pradesh,SPSR Nellore,2024-11-13,2024,11,35.6019665852,NRSC VIC MODEL
Andhra Pradesh,SPSR Nellore,2024-11-17,2024,11,1.4534371081,NRSC VIC MODEL
Andhra Pradesh,SPSR Nellore,2024-11-20,2024,11,0.0,NRSC VIC MODEL
Andhra Pradesh,SPSR Nellore,2024-11-24,2024,11,0.0317373082,NRSC VIC MODEL
Andhra Pradesh,SPSR Nellore,2024-11-25,2024,11,0.0993544374,NRSC VIC MODEL
Andhra Pradesh,SPSR Nellore,2024-11-29,2024,11,1.2735665688,NRSC VIC MODEL
Andhra Pradesh,SPSR Nellore,2024-12-01,2024,12,32.7930321749,NRSC VIC MODEL
Andhra Pradesh,SPSR Nellore,2024-12-08,2024,12,0.0189635214,NRSC VIC MODEL
Andhra Pradesh,SPSR Nellore,2024-12-24,2024,12,0.0687454941,NRSC VIC MODEL
Andhra Pradesh,SPSR Nellore,2024-12-25,2024,12,0.8805221966,NRSC VIC MODEL
Andhra Pradesh,SPSR Nellore,2024-12-29,2024,12,0.0342052915,NRSC VIC MODEL
Andhra Pradesh,Srikakulam,2024-01-04,2024,01,0.0097016324,NRSC VIC MODEL
Andhra Pradesh,Srikakulam,2024-01-15,2024,01,0.0,NRSC VIC MODEL
Andhra Pradesh,Srikakulam,2024-01-21,2024,01,0.0,NRSC VIC MODEL
Andhra Pradesh,Srikakulam,2024-01-23,2024,01,0.0038973311,NRSC VIC MODEL
Andhra Pradesh,Srikakulam,2024-01-27,2024,01,0.0114063184,NRSC VIC MODEL
Andhra Pradesh,Srikakulam,2024-01-31,2024,01,0.0,NRSC VIC MODEL
Andhra Pradesh,Srikakulam,2024-02-03,2024,02,0.0113071876,NRSC VIC MODEL
Andhra Pradesh,Srikakulam,2024-02-20,2024,02,0.0003315812,NRSC VIC MODEL
Andhra Pradesh,Srikakulam,2024-02-25,2024,02,0.0117088187,NRSC VIC MODEL
Andhra Pradesh,Srikakulam,2024-03-04,2024,03,0.0,NRSC VIC MODEL
Andhra Pradesh,Srikakulam,2024-03-05,2024,03,3.38e-08,NRSC VIC MODEL
Andhra Pradesh,Srikakulam,2024-03-06,2024,03,0.0002518865,NRSC VIC MODEL
Andhra Pradesh,Srikakulam,2024-03-17,2024,03,0.0018639442,NRSC VIC MODEL
Andhra Pradesh,Srikakulam,2024-03-20,2024,03,10.4329374334,NRSC VIC MODEL
Andhra Pradesh,Srikakulam,2024-03-21,2024,03,3.3136535053,NRSC VIC MODEL
Andhra Pradesh,Srikakulam,2024-03-22,2024,03,0.0154219952,NRSC VIC MODEL
Andhra Pradesh,Srikakulam,2024-03-26,2024,03,0.0139782337,NRSC VIC MODEL
Andhra Pradesh,Srikakulam,2024-03-27,2024,03,0.002655139,NRSC VIC MODEL
Andhra Pradesh,Srikakulam,2024-03-28,2024,03,0.0,NRSC VIC MODEL
Andhra Pradesh,Srikakulam,2024-03-31,2024,03,0.002422792,NRSC VIC MODEL
Andhra Pradesh,Srikakulam,2024-04-01,2024,04,0.1835619592,NRSC VIC MODEL
Andhra Pradesh,Srikakulam,2024-04-16,2024,04,0.0,NRSC VIC MODEL
Andhra Pradesh,Srikakulam,2024-04-17,2024,04,0.0,NRSC VIC MODEL
Andhra Pradesh,Srikakulam,2024-05-02,2024,05,0.0001417929,NRSC VIC MODEL
Andhra Pradesh,Srikakulam,2024-05-07,2024,05,15.9294629335,NRSC VIC MODEL
Andhra Pradesh,Srikakulam,2024-05-08,2024,05,1.282894451,NRSC VIC MODEL
Andhra Pradesh,Srikakulam,2024-05-10,2024,05,8.9997415922,NRSC VIC MODEL
Andhra Pradesh,Srikakulam,2024-05-12,2024,05,0.7193912379,NRSC VIC MODEL
Andhra Pradesh,Srikakulam,2024-05-15,2024,05,0.0284673722,NRSC VIC MODEL
Andhra Pradesh,Srikakulam,2024-05-16,2024,05,4.1698665789,NRSC VIC MODEL
Andhra Pradesh,Srikakulam,2024-05-17,2024,05,1.3719149295,NRSC VIC MODEL
Andhra Pradesh,Srikakulam,2024-05-18,2024,05,0.1651178498,NRSC VIC MODEL
Andhra Pradesh,Srikakulam,2024-05-19,2024,05,7.7359655427,NRSC VIC MODEL
Andhra Pradesh,Srikakulam,2024-05-22,2024,05,0.6232486798,NRSC VIC MODEL
Andhra Pradesh,Srikakulam,2024-05-26,2024,05,0.4628847548,NRSC VIC MODEL
Andhra Pradesh,Srikakulam,2024-05-29,2024,05,0.0,NRSC VIC MODEL
Andhra Pradesh,Srikakulam,2024-06-02,2024,06,0.7899270011,NRSC VIC MODEL
Andhra Pradesh,Srikakulam,2024-06-05,2024,06,8.1574961257,NRSC VIC MODEL
Andhra Pradesh,Srikakulam,2024-06-07,2024,06,0.1011003539,NRSC VIC MODEL
Andhra Pradesh,Srikakulam,2024-06-16,2024,06,5.8074070378,NRSC VIC MODEL
Andhra Pradesh,Srikakulam,2024-06-21,2024,06,1.056441953,NRSC VIC MODEL
Andhra Pradesh,Srikakulam,2024-06-26,2024,06,6.1488318283,NRSC VIC MODEL
Andhra Pradesh,Srikakulam,2024-06-27,2024,06,17.7862533338,NRSC VIC MODEL
Andhra Pradesh,Srikakulam,2024-06-28,2024,06,17.4253967335,NRSC VIC MODEL
Andhra Pradesh,Srikakulam,2024-07-03,2024,07,0.0269357573,NRSC VIC MODEL
Andhra Pradesh,Srikakulam,2024-07-06,2024,07,6.7512169163,NRSC VIC MODEL
Andhra Pradesh,Srikakulam,2024-07-15,2024,07,1.7006597623,NRSC VIC MODEL
Andhra Pradesh,Srikakulam,2024-07-19,2024,07,24.8360182096,NRSC VIC MODEL
Andhra Pradesh,Srikakulam,2024-07-21,2024,07,1.9441765961,NRSC VIC MODEL
Andhra Pradesh,Srikakulam,2024-07-28,2024,07,0.1254201643,NRSC VIC MODEL
Andhra Pradesh,Srikakulam,2024-07-30,2024,07,0.2660775376,NRSC VIC MODEL
Andhra Pradesh,Srikakulam,2024-08-04,2024,08,2.4448650615,NRSC VIC MODEL
Andhra Pradesh,Srikakulam,2024-08-23,2024,08,4.9179553706,NRSC VIC MODEL
Andhra Pradesh,Srikakulam,2024-08-25,2024,08,5.1630943345,NRSC VIC MODEL
Andhra Pradesh,Srikakulam,2024-08-26,2024,08,2.261064815,NRSC VIC MODEL
Andhra Pradesh,Srikakulam,2024-08-29,2024,08,6.748532629,NRSC VIC MODEL
Andhra Pradesh,Srikakulam,2024-09-04,2024,09,4.5440117448,NRSC VIC MODEL
Andhra Pradesh,Srikakulam,2024-09-12,2024,09,0.3403419644,NRSC VIC MODEL
Andhra Pradesh,Srikakulam,2024-09-17,2024,09,2.6198875075,NRSC VIC MODEL
Andhra Pradesh,Srikakulam,2024-09-23,2024,09,10.7732967209,NRSC VIC MODEL
Andhra Pradesh,Srikakulam,2024-09-24,2024,09,12.5088583439,NRSC VIC MODEL
Andhra Pradesh,Srikakulam,2024-09-26,2024,09,12.6340167648,NRSC VIC MODEL
Andhra Pradesh,Srikakulam,2024-10-04,2024,10,0.0402856544,NRSC VIC MODEL
Andhra Pradesh,Srikakulam,2024-10-05,2024,10,1.1156810387,NRSC VIC MODEL
Andhra Pradesh,Srikakulam,2024-10-09,2024,10,0.0430185108,NRSC VIC MODEL
Andhra Pradesh,Srikakulam,2024-10-11,2024,10,0.5250724862,NRSC VIC MODEL
Andhra Pradesh,Srikakulam,2024-10-16,2024,10,3.6671284959,NRSC VIC MODEL
Andhra Pradesh,Srikakulam,2024-10-17,2024,10,6.1514597644,NRSC VIC MODEL
Andhra Pradesh,Srikakulam,2024-10-21,2024,10,8.9859229336,NRSC VIC MODEL
Andhra Pradesh,Srikakulam,2024-10-29,2024,10,0.0878055293,NRSC VIC MODEL
Andhra Pradesh,Srikakulam,2024-11-05,2024,11,0.0,NRSC VIC MODEL
Andhra Pradesh,Srikakulam,2024-11-06,2024,11,0.1790120513,NRSC VIC MODEL
Andhra Pradesh,Srikakulam,2024-11-12,2024,11,0.1035547211,NRSC VIC MODEL
Andhra Pradesh,Srikakulam,2024-11-15,2024,11,0.0,NRSC VIC MODEL
Andhra Pradesh,Srikakulam,2024-11-17,2024,11,0.0,NRSC VIC MODEL
Andhra Pradesh,Srikakulam,2024-11-26,2024,11,0.0,NRSC VIC MODEL
Andhra Pradesh,Srikakulam,2024-11-27,2024,11,0.0,NRSC VIC MODEL
Andhra Pradesh,Srikakulam,2024-11-30,2024,11,4.1594685218,NRSC VIC MODEL
Andhra Pradesh,Srikakulam,2024-12-18,2024,12,1.6278507095,NRSC VIC MODEL
Andhra Pradesh,Srikakulam,2024-12-19,2024,12,2.5268187584,NRSC VIC MODEL
Andhra Pradesh,Srikakulam,2024-12-23,2024,12,0.0066070295,NRSC VIC MODEL
Andhra Pradesh,Srikakulam,2024-12-29,2024,12,0.0,NRSC VIC MODEL
Andhra Pradesh,Visakhapatanam,2024-01-02,2024,01,0.0,NRSC VIC MODEL
Andhra Pradesh,Visakhapatanam,2024-01-05,2024,01,0.0,NRSC VIC MODEL
Andhra Pradesh,Visakhapatanam,2024-01-10,2024,01,0.0003828327,NRSC VIC MODEL
Andhra Pradesh,Visakhapatanam,2024-01-11,2024,01,0.0,NRSC VIC MODEL
Andhra Pradesh,Visakhapatanam,2024-01-15,2024,01,0.0,NRSC VIC MODEL
Andhra Pradesh,Visakhapatanam,2024-01-20,2024,01,1.73655e-05,NRSC VIC MODEL
Andhra Pradesh,Visakhapatanam,2024-01-23,2024,01,0.4904389213,NRSC VIC MODEL
Andhra Pradesh,Visakhapatanam,2024-02-01,2024,02,0.0046415054,NRSC VIC MODEL
Andhra Pradesh,Visakhapatanam,2024-02-04,2024,02,0.0,NRSC VIC MODEL
Andhra Pradesh,Visakhapatanam,2024-02-06,2024,02,0.0,NRSC VIC MODEL
Andhra Pradesh,Visakhapatanam,2024-02-07,2024,02,0.0,NRSC VIC MODEL
Andhra Pradesh,Visakhapatanam,2024-02-11,2024,02,0.0,NRSC VIC MODEL
Andhra Pradesh,Visakhapatanam,2024-02-15,2024,02,0.0001827275,NRSC VIC MODEL
Andhra Pradesh,Visakhapatanam,2024-02-17,2024,02,0.0,NRSC VIC MODEL
Andhra Pradesh,Visakhapatanam,2024-02-18,2024,02,0.0001212755,NRSC VIC MODEL
Andhra Pradesh,Visakhapatanam,2024-02-23,2024,02,0.0,NRSC VIC MODEL
Andhra Pradesh,Visakhapatanam,2024-02-26,2024,02,0.0,NRSC VIC MODEL
Andhra Pradesh,Visakhapatanam,2024-02-27,2024,02,0.0,NRSC VIC MODEL
Andhra Pradesh,Visakhapatanam,2024-02-28,2024,02,5.7984e-06,NRSC VIC MODEL
Andhra Pradesh,Visakhapatanam,2024-03-03,2024,03,0.0,NRSC VIC MODEL
Andhra Pradesh,Visakhapatanam,2024-03-09,2024,03,0.0006173356,NRSC VIC MODEL
Andhra Pradesh,Visakhapatanam,2024-03-11,2024,03,0.0018113007,NRSC VIC MODEL
Andhra Pradesh,Visakhapatanam,2024-03-15,2024,03,3.479e-06,NRSC VIC MODEL
Andhra Pradesh,Visakhapatanam,2024-03-16,2024,03,0.0019866794,NRSC VIC MODEL
Andhra Pradesh,Kurnool,2024-01-13,2024,01,0.0,NRSC VIC MODEL
Andhra Pradesh,Kurnool,2024-01-14,2024,01,0.0,NRSC VIC MODEL
Andhra Pradesh,Kurnool,2024-02-01,2024,02,0.0,NRSC VIC MODEL
Andhra Pradesh,Kurnool,2024-02-10,2024,02,0.0,NRSC VIC MODEL
Andhra Pradesh,Kurnool,2024-02-13,2024,02,0.0047317342,NRSC VIC MODEL
Andhra Pradesh,Kurnool,2024-02-15,2024,02,0.0,NRSC VIC MODEL
Andhra Pradesh,Kurnool,2024-02-22,2024,02,0.0,NRSC VIC MODEL
Andhra Pradesh,Kurnool,2024-02-26,2024,02,0.0,NRSC VIC MODEL
Andhra Pradesh,Kurnool,2024-02-27,2024,02,0.0,NRSC VIC MODEL
Andhra Pradesh,Kurnool,2024-03-02,2024,03,0.0,NRSC VIC MODEL
Andhra Pradesh,Kurnool,2024-03-05,2024,03,0.0,NRSC VIC MODEL
Andhra Pradesh,Kurnool,2024-03-06,2024,03,0.0,NRSC VIC MODEL
Andhra Pradesh,Kurnool,2024-03-09,2024,03,0.0,NRSC VIC MODEL
Andhra Pradesh,Kurnool,2024-03-17,2024,03,0.0,NRSC VIC MODEL
Andhra Pradesh,Kurnool,2024-03-18,2024,03,0.0,NRSC VIC MODEL
Andhra Pradesh,Kurnool,2024-03-19,2024,03,0.0762677465,NRSC VIC MODEL
Andhra Pradesh,Kurnool,2024-03-20,2024,03,0.0,NRSC VIC MODEL
Andhra Pradesh,Kurnool,2024-03-21,2024,03,0.0,NRSC VIC MODEL
Andhra Pradesh,Kurnool,2024-03-28,2024,03,0.0,NRSC VIC MODEL
Andhra Pradesh,Kurnool,2024-03-30,2024,03,0.0,NRSC VIC MODEL
Andhra Pradesh,Kurnool,2024-04-03,2024,04,0.0,NRSC VIC MODEL
Andhra Pradesh,Kurnool,2024-04-08,2024,04,0.0006549784,NRSC VIC MODEL
Andhra Pradesh,Kurnool,2024-04-12,2024,04,0.1113762407,NRSC VIC MODEL
Andhra Pradesh,Kurnool,2024-04-18,2024,04,0.0,NRSC VIC MODEL
Andhra Pradesh,Kurnool,2024-04-19,2024,04,0.141183419,NRSC VIC MODEL
Andhra Pradesh,Kurnool,2024-04-29,2024,04,0.0,NRSC VIC MODEL
Andhra Pradesh,Kurnool,2024-04-30,2024,04,0.0,NRSC VIC MODEL
Andhra Pradesh,Kurnool,2024-05-13,2024,05,12.7784983592,NRSC VIC MODEL
Andhra Pradesh,Kurnool,2024-05-19,2024,05,4.7409752951,NRSC VIC MODEL
Andhra Pradesh,Kurnool,2024-06-01,2024,06,2.50994e-05,NRSC VIC MODEL
Andhra Pradesh,Kurnool,2024-06-03,2024,06,39.8240727701,NRSC VIC MODEL
Andhra Pradesh,Kurnool,2024-06-08,2024,06,11.2071823437,NRSC VIC MODEL
Andhra Pradesh,Kurnool,2024-06-13,2024,06,16.7356206681,NRSC VIC MODEL
Andhra Pradesh,Kurnool,2024-07-03,2024,07,1.2543163763,NRSC VIC MODEL
Andhra Pradesh,Kurnool,2024-07-17,2024,07,0.8725482932,NRSC VIC MODEL
Andhra Pradesh,Kurnool,2024-07-20,2024,07,23.593986661,NRSC VIC MODEL
Andhra Pradesh,Kurnool,2024-07-25,2024,07,0.2375026724,NRSC VIC MODEL
Andhra Pradesh,Kurnool,2024-07-27,2024,07,0.6273426608,NRSC VIC MODEL
Andhra Pradesh,Kurnool,2024-08-02,2024,08,1.4434981496,NRSC VIC MODEL
Andhra Pradesh,Kurnool,2024-08-05,2024,08,1.345020996,NRSC VIC MODEL
Andhra Pradesh,Kurnool,2024-08-06,2024,08,2.5021339502,NRSC VIC MODEL
Andhra Pradesh,Kurnool,2024-08-10,2024,08,1.3965941745,NRSC VIC MODEL
Andhra Pradesh,Kurnool,2024-08-14,2024,08,3.5021727092,NRSC VIC MODEL
Andhra Pradesh,Kurnool,2024-08-17,2024,08,7.7708437582,NRSC VIC MODEL
Andhra Pradesh,Kurnool,2024-08-27,2024,08,1.2266387476,NRSC VIC MODEL
Andhra Pradesh,Kurnool,2024-08-29,2024,08,5.5380683712,NRSC VIC MODEL
Andhra Pradesh,Kurnool,2024-09-04,2024,09,1.6381281416,NRSC VIC MODEL
Andhra Pradesh,Kurnool,2024-09-05,2024,09,5.5811437716,NRSC VIC MODEL
Andhra Pradesh,Kurnool,2024-09-18,2024,09,0.0618626937,NRSC VIC MODEL
Andhra Pradesh,Kurnool,2024-09-19,2024,09,0.0816213579,NRSC VIC MODEL
Andhra Pradesh,Kurnool,2024-09-21,2024,09,7.9770067757,NRSC VIC MODEL
Andhra Pradesh,Kurnool,2024-09-25,2024,09,5.9414837516,NRSC VIC MODEL
Andhra Pradesh,Kurnool,2024-09-26,2024,09,11.6769497405,NRSC VIC MODEL
Andhra Pradesh,Kurnool,2024-09-27,2024,09,4.8651295254,NRSC VIC MODEL
Andhra Pradesh,Kurnool,2024-10-02,2024,10,6.6944815581,NRSC VIC MODEL
Andhra Pradesh,Kurnool,2024-10-06,2024,10,1.8686243245,NRSC VIC MODEL
Andhra Pradesh,Kurnool,2024-10-20,2024,10,1.5867302879,NRSC VIC MODEL
Andhra Pradesh,Kurnool,2024-11-14,2024,11,0.007193524,NRSC VIC MODEL
Andhra Pradesh,Kurnool,2024-11-15,2024,11,5.617364248,NRSC VIC MODEL
Andhra Pradesh,Kurnool,2024-11-27,2024,11,0.0067417647,NRSC VIC MODEL
Andhra Pradesh,Kurnool,2024-12-10,2024,12,0.0,NRSC VIC MODEL
Andhra Pradesh,Kurnool,2024-12-19,2024,12,0.0280121045,NRSC VIC MODEL
Andhra Pradesh,Kurnool,2024-12-26,2024,12,0.0185512138,NRSC VIC MODEL
Andhra Pradesh,Prakasam,2024-01-02,2024,01,0.0,NRSC VIC MODEL
Andhra Pradesh,Prakasam,2024-01-03,2024,01,0.000590252,NRSC VIC MODEL
Andhra Pradesh,Prakasam,2024-01-09,2024,01,0.3584716048,NRSC VIC MODEL
Andhra Pradesh,Prakasam,2024-01-10,2024,01,0.0051920473,NRSC VIC MODEL
Andhra Pradesh,Prakasam,2024-02-02,2024,02,0.3095740896,NRSC VIC MODEL
Andhra Pradesh,Prakasam,2024-02-05,2024,02,0.0,NRSC VIC MODEL
Andhra Pradesh,Prakasam,2024-02-12,2024,02,0.0,NRSC VIC MODEL
Andhra Pradesh,Prakasam,2024-02-13,2024,02,0.0,NRSC VIC MODEL
Andhra Pradesh,Prakasam,2024-02-19,2024,02,0.0,NRSC VIC MODEL
Andhra Pradesh,Prakasam,2024-02-21,2024,02,1.6273e-06,NRSC VIC MODEL
Andhra Pradesh,Prakasam,2024-02-29,2024,02,0.0,NRSC VIC MODEL
Andhra Pradesh,Prakasam,2024-03-03,2024,03,0.0,NRSC VIC MODEL
Andhra Pradesh,Prakasam,2024-03-06,2024,03,0.0,NRSC VIC MODEL
Andhra Pradesh,Prakasam,2024-03-08,2024,03,0.0,NRSC VIC MODEL
Andhra Pradesh,Prakasam,2024-03-20,2024,03,0.0002315733,NRSC VIC MODEL
Andhra Pradesh,Prakasam,2024-03-24,2024,03,0.00015373,NRSC VIC MODEL
Andhra Pradesh,Prakasam,2024-03-27,2024,03,0.0,NRSC VIC MODEL
Andhra Pradesh,Prakasam,2024-04-02,2024,04,0.0,NRSC VIC MODEL
Andhra Pradesh,Prakasam,2024-04-10,2024,04,0.0,NRSC VIC MODEL
Andhra Pradesh,Prakasam,2024-04-15,2024,04,0.0,NRSC VIC MODEL
Andhra Pradesh,Prakasam,2024-04-21,2024,04,0.2329016157,NRSC VIC MODEL
Andhra Pradesh,Prakasam,2024-04-29,2024,04,0.0,NRSC VIC MODEL
Andhra Pradesh,Prakasam,2024-05-01,2024,05,0.0,NRSC VIC MODEL
Andhra Pradesh,Prakasam,2024-05-02,2024,05,0.2155196636,NRSC VIC MODEL
Andhra Pradesh,Prakasam,2024-05-08,2024,05,56.0428041065,NRSC VIC MODEL
Andhra Pradesh,Prakasam,2024-05-17,2024,05,9.599847224,NRSC VIC MODEL
Andhra Pradesh,Prakasam,2024-05-21,2024,05,1.619034903,NRSC VIC MODEL
Andhra Pradesh,Prakasam,2024-05-25,2024,05,0.7592393764,NRSC VIC MODEL
Andhra Pradesh,Prakasam,2024-05-28,2024,05,0.0,NRSC VIC MODEL
Andhra Pradesh,Prakasam,2024-05-30,2024,05,0.0,NRSC VIC MODEL
Andhra Pradesh,Prakasam,2024-06-04,2024,06,0.7474499704,NRSC VIC MODEL
Andhra Pradesh,Prakasam,2024-06-08,2024,06,10.480425989,NRSC VIC MODEL
Andhra Pradesh,Prakasam,2024-06-13,2024,06,0.7063563989,NRSC VIC MODEL
Andhra Pradesh,Prakasam,2024-06-14,2024,06,0.2886580904,NRSC VIC MODEL
Andhra Pradesh,Prakasam,2024-06-16,2024,06,0.4957027118,NRSC VIC MODEL
Andhra Pradesh,Prakasam,2024-06-19,2024,06,2.7988865165,NRSC VIC MODEL
Andhra Pradesh,Prakasam,2024-06-30,2024,06,12.9698433879,NRSC VIC MODEL
Andhra Pradesh,Prakasam,2024-07-02,2024,07,3.8586323566,NRSC VIC MODEL
Andhra Pradesh,Prakasam,2024-07-04,2024,07,1.3856042463,NRSC VIC MODEL
Andhra Pradesh,Prakasam,2024-07-08,2024,07,3.2194264423,NRSC VIC MODEL
Andhra Pradesh,Prakasam,2024-07-15,2024,07,7.9219812442,NRSC VIC MODEL
Andhra Pradesh,Prakasam,2024-07-17,2024,07,1.4031530365,NRSC VIC MODEL
Andhra Pradesh,Prakasam,2024-07-21,2024,07,5.9761845034,NRSC VIC MODEL
Andhra Pradesh,Prakasam,2024-08-04,2024,08,2.7161543376,NRSC VIC MODEL
Andhra Pradesh,Prakasam,2024-08-08,2024,08,3.2866217751,NRSC VIC MODEL
Andhra Pradesh,Prakasam,2024-08-10,2024,08,0.8229420546,NRSC VIC MODEL
Andhra Pradesh,Prakasam,2024-08-12,2024,08,2.2813364351,NRSC VIC MODEL
Andhra Pradesh,Prakasam,2024-08-15,2024,08,5.3382116679,NRSC VIC MODEL
Andhra Pradesh,Prakasam,2024-08-16,2024,08,6.2514524117,NRSC VIC MODEL
Andhra Pradesh,Prakasam,2024-08-17,2024,08,3.3444381146,NRSC VIC MODEL
Andhra Pradesh,Prakasam,2024-08-24,2024,08,1.4326962086,NRSC VIC MODEL
Andhra Pradesh,Prakasam,2024-09-01,2024,09,9.6805322195,NRSC VIC MODEL
Andhra Pradesh,Prakasam,2024-09-12,2024,09,0.0,NRSC VIC MODEL
Andhra Pradesh,Prakasam,2024-09-13,2024,09,0.0304474821,NRSC VIC MODEL
Andhra Pradesh,Prakasam,2024-09-16,2024,09,0.0268532133,NRSC VIC MODEL
Andhra Pradesh,Prakasam,2024-09-19,2024,09,0.1426142753,NRSC VIC MODEL
Andhra Pradesh,Prakasam,2024-09-22,2024,09,7.6874527516,NRSC VIC MODEL
Andhra Pradesh,Prakasam,2024-09-24,2024,09,6.4765160041,NRSC VIC MODEL
Andhra Pradesh,Prakasam,2024-10-02,2024,10,5.2170406909,NRSC VIC MODEL
Andhra Pradesh,Prakasam,2024-10-03,2024,10,6.3392689,NRSC VIC MODEL
Andhra Pradesh,Prakasam,2024-10-07,2024,10,1.3613529243,NRSC VIC MODEL
Andhra Pradesh,Prakasam,2024-10-17,2024,10,12.1054726038,NRSC VIC MODEL
Andhra Pradesh,Prakasam,2024-10-22,2024,10,3.2538976833,NRSC VIC MODEL
Andhra Pradesh,Prakasam,2024-10-27,2024,10,0.0097706787,NRSC VIC MODEL
Andhra Pradesh,Prakasam,2024-11-05,2024,11,-2.1536e-05,NRSC VIC MODEL
Andhra Pradesh,Prakasam,2024-11-06,2024,11,0.0619129589,NRSC VIC MODEL
Andhra Pradesh,Prakasam,2024-11-11,2024,11,0.9639653918,NRSC VIC MODEL
Andhra Pradesh,Prakasam,2024-11-12,2024,11,3.0646036671,NRSC VIC MODEL
Andhra Pradesh,Prakasam,2024-11-17,2024,11,0.0495347988,NRSC VIC MODEL
Andhra Pradesh,Prakasam,2024-11-21,2024,11,0.0,NRSC VIC MODEL
Andhra Pradesh,Prakasam,2024-11-24,2024,11,0.0022410113,NRSC VIC MODEL
Andhra Pradesh,Prakasam,2024-11-25,2024,11,0.0025078989,NRSC VIC MODEL
Andhra Pradesh,Prakasam,2024-11-26,2024,11,0.0137850855,NRSC VIC MODEL
Andhra Pradesh,Prakasam,2024-11-28,2024,11,0.0,NRSC VIC MODEL
Andhra Pradesh,Prakasam,2024-11-29,2024,11,0.0257730381,NRSC VIC MODEL
Andhra Pradesh,Prakasam,2024-12-02,2024,12,8.5646372125,NRSC VIC MODEL
Andhra Pradesh,Prakasam,2024-12-05,2024,12,7.4311610269,NRSC VIC MODEL
Andhra Pradesh,Prakasam,2024-12-06,2024,12,8.0271669958,NRSC VIC MODEL
Andhra Pradesh,Prakasam,2024-12-08,2024,12,0.2981254229,NRSC VIC MODEL
Andhra Pradesh,Prakasam,2024-12-15,2024,12,0.0,NRSC VIC MODEL
Andhra Pradesh,Prakasam,2024-12-17,2024,12,0.005270592,NRSC VIC MODEL
Andhra Pradesh,Prakasam,2024-12-20,2024,12,0.8302053367,NRSC VIC MODEL
Andhra Pradesh,Prakasam,2024-12-25,2024,12,4.2366213299,NRSC VIC MODEL
Andhra Pradesh,SPSR Nellore,2024-01-01,2024,01,0.1837834575,NRSC VIC MODEL
Andhra Pradesh,SPSR Nellore,2024-01-06,2024,01,0.0,NRSC VIC MODEL
Andhra Pradesh,SPSR Nellore,2024-01-09,2024,01,2.9207705246,NRSC VIC MODEL
Andhra Pradesh,SPSR Nellore,2024-01-12,2024,01,0.0,NRSC VIC MODEL
Andhra Pradesh,SPSR Nellore,2024-01-14,2024,01,0.0,NRSC VIC MODEL
Andhra Pradesh,SPSR Nellore,2024-01-15,2024,01,0.0,NRSC VIC MODEL
Andhra Pradesh,SPSR Nellore,2024-02-02,2024,02,0.2557862053,NRSC VIC MODEL
Andhra Pradesh,SPSR Nellore,2024-02-03,2024,02,0.0,NRSC VIC MODEL
Andhra Pradesh,SPSR Nellore,2024-02-04,2024,02,0.0,NRSC VIC MODEL
Andhra Pradesh,SPSR Nellore,2024-02-19,2024,02,0.0,NRSC VIC MODEL
Andhra Pradesh,SPSR Nellore,2024-02-22,2024,02,0.0,NRSC VIC MODEL
Andhra Pradesh,SPSR Nellore,2024-02-27,2024,02,0.0,NRSC VIC MODEL
Andhra Pradesh,SPSR Nellore,2024-03-09,2024,03,0.0,NRSC VIC MODEL
Andhra Pradesh,SPSR Nellore,2024-03-23,2024,03,0.0,NRSC VIC MODEL
Andhra Pradesh,SPSR Nellore,2024-04-13,2024,04,0.0,NRSC VIC MODEL
Andhra Pradesh,SPSR Nellore,2024-04-17,2024,04,0.0,NRSC VIC MODEL
Andhra Pradesh,SPSR Nellore,2024-04-18,2024,04,0.0,NRSC VIC MODEL
Andhra Pradesh,SPSR Nellore,2024-04-19,2024,04,4.112e-07,NRSC VIC MODEL
Andhra Pradesh,SPSR Nellore,2024-04-21,2024,04,1.7681e-05,NRSC VIC MODEL
Andhra Pradesh,SPSR Nellore,2024-04-25,2024,04,0.0,NRSC VIC MODEL
Andhra Pradesh,SPSR Nellore,2024-05-03,2024,05,0.0059504716,NRSC VIC MODEL
Andhra Pradesh,SPSR Nellore,2024-05-06,2024,05,0.0027754693,NRSC VIC MODEL
Andhra Pradesh,SPSR Nellore,2024-05-10,2024,05,0.054262258,NRSC VIC MODEL
Andhra Pradesh,SPSR Nellore,2024-05-12,2024,05,0.0031516667,NRSC VIC MODEL
Andhra Pradesh,SPSR Nellore,2024-05-28,2024,05,0.0004450705,NRSC VIC MODEL
Andhra Pradesh,SPSR Nellore,2024-06-01,2024,06,0.0,NRSC VIC MODEL
Andhra Pradesh,SPSR Nellore,2024-06-02,2024,06,8.5136776298,NRSC VIC MODEL
Andhra Pradesh,SPSR Nellore,2024-06-11,2024,06,4.1272779033,NRSC VIC MODEL
Andhra Pradesh,SPSR Nellore,2024-06-17,2024,06,0.0025773633,NRSC VIC MODEL
Andhra Pradesh,SPSR Nellore,2024-06-18,2024,06,2.3410434606,NRSC VIC MODEL
Andhra Pradesh,SPSR Nellore,2024-06-20,2024,06,2.1929922511,NRSC VIC MODEL
Andhra Pradesh,SPSR Nellore,2024-06-26,2024,06,14.2376089149,NRSC VIC MODEL
Andhra Pradesh,SPSR Nellore,2024-06-27,2024,06,3.0082006382,NRSC VIC MODEL
Andhra Pradesh,SPSR Nellore,2024-07-01,2024,07,24.6686113285,NRSC VIC MODEL
Andhra Pradesh,SPSR Nellore,2024-07-08,2024,07,5.7713244075,NRSC VIC MODEL
Andhra Pradesh,East Godavari,2024-07-22,2024,07,28.3513156156,NRSC VIC MODEL
Andhra Pradesh,East Godavari,2024-07-25,2024,07,1.9094739488,NRSC VIC MODEL
Andhra Pradesh,East Godavari,2024-07-28,2024,07,9.4435389181,NRSC VIC MODEL
Andhra Pradesh,East Godavari,2024-07-29,2024,07,2.7103381455,NRSC VIC MODEL
Andhra Pradesh,East Godavari,2024-08-09,2024,08,3.8693911441,NRSC VIC MODEL
Andhra Pradesh,East Godavari,2024-08-12,2024,08,0.7905535657,NRSC VIC MODEL
Andhra Pradesh,East Godavari,2024-08-21,2024,08,8.1709126444,NRSC VIC MODEL
Andhra Pradesh,East Godavari,2024-09-05,2024,09,12.3396315283,NRSC VIC MODEL
Andhra Pradesh,East Godavari,2024-09-09,2024,09,6.1025014065,NRSC VIC MODEL
Andhra Pradesh,East Godavari,2024-09-20,2024,09,11.9940827774,NRSC VIC MODEL
Andhra Pradesh,East Godavari,2024-09-26,2024,09,16.6755549427,NRSC VIC MODEL
Andhra Pradesh,East Godavari,2024-10-03,2024,10,0.7142340195,NRSC VIC MODEL
Andhra Pradesh,East Godavari,2024-10-10,2024,10,3.4188330134,NRSC VIC MODEL
Andhra Pradesh,East Godavari,2024-10-12,2024,10,5.3936462707,NRSC VIC MODEL
Andhra Pradesh,East Godavari,2024-10-16,2024,10,5.8276892267,NRSC VIC MODEL
Andhra Pradesh,East Godavari,2024-10-20,2024,10,6.672997642,NRSC VIC MODEL
Andhra Pradesh,East Godavari,2024-10-29,2024,10,0.8549720303,NRSC VIC MODEL
Andhra Pradesh,East Godavari,2024-11-07,2024,11,0.6065416354,NRSC VIC MODEL
Andhra Pradesh,East Godavari,2024-11-15,2024,11,0.1006069714,NRSC VIC MODEL
Andhra Pradesh,East Godavari,2024-11-17,2024,11,0.0,NRSC VIC MODEL
Andhra Pradesh,East Godavari,2024-11-21,2024,11,0.0,NRSC VIC MODEL
Andhra Pradesh,East Godavari,2024-12-04,2024,12,0.0101053695,NRSC VIC MODEL
Andhra Pradesh,East Godavari,2024-12-13,2024,12,0.180214817,NRSC VIC MODEL
Andhra Pradesh,East Godavari,2024-12-17,2024,12,0.0326991306,NRSC VIC MODEL
Andhra Pradesh,East Godavari,2024-12-22,2024,12,0.0064712105,NRSC VIC MODEL
Andhra Pradesh,East Godavari,2024-12-23,2024,12,8.52878e-05,NRSC VIC MODEL
Andhra Pradesh,East Godavari,2024-12-27,2024,12,1.869e-07,NRSC VIC MODEL
Andhra Pradesh,East Godavari,2024-12-29,2024,12,0.0019625834,NRSC VIC MODEL
Andhra Pradesh,East Godavari,2024-12-31,2024,12,0.0004503683,NRSC VIC MODEL
Andhra Pradesh,Guntur,2024-01-10,2024,01,0.0024643474,NRSC VIC MODEL
Andhra Pradesh,Guntur,2024-01-12,2024,01,0.0,NRSC VIC MODEL
Andhra Pradesh,Guntur,2024-01-13,2024,01,0.0,NRSC VIC MODEL
Andhra Pradesh,Guntur,2024-01-16,2024,01,0.0,NRSC VIC MODEL
Andhra Pradesh,Guntur,2024-01-21,2024,01,0.0,NRSC VIC MODEL
Andhra Pradesh,Guntur,2024-01-24,2024,01,0.0,NRSC VIC MODEL
Andhra Pradesh,Guntur,2024-02-03,2024,02,0.0054907459,NRSC VIC MODEL
Andhra Pradesh,Guntur,2024-02-04,2024,02,0.0,NRSC VIC MODEL
Andhra Pradesh,Guntur,2024-02-09,2024,02,0.0,NRSC VIC MODEL
Andhra Pradesh,Guntur,2024-02-13,2024,02,0.0131332944,NRSC VIC MODEL
Andhra Pradesh,Guntur,2024-02-16,2024,02,0.1021436522,NRSC VIC MODEL
Andhra Pradesh,Guntur,2024-02-19,2024,02,0.0,NRSC VIC MODEL
Andhra Pradesh,Guntur,2024-02-20,2024,02,0.0,NRSC VIC MODEL
Andhra Pradesh,Guntur,2024-02-25,2024,02,0.0216768872,NRSC VIC MODEL
Andhra Pradesh,Guntur,2024-02-28,2024,02,0.0,NRSC VIC MODEL
Andhra Pradesh,Guntur,2024-03-01,2024,03,0.0048715512,NRSC VIC MODEL
Andhra Pradesh,Guntur,2024-03-04,2024,03,0.0,NRSC VIC MODEL
Andhra Pradesh,Guntur,2024-03-08,2024,03,0.0,NRSC VIC MODEL
Andhra Pradesh,Guntur,2024-03-09,2024,03,0.0,NRSC VIC MODEL
Andhra Pradesh,Guntur,2024-03-13,2024,03,2.72e-08,NRSC VIC MODEL
Andhra Pradesh,Guntur,2024-03-15,2024,03,0.0010388754,NRSC VIC MODEL
Andhra Pradesh,Guntur,2024-03-16,2024,03,0.0010045013,NRSC VIC MODEL
Andhra Pradesh,Guntur,2024-03-17,2024,03,8.15049e-05,NRSC VIC MODEL
Andhra Pradesh,Guntur,2024-03-18,2024,03,5.84279e-05,NRSC VIC MODEL
Andhra Pradesh,Guntur,2024-03-21,2024,03,0.0009684611,NRSC VIC MODEL
Andhra Pradesh,Guntur,2024-04-03,2024,04,0.0021345653,NRSC VIC MODEL
Andhra Pradesh,Guntur,2024-04-05,2024,04,0.0,NRSC VIC MODEL
Andhra Pradesh,Guntur,2024-04-11,2024,04,0.0,NRSC VIC MODEL
Andhra Pradesh,Guntur,2024-04-12,2024,04,0.0106695909,NRSC VIC MODEL
Andhra Pradesh,Guntur,2024-04-29,2024,04,0.0,NRSC VIC MODEL
Andhra Pradesh,Guntur,2024-05-03,2024,05,0.0007219853,NRSC VIC MODEL
Andhra Pradesh,Guntur,2024-05-15,2024,05,14.6687205871,NRSC VIC MODEL
Andhra Pradesh,Guntur,2024-05-17,2024,05,12.2105526725,NRSC VIC MODEL
Andhra Pradesh,Guntur,2024-05-19,2024,05,9.591187275,NRSC VIC MODEL
Andhra Pradesh,Guntur,2024-05-20,2024,05,1.8913246308,NRSC VIC MODEL
Andhra Pradesh,Guntur,2024-06-11,2024,06,0.4298648669,NRSC VIC MODEL
Andhra Pradesh,Guntur,2024-06-17,2024,06,2.4652546868,NRSC VIC MODEL
Andhra Pradesh,Guntur,2024-06-20,2024,06,0.5038976007,NRSC VIC MODEL
Andhra Pradesh,Guntur,2024-07-03,2024,07,4.4598313929,NRSC VIC MODEL
Andhra Pradesh,Guntur,2024-07-05,2024,07,1.9052110845,NRSC VIC MODEL
Andhra Pradesh,Guntur,2024-07-13,2024,07,0.4300206787,NRSC VIC MODEL
Andhra Pradesh,Guntur,2024-07-17,2024,07,0.4189299249,NRSC VIC MODEL
Andhra Pradesh,Guntur,2024-07-30,2024,07,1.9112634639,NRSC VIC MODEL
Andhra Pradesh,Guntur,2024-08-08,2024,08,9.6484333406,NRSC VIC MODEL
Andhra Pradesh,Guntur,2024-08-11,2024,08,1.53004688,NRSC VIC MODEL
Andhra Pradesh,Guntur,2024-08-14,2024,08,1.6633148511,NRSC VIC MODEL
Andhra Pradesh,Guntur,2024-08-17,2024,08,2.8160945269,NRSC VIC MODEL
Andhra Pradesh,Guntur,2024-09-08,2024,09,0.1203158325,NRSC VIC MODEL
Andhra Pradesh,Guntur,2024-09-10,2024,09,0.9428282789,NRSC VIC MODEL
Andhra Pradesh,Guntur,2024-09-21,2024,09,9.5966642695,NRSC VIC MODEL
Andhra Pradesh,Guntur,2024-09-23,2024,09,17.4488563224,NRSC VIC MODEL
Andhra Pradesh,Guntur,2024-09-24,2024,09,8.7955229466,NRSC VIC MODEL
Andhra Pradesh,Guntur,2024-10-03,2024,10,2.9549094725,NRSC VIC MODEL
Andhra Pradesh,Guntur,2024-10-06,2024,10,3.04879427,NRSC VIC MODEL
Andhra Pradesh,Guntur,2024-10-07,2024,10,4.0717357878,NRSC VIC MODEL
Andhra Pradesh,Guntur,2024-10-08,2024,10,2.2360417689,NRSC VIC MODEL
Andhra Pradesh,Guntur,2024-10-31,2024,10,4.453618532,NRSC VIC MODEL
Andhra Pradesh,Guntur,2024-11-02,2024,11,3.8172600681,NRSC VIC MODEL
Andhra Pradesh,Guntur,2024-11-04,2024,11,0.0004510843,NRSC VIC MODEL
Andhra Pradesh,Guntur,2024-11-05,2024,11,-0.0002913227,NRSC VIC MODEL
Andhra Pradesh,Guntur,2024-11-08,2024,11,1.2214594917,NRSC VIC MODEL
Andhra Pradesh,Guntur,2024-11-19,2024,11,0.0,NRSC VIC MODEL
Andhra Pradesh,Guntur,2024-11-21,2024,11,0.0,NRSC VIC MODEL
Andhra Pradesh,Guntur,2024-11-23,2024,11,0.0,NRSC VIC MODEL
Andhra Pradesh,Guntur,2024-12-02,2024,12,0.8167369231,NRSC VIC MODEL
Andhra Pradesh,Guntur,2024-12-03,2024,12,2.1336308584,NRSC VIC MODEL
Andhra Pradesh,Guntur,2024-12-04,2024,12,1.4973264318,NRSC VIC MODEL
Andhra Pradesh,Guntur,2024-12-08,2024,12,0.000138297,NRSC VIC MODEL
Andhra Pradesh,Guntur,2024-12-09,2024,12,0.0029740938,NRSC VIC MODEL
Andhra Pradesh,Guntur,2024-12-15,2024,12,1.1996e-05,NRSC VIC MODEL
Andhra Pradesh,Guntur,2024-12-19,2024,12,0.5452909506,NRSC VIC MODEL
Andhra Pradesh,Guntur,2024-12-26,2024,12,1.0047407355,NRSC VIC MODEL
Andhra Pradesh,Guntur,2024-12-28,2024,12,0.0,NRSC VIC MODEL
Andhra Pradesh,Guntur,2024-12-29,2024,12,0.0,NRSC VIC MODEL
Andhra Pradesh,Guntur,2024-12-30,2024,12,0.0001072061,NRSC VIC MODEL
Andhra Pradesh,Krishna,2024-01-01,2024,01,0.0,NRSC VIC MODEL
Andhra Pradesh,Krishna,2024-01-06,2024,01,0.0074395424,NRSC VIC MODEL
Andhra Pradesh,Krishna,2024-01-07,2024,01,0.0,NRSC VIC MODEL
Andhra Pradesh,Krishna,2024-01-16,2024,01,0.0,NRSC VIC MODEL
Andhra Pradesh,Krishna,2024-01-18,2024,01,0.0,NRSC VIC MODEL
Andhra Pradesh,Krishna,2024-01-21,2024,01,0.0,NRSC VIC MODEL
Andhra Pradesh,Krishna,2024-02-02,2024,02,0.1550050271,NRSC VIC MODEL
Andhra Pradesh,Krishna,2024-02-05,2024,02,0.0,NRSC VIC MODEL
Andhra Pradesh,Krishna,2024-02-09,2024,02,0.0,NRSC VIC MODEL
Andhra Pradesh,Krishna,2024-02-15,2024,02,0.0006379052,NRSC VIC MODEL
Andhra Pradesh,Krishna,2024-02-18,2024,02,0.0098461254,NRSC VIC MODEL
Andhra Pradesh,Krishna,2024-02-23,2024,02,0.0,NRSC VIC MODEL
Andhra Pradesh,Krishna,2024-02-27,2024,02,0.0,NRSC VIC MODEL
Andhra Pradesh,Krishna,2024-03-11,2024,03,0.0069628622,NRSC VIC MODEL
Andhra Pradesh,Krishna,2024-03-15,2024,03,0.0126215699,NRSC VIC MODEL
Andhra Pradesh,Krishna,2024-03-17,2024,03,0.0,NRSC VIC MODEL
Andhra Pradesh,Krishna,2024-03-19,2024,03,0.0136329053,NRSC VIC MODEL
Andhra Pradesh,Krishna,2024-03-20,2024,03,0.0064838382,NRSC VIC MODEL
Andhra Pradesh,Krishna,2024-03-23,2024,03,0.0,NRSC VIC MODEL
Andhra Pradesh,Krishna,2024-03-28,2024,03,0.0,NRSC VIC MODEL
Andhra Pradesh,Krishna,2024-04-16,2024,04,0.0,NRSC VIC MODEL
Andhra Pradesh,Krishna,2024-04-28,2024,04,0.0003961554,NRSC VIC MODEL
Andhra Pradesh,Krishna,2024-04-29,2024,04,0.0,NRSC VIC MODEL
Andhra Pradesh,Krishna,2024-05-04,2024,05,0.2327292117,NRSC VIC MODEL
Andhra Pradesh,Krishna,2024-05-07,2024,05,0.4550437508,NRSC VIC MODEL
Andhra Pradesh,Krishna,2024-05-08,2024,05,16.5394903428,NRSC VIC MODEL
Andhra Pradesh,Krishna,2024-05-11,2024,05,4.7267691683,NRSC VIC MODEL
Andhra Pradesh,Krishna,2024-05-16,2024,05,0.9280175548,NRSC VIC MODEL
Andhra Pradesh,Krishna,2024-05-26,2024,05,12.5021340436,NRSC VIC MODEL
Andhra Pradesh,Krishna,2024-05-28,2024,05,0.0,NRSC VIC MODEL
Andhra Pradesh,Krishna,2024-05-29,2024,05,0.0,NRSC VIC MODEL
Andhra Pradesh,Krishna,2024-06-01,2024,06,0.0694347603,NRSC VIC MODEL
Andhra Pradesh,Krishna,2024-06-02,2024,06,0.5338719703,NRSC VIC MODEL
Andhra Pradesh,Krishna,2024-06-08,2024,06,1.8007525185,NRSC VIC MODEL
Andhra Pradesh,Krishna,2024-06-24,2024,06,6.2198899052,NRSC VIC MODEL
Andhra Pradesh,Krishna,2024-07-07,2024,07,10.9619513598,NRSC VIC MODEL
Andhra Pradesh,Krishna,2024-07-08,2024,07,1.3976992611,NRSC VIC MODEL
Andhra Pradesh,Krishna,2024-07-31,2024,07,4.0220020622,NRSC VIC MODEL
Andhra Pradesh,Krishna,2024-08-02,2024,08,5.866862141,NRSC VIC MODEL
Andhra Pradesh,Krishna,2024-08-17,2024,08,3.1816346162,NRSC VIC MODEL
Andhra Pradesh,Krishna,2024-08-24,2024,08,11.4111122446,NRSC VIC MODEL
Andhra Pradesh,Krishna,2024-08-31,2024,08,51.4673466518,NRSC VIC MODEL
Andhra Pradesh,Krishna,2024-09-10,2024,09,2.0914567271,NRSC VIC MODEL
Andhra Pradesh,Krishna,2024-09-15,2024,09,0.1223419533,NRSC VIC MODEL
Andhra Pradesh,Krishna,2024-09-20,2024,09,6.0915185819,NRSC VIC MODEL
Andhra Pradesh,Krishna,2024-09-24,2024,09,13.3132694429,NRSC VIC MODEL
Andhra Pradesh,Krishna,2024-09-30,2024,09,1.318955426,NRSC VIC MODEL
Andhra Pradesh,Krishna,2024-10-02,2024,10,7.0608372823,NRSC VIC MODEL
Andhra Pradesh,Krishna,2024-10-03,2024,10,1.5999063158,NRSC VIC MODEL
Andhra Pradesh,Krishna,2024-10-04,2024,10,0.4975634311,NRSC VIC MODEL
Andhra Pradesh,Krishna,2024-10-05,2024,10,2.6794301261,NRSC VIC MODEL
Andhra Pradesh,Krishna,2024-10-09,2024,10,1.8911975369,NRSC VIC MODEL
Andhra Pradesh,Krishna,2024-10-12,2024,10,3.0756871481,NRSC VIC MODEL
Andhra Pradesh,Krishna,2024-10-17,2024,10,8.9864674812,NRSC VIC MODEL
Andhra Pradesh,Krishna,2024-10-21,2024,10,5.6605533138,NRSC VIC MODEL
Andhra Pradesh,Krishna,2024-10-25,2024,10,0.151042958,NRSC VIC MODEL
Andhra Pradesh,Krishna,2024-10-26,2024,10,0.6258771925,NRSC VIC MODEL
Andhra Pradesh,Krishna,2024-10-30,2024,10,0.1923055658,NRSC VIC MODEL
Andhra Pradesh,Krishna,2024-10-31,2024,10,4.0612120244,NRSC VIC MODEL
Andhra Pradesh,Krishna,2024-11-02,2024,11,5.0585443893,NRSC VIC MODEL
Andhra Pradesh,Krishna,2024-11-08,2024,11,0.8753818517,NRSC VIC MODEL
Andhra Pradesh,Krishna,2024-11-10,2024,11,0.4658939099,NRSC VIC MODEL
Andhra Pradesh,Krishna,2024-11-14,2024,11,0.3861822168,NRSC VIC MODEL
Andhra Pradesh,Krishna,2024-11-19,2024,11,0.0,NRSC VIC MODEL
Andhra Pradesh,Krishna,2024-11-21,2024,11,0.0002022526,NRSC VIC MODEL
Andhra Pradesh,Krishna,2024-11-23,2024,11,0.0,NRSC VIC MODEL
Andhra Pradesh,Krishna,2024-11-28,2024,11,0.0,NRSC VIC MODEL
Andhra Pradesh,Krishna,2024-12-18,2024,12,0.4699762094,NRSC VIC MODEL
Andhra Pradesh,Krishna,2024-12-24,2024,12,1.6422098336,NRSC VIC MODEL
Andhra Pradesh,Krishna,2024-12-28,2024,12,3.94644e-05,NRSC VIC MODEL
Andhra Pradesh,Krishna,2024-12-29,2024,12,0.0,NRSC VIC MODEL
Andhra Pradesh,Visakhapatanam,2024-10-09,2024,10,0.0361235922,NRSC VIC MODEL
Andhra Pradesh,Visakhapatanam,2024-10-18,2024,10,8.6975190585,NRSC VIC MODEL
Andhra Pradesh,Visakhapatanam,2024-10-24,2024,10,1.39161e-05,NRSC VIC MODEL
Andhra Pradesh,Visakhapatanam,2024-10-29,2024,10,0.0535295637,NRSC VIC MODEL
Andhra Pradesh,Visakhapatanam,2024-11-08,2024,11,0.5938342308,NRSC VIC MODEL
Andhra Pradesh,Visakhapatanam,2024-11-12,2024,11,0.2257581511,NRSC VIC MODEL
Andhra Pradesh,Visakhapatanam,2024-11-13,2024,11,1.1694981403,NRSC VIC MODEL
Andhra Pradesh,Visakhapatanam,2024-11-14,2024,11,0.5386248898,NRSC VIC MODEL
Andhra Pradesh,Visakhapatanam,2024-11-25,2024,11,0.0174201681,NRSC VIC MODEL
Andhra Pradesh,Visakhapatanam,2024-11-26,2024,11,0.0102274684,NRSC VIC MODEL
Andhra Pradesh,Visakhapatanam,2024-12-02,2024,12,1.2566952934,NRSC VIC MODEL
Andhra Pradesh,Visakhapatanam,2024-12-18,2024,12,1.2755611268,NRSC VIC MODEL
Andhra Pradesh,Visakhapatanam,2024-12-23,2024,12,0.0012577915,NRSC VIC MODEL
Andhra Pradesh,Visakhapatanam,2024-12-25,2024,12,5.952394948,NRSC VIC MODEL
Andhra Pradesh,Visakhapatanam,2024-12-27,2024,12,0.0,NRSC VIC MODEL
Andhra Pradesh,Visakhapatanam,2024-12-29,2024,12,0.2232584908,NRSC VIC MODEL
Andhra Pradesh,Visakhapatanam,2024-12-30,2024,12,0.0,NRSC VIC MODEL
Andhra Pradesh,Visakhapatanam,2024-12-31,2024,12,7.78692e-05,NRSC VIC MODEL
Andhra Pradesh,Vizianagaram,2024-01-13,2024,01,0.0,NRSC VIC MODEL
Andhra Pradesh,Vizianagaram,2024-01-27,2024,01,0.0981370098,NRSC VIC MODEL
Andhra Pradesh,Vizianagaram,2024-01-28,2024,01,0.0,NRSC VIC MODEL
Andhra Pradesh,Vizianagaram,2024-01-30,2024,01,0.0,NRSC VIC MODEL
Andhra Pradesh,Vizianagaram,2024-02-04,2024,02,0.0,NRSC VIC MODEL
Andhra Pradesh,Vizianagaram,2024-02-06,2024,02,0.0,NRSC VIC MODEL
Andhra Pradesh,Vizianagaram,2024-02-08,2024,02,0.0242231652,NRSC VIC MODEL
Andhra Pradesh,Vizianagaram,2024-02-09,2024,02,0.004184383,NRSC VIC MODEL
Andhra Pradesh,Vizianagaram,2024-02-11,2024,02,0.0,NRSC VIC MODEL
Andhra Pradesh,Vizianagaram,2024-02-12,2024,02,0.001123995,NRSC VIC MODEL
Andhra Pradesh,Vizianagaram,2024-02-19,2024,02,0.0,NRSC VIC MODEL
Andhra Pradesh,Vizianagaram,2024-02-22,2024,02,0.0,NRSC VIC MODEL
Andhra Pradesh,Vizianagaram,2024-02-24,2024,02,0.0010594292,NRSC VIC MODEL
Andhra Pradesh,Vizianagaram,2024-02-26,2024,02,0.0002349242,NRSC VIC MODEL
Andhra Pradesh,Vizianagaram,2024-03-04,2024,03,0.0,NRSC VIC MODEL
Andhra Pradesh,Vizianagaram,2024-03-06,2024,03,0.0011778565,NRSC VIC MODEL
Andhra Pradesh,Vizianagaram,2024-03-12,2024,03,0.0,NRSC VIC MODEL
Andhra Pradesh,Vizianagaram,2024-03-13,2024,03,0.0003446169,NRSC VIC MODEL
Andhra Pradesh,Vizianagaram,2024-03-19,2024,03,0.0472057422,NRSC VIC MODEL
Andhra Pradesh,Vizianagaram,2024-03-31,2024,03,0.0003497518,NRSC VIC MODEL
Andhra Pradesh,Vizianagaram,2024-04-02,2024,04,8.85665e-05,NRSC VIC MODEL
Andhra Pradesh,Vizianagaram,2024-04-09,2024,04,0.0802933396,NRSC VIC MODEL
Andhra Pradesh,Vizianagaram,2024-04-10,2024,04,0.000667838,NRSC VIC MODEL
Andhra Pradesh,Vizianagaram,2024-04-11,2024,04,0.0021332817,NRSC VIC MODEL
Andhra Pradesh,Vizianagaram,2024-04-17,2024,04,0.0,NRSC VIC MODEL
Andhra Pradesh,Vizianagaram,2024-04-23,2024,04,0.5639596198,NRSC VIC MODEL
Andhra Pradesh,Vizianagaram,2024-04-24,2024,04,0.2063042712,NRSC VIC MODEL
Andhra Pradesh,Vizianagaram,2024-05-07,2024,05,14.6121234747,NRSC VIC MODEL
Andhra Pradesh,Vizianagaram,2024-05-10,2024,05,16.2506282258,NRSC VIC MODEL
Andhra Pradesh,Vizianagaram,2024-05-17,2024,05,1.4367861444,NRSC VIC MODEL
Andhra Pradesh,Vizianagaram,2024-05-22,2024,05,6.5075951842,NRSC VIC MODEL
Andhra Pradesh,Vizianagaram,2024-05-23,2024,05,0.5600631691,NRSC VIC MODEL
Andhra Pradesh,Vizianagaram,2024-05-28,2024,05,0.0,NRSC VIC MODEL
Andhra Pradesh,Vizianagaram,2024-06-03,2024,06,26.9627304496,NRSC VIC MODEL
Andhra Pradesh,Vizianagaram,2024-06-07,2024,06,0.6895057171,NRSC VIC MODEL
Andhra Pradesh,Vizianagaram,2024-06-08,2024,06,0.005788639,NRSC VIC MODEL
Andhra Pradesh,Vizianagaram,2024-06-12,2024,06,0.6226043182,NRSC VIC MODEL
Andhra Pradesh,Vizianagaram,2024-06-13,2024,06,0.3346852418,NRSC VIC MODEL
Andhra Pradesh,Vizianagaram,2024-06-18,2024,06,0.8094995727,NRSC VIC MODEL
Andhra Pradesh,Vizianagaram,2024-07-09,2024,07,5.4353380385,NRSC VIC MODEL
Andhra Pradesh,Vizianagaram,2024-07-16,2024,07,4.8475214766,NRSC VIC MODEL
Andhra Pradesh,Vizianagaram,2024-07-17,2024,07,15.7342460468,NRSC VIC MODEL
Andhra Pradesh,Vizianagaram,2024-07-24,2024,07,10.9854442308,NRSC VIC MODEL
Andhra Pradesh,Vizianagaram,2024-07-31,2024,07,2.4126791057,NRSC VIC MODEL
Andhra Pradesh,Vizianagaram,2024-08-02,2024,08,6.0273017846,NRSC VIC MODEL
Andhra Pradesh,Vizianagaram,2024-08-05,2024,08,0.7597107506,NRSC VIC MODEL
Andhra Pradesh,Vizianagaram,2024-08-06,2024,08,0.8726338452,NRSC VIC MODEL
Andhra Pradesh,Vizianagaram,2024-08-12,2024,08,6.5874822619,NRSC VIC MODEL
Andhra Pradesh,Vizianagaram,2024-08-21,2024,08,9.7467499216,NRSC VIC MODEL
Andhra Pradesh,Vizianagaram,2024-08-24,2024,08,5.6073443418,NRSC VIC MODEL
Andhra Pradesh,Vizianagaram,2024-08-27,2024,08,5.9967044436,NRSC VIC MODEL
Andhra Pradesh,Vizianagaram,2024-08-29,2024,08,9.0539883834,NRSC VIC MODEL
Andhra Pradesh,Vizianagaram,2024-09-01,2024,09,7.6350598225,NRSC VIC MODEL
Andhra Pradesh,Vizianagaram,2024-09-02,2024,09,2.1665337614,NRSC VIC MODEL
Andhra Pradesh,Vizianagaram,2024-09-03,2024,09,14.7124904632,NRSC VIC MODEL
Andhra Pradesh,Vizianagaram,2024-09-04,2024,09,13.8160485775,NRSC VIC MODEL
Andhra Pradesh,Vizianagaram,2024-09-07,2024,09,13.9814196669,NRSC VIC MODEL
Andhra Pradesh,Vizianagaram,2024-09-21,2024,09,10.2748784395,NRSC VIC MODEL
Andhra Pradesh,Vizianagaram,2024-09-22,2024,09,10.3336790796,NRSC VIC MODEL
Andhra Pradesh,Vizianagaram,2024-09-26,2024,09,13.0154965045,NRSC VIC MODEL
Andhra Pradesh,Vizianagaram,2024-09-29,2024,09,9.7385383953,NRSC VIC MODEL
Andhra Pradesh,Vizianagaram,2024-09-30,2024,09,9.2187001148,NRSC VIC MODEL
Andhra Pradesh,Vizianagaram,2024-10-01,2024,10,7.6190663994,NRSC VIC MODEL
Andhra Pradesh,Vizianagaram,2024-10-08,2024,10,5.351608145,NRSC VIC MODEL
Andhra Pradesh,Vizianagaram,2024-10-09,2024,10,0.4743999463,NRSC VIC MODEL
Andhra Pradesh,Vizianagaram,2024-10-15,2024,10,1.0381804513,NRSC VIC MODEL
Andhra Pradesh,Vizianagaram,2024-10-20,2024,10,7.612640238,NRSC VIC MODEL
Andhra Pradesh,Vizianagaram,2024-10-22,2024,10,0.0739732545,NRSC VIC MODEL
Andhra Pradesh,Vizianagaram,2024-10-23,2024,10,0.0013995476,NRSC VIC MODEL
Andhra Pradesh,Vizianagaram,2024-10-30,2024,10,5.19680779,NRSC VIC MODEL
Andhra Pradesh,Vizianagaram,2024-11-10,2024,11,0.4422427692,NRSC VIC MODEL
Andhra Pradesh,Vizianagaram,2024-11-19,2024,11,0.0,NRSC VIC MODEL
Andhra Pradesh,Vizianagaram,2024-11-21,2024,11,0.0,NRSC VIC MODEL
Andhra Pradesh,Vizianagaram,2024-11-23,2024,11,0.0,NRSC VIC MODEL
Andhra Pradesh,Vizianagaram,2024-11-25,2024,11,0.0054465428,NRSC VIC MODEL
Andhra Pradesh,Vizianagaram,2024-11-27,2024,11,5.86941e-05,NRSC VIC MODEL
Andhra Pradesh,Vizianagaram,2024-11-28,2024,11,0.0,NRSC VIC MODEL
Andhra Pradesh,Vizianagaram,2024-11-29,2024,11,0.0150584584,NRSC VIC MODEL
Andhra Pradesh,Vizianagaram,2024-12-04,2024,12,0.0147792971,NRSC VIC MODEL
Andhra Pradesh,Vizianagaram,2024-12-16,2024,12,0.0002690648,NRSC VIC MODEL
Andhra Pradesh,Vizianagaram,2024-12-30,2024,12,0.0,NRSC VIC MODEL
Andhra Pradesh,West Godavari,2024-01-05,2024,01,0.0,NRSC VIC MODEL
Andhra Pradesh,West Godavari,2024-01-06,2024,01,0.1633674584,NRSC VIC MODEL
Andhra Pradesh,West Godavari,2024-01-12,2024,01,0.0,NRSC VIC MODEL
Andhra Pradesh,West Godavari,2024-01-17,2024,01,0.0,NRSC VIC MODEL
Andhra Pradesh,West Godavari,2024-01-29,2024,01,0.0,NRSC VIC MODEL
Andhra Pradesh,West Godavari,2024-01-31,2024,01,0.0,NRSC VIC MODEL
Andhra Pradesh,West Godavari,2024-02-07,2024,02,0.0,NRSC VIC MODEL
Andhra Pradesh,West Godavari,2024-02-13,2024,02,0.0,NRSC VIC MODEL
Andhra Pradesh,West Godavari,2024-02-20,2024,02,0.0,NRSC VIC MODEL
Andhra Pradesh,West Godavari,2024-02-21,2024,02,0.0,NRSC VIC MODEL
Andhra Pradesh,West Godavari,2024-02-22,2024,02,0.0,NRSC VIC MODEL
Andhra Pradesh,West Godavari,2024-02-23,2024,02,0.0,NRSC VIC MODEL
Andhra Pradesh,West Godavari,2024-03-04,2024,03,0.0,NRSC VIC MODEL
Andhra Pradesh,West Godavari,2024-03-06,2024,03,0.0,NRSC VIC MODEL
Andhra Pradesh,West Godavari,2024-03-07,2024,03,0.0012211811,NRSC VIC MODEL
Andhra Pradesh,West Godavari,2024-03-08,2024,03,0.0,NRSC VIC MODEL
Andhra Pradesh,West Godavari,2024-03-12,2024,03,5.47413e-05,NRSC VIC MODEL
Andhra Pradesh,West Godavari,2024-03-13,2024,03,0.0,NRSC VIC MODEL
Andhra Pradesh,West Godavari,2024-03-14,2024,03,0.1193854279,NRSC VIC MODEL
Andhra Pradesh,West Godavari,2024-03-21,2024,03,4.5431359781,NRSC VIC MODEL
Andhra Pradesh,West Godavari,2024-03-22,2024,03,0.0,NRSC VIC MODEL
Andhra Pradesh,West Godavari,2024-03-24,2024,03,0.0,NRSC VIC MODEL
Andhra Pradesh,West Godavari,2024-03-26,2024,03,0.0,NRSC VIC MODEL
Andhra Pradesh,West Godavari,2024-03-27,2024,03,0.0,NRSC VIC MODEL
Andhra Pradesh,West Godavari,2024-03-28,2024,03,0.0,NRSC VIC MODEL
Andhra Pradesh,West Godavari,2024-04-01,2024,04,0.0554679874,NRSC VIC MODEL
Andhra Pradesh,West Godavari,2024-04-05,2024,04,0.0,NRSC VIC MODEL
Andhra Pradesh,West Godavari,2024-04-06,2024,04,0.0,NRSC VIC MODEL
Andhra Pradesh,West Godavari,2024-04-07,2024,04,7.5274e-06,NRSC VIC MODEL
Andhra Pradesh,West Godavari,2024-04-08,2024,04,0.0,NRSC VIC MODEL
Andhra Pradesh,West Godavari,2024-04-09,2024,04,0.0,NRSC VIC MODEL
Andhra Pradesh,West Godavari,2024-04-10,2024,04,0.0,NRSC VIC MODEL
Andhra Pradesh,West Godavari,2024-04-17,2024,04,0.0,NRSC VIC MODEL
Andhra Pradesh,West Godavari,2024-04-25,2024,04,0.0,NRSC VIC MODEL
Andhra Pradesh,West Godavari,2024-05-06,2024,05,0.1103772922,NRSC VIC MODEL
Andhra Pradesh,West Godavari,2024-05-12,2024,05,0.0079968476,NRSC VIC MODEL
Andhra Pradesh,West Godavari,2024-05-20,2024,05,7.677491422,NRSC VIC MODEL
Andhra Pradesh,West Godavari,2024-05-31,2024,05,4.2919e-06,NRSC VIC MODEL
Andhra Pradesh,West Godavari,2024-06-03,2024,06,6.925744269,NRSC VIC MODEL
Andhra Pradesh,West Godavari,2024-06-04,2024,06,0.0002074526,NRSC VIC MODEL
Andhra Pradesh,West Godavari,2024-06-08,2024,06,1.9309606225,NRSC VIC MODEL
Andhra Pradesh,West Godavari,2024-06-18,2024,06,0.0003872267,NRSC VIC MODEL
Andhra Pradesh,West Godavari,2024-06-27,2024,06,17.8360316485,NRSC VIC MODEL
Andhra Pradesh,West Godavari,2024-07-07,2024,07,22.2620736271,NRSC VIC MODEL
Andhra Pradesh,West Godavari,2024-07-13,2024,07,1.203553741,NRSC VIC MODEL
Andhra Pradesh,West Godavari,2024-07-21,2024,07,12.6408195438,NRSC VIC MODEL
Andhra Pradesh,West Godavari,2024-07-22,2024,07,15.4296331724,NRSC VIC MODEL
Andhra Pradesh,West Godavari,2024-07-23,2024,07,2.5207430491,NRSC VIC MODEL
Andhra Pradesh,West Godavari,2024-07-27,2024,07,20.2964772556,NRSC VIC MODEL
Andhra Pradesh,West Godavari,2024-08-01,2024,08,13.0684115347,NRSC VIC MODEL
Andhra Pradesh,West Godavari,2024-08-02,2024,08,8.94607544,NRSC VIC MODEL
Andhra Pradesh,West Godavari,2024-08-06,2024,08,14.5555965324,NRSC VIC MODEL
Andhra Pradesh,West Godavari,2024-08-12,2024,08,1.8234668069,NRSC VIC MODEL
Andhra Pradesh,West Godavari,2024-08-16,2024,08,4.8333926981,NRSC VIC MODEL
Andhra Pradesh,West Godavari,2024-08-27,2024,08,12.8315136642,NRSC VIC MODEL
Andhra Pradesh,West Godavari,2024-09-16,2024,09,0.7090797698,NRSC VIC MODEL
Andhra Pradesh,West Godavari,2024-09-20,2024,09,9.8648799382,NRSC VIC MODEL
Andhra Pradesh,West Godavari,2024-09-22,2024,09,12.4276330132,NRSC VIC MODEL
Andhra Pradesh,West Godavari,2024-09-25,2024,09,19.3237315145,NRSC VIC MODEL
Andhra Pradesh,West Godavari,2024-09-26,2024,09,16.7782446318,NRSC VIC MODEL
Andhra Pradesh,West Godavari,2024-10-15,2024,10,4.7113378166,NRSC VIC MODEL
Andhra Pradesh,West Godavari,2024-10-19,2024,10,10.2254607738,NRSC VIC MODEL
Andhra Pradesh,West Godavari,2024-11-13,2024,11,0.4685208243,NRSC VIC MODEL
Andhra Pradesh,West Godavari,2024-11-16,2024,11,0.0566708377,NRSC VIC MODEL
Andhra Pradesh,West Godavari,2024-11-22,2024,11,0.0,NRSC VIC MODEL
Andhra Pradesh,West Godavari,2024-12-14,2024,12,0.0397658562,NRSC VIC MODEL
Andhra Pradesh,West Godavari,2024-12-16,2024,12,0.1217287097,NRSC VIC MODEL
Andhra Pradesh,Anantapur,2024-05-01,2024,05,0.0187905826,NRSC VIC MODEL
Andhra Pradesh,Anantapur,2024-05-05,2024,05,2.2768e-05,NRSC VIC MODEL
Andhra Pradesh,Anantapur,2024-05-07,2024,05,0.799877247,NRSC VIC MODEL
Andhra Pradesh,Anantapur,2024-05-10,2024,05,5.7570027206,NRSC VIC MODEL
Andhra Pradesh,Anantapur,2024-05-13,2024,05,9.5171056773,NRSC VIC MODEL
Andhra Pradesh,Anantapur,2024-05-26,2024,05,0.053184184,NRSC VIC MODEL
Andhra Pradesh,Anantapur,2024-05-29,2024,05,0.1488182266,NRSC VIC MODEL
Andhra Pradesh,Anantapur,2024-06-04,2024,06,0.2520677182,NRSC VIC MODEL
Andhra Pradesh,Anantapur,2024-06-15,2024,06,0.4461819994,NRSC VIC MODEL
Andhra Pradesh,Anantapur,2024-06-17,2024,06,1.9339824458,NRSC VIC MODEL
Andhra Pradesh,Anantapur,2024-06-26,2024,06,1.2421113004,NRSC VIC MODEL
Andhra Pradesh,Anantapur,2024-07-03,2024,07,0.5509527298,NRSC VIC MODEL
Andhra Pradesh,Anantapur,2024-07-04,2024,07,1.0823438212,NRSC VIC MODEL
Andhra Pradesh,Anantapur,2024-07-06,2024,07,6.9920377161,NRSC VIC MODEL
Andhra Pradesh,Anantapur,2024-07-15,2024,07,3.2886983586,NRSC VIC MODEL
Andhra Pradesh,Anantapur,2024-07-27,2024,07,2.8024508812,NRSC VIC MODEL
Andhra Pradesh,Anantapur,2024-07-29,2024,07,0.0009314922,NRSC VIC MODEL
Andhra Pradesh,Anantapur,2024-08-04,2024,08,1.4326920345,NRSC VIC MODEL
Andhra Pradesh,Anantapur,2024-08-06,2024,08,0.1573699875,NRSC VIC MODEL
Andhra Pradesh,Anantapur,2024-08-08,2024,08,2.8980210988,NRSC VIC MODEL
Andhra Pradesh,Anantapur,2024-08-09,2024,08,6.4251929099,NRSC VIC MODEL
Andhra Pradesh,Anantapur,2024-08-13,2024,08,18.2268080807,NRSC VIC MODEL
Andhra Pradesh,Anantapur,2024-08-24,2024,08,1.0697577284,NRSC VIC MODEL
Andhra Pradesh,Anantapur,2024-08-29,2024,08,0.8716756983,NRSC VIC MODEL
Andhra Pradesh,Anantapur,2024-09-04,2024,09,0.3664651056,NRSC VIC MODEL
Andhra Pradesh,Anantapur,2024-09-10,2024,09,0.0329518384,NRSC VIC MODEL
Andhra Pradesh,Anantapur,2024-09-12,2024,09,0.0261052273,NRSC VIC MODEL
Andhra Pradesh,Anantapur,2024-09-17,2024,09,0.0174863197,NRSC VIC MODEL
Andhra Pradesh,Anantapur,2024-09-27,2024,09,2.6269947383,NRSC VIC MODEL
Andhra Pradesh,Anantapur,2024-10-02,2024,10,4.190431039,NRSC VIC MODEL
Andhra Pradesh,Anantapur,2024-10-09,2024,10,0.9361507371,NRSC VIC MODEL
Andhra Pradesh,Anantapur,2024-10-10,2024,10,0.9338983139,NRSC VIC MODEL
Andhra Pradesh,Anantapur,2024-10-12,2024,10,3.3868910603,NRSC VIC MODEL
Andhra Pradesh,Anantapur,2024-10-23,2024,10,2.9788660285,NRSC VIC MODEL
Andhra Pradesh,Anantapur,2024-10-27,2024,10,0.0,NRSC VIC MODEL
Andhra Pradesh,Anantapur,2024-11-05,2024,11,0.0739042492,NRSC VIC MODEL
Andhra Pradesh,Anantapur,2024-11-07,2024,11,0.745761003,NRSC VIC MODEL
Andhra Pradesh,Anantapur,2024-11-08,2024,11,2.1555766636,NRSC VIC MODEL
Andhra Pradesh,Anantapur,2024-11-09,2024,11,0.557182199,NRSC VIC MODEL
Andhra Pradesh,Anantapur,2024-11-11,2024,11,0.3505272261,NRSC VIC MODEL
Andhra Pradesh,Anantapur,2024-11-20,2024,11,0.0,NRSC VIC MODEL
Andhra Pradesh,Anantapur,2024-11-21,2024,11,0.0,NRSC VIC MODEL
Andhra Pradesh,Anantapur,2024-12-01,2024,12,2.4166405063,NRSC VIC MODEL
Andhra Pradesh,Anantapur,2024-12-24,2024,12,0.0,NRSC VIC MODEL
Andhra Pradesh,Anantapur,2024-12-25,2024,12,1.05228e-05,NRSC VIC MODEL
Andhra Pradesh,Anantapur,2024-12-27,2024,12,2.3661597517,NRSC VIC MODEL
Andhra Pradesh,Chittoor,2024-01-02,2024,01,0.0,NRSC VIC MODEL
Andhra Pradesh,Chittoor,2024-01-06,2024,01,6.32839e-05,NRSC VIC MODEL
Andhra Pradesh,Chittoor,2024-01-07,2024,01,0.0154528121,NRSC VIC MODEL
Andhra Pradesh,Chittoor,2024-01-11,2024,01,0.0,NRSC VIC MODEL
Andhra Pradesh,Chittoor,2024-01-14,2024,01,0.0,NRSC VIC MODEL
Andhra Pradesh,Chittoor,2024-01-19,2024,01,0.0,NRSC VIC MODEL
Andhra Pradesh,Chittoor,2024-01-22,2024,01,0.0,NRSC VIC MODEL
Andhra Pradesh,Chittoor,2024-01-29,2024,01,0.0,NRSC VIC MODEL
Andhra Pradesh,Chittoor,2024-02-12,2024,02,0.0,NRSC VIC MODEL
Andhra Pradesh,Chittoor,2024-02-26,2024,02,0.0,NRSC VIC MODEL
Andhra Pradesh,Chittoor,2024-03-02,2024,03,0.0,NRSC VIC MODEL
Andhra Pradesh,Chittoor,2024-03-08,2024,03,0.0,NRSC VIC MODEL
Andhra Pradesh,Chittoor,2024-03-10,2024,03,0.0,NRSC VIC MODEL
Andhra Pradesh,Chittoor,2024-03-12,2024,03,0.0002763768,NRSC VIC MODEL
Andhra Pradesh,Chittoor,2024-03-17,2024,03,0.0,NRSC VIC MODEL
Andhra Pradesh,Chittoor,2024-03-18,2024,03,0.0,NRSC VIC MODEL
Andhra Pradesh,Chittoor,2024-03-22,2024,03,0.0027144072,NRSC VIC MODEL
Andhra Pradesh,Chittoor,2024-03-23,2024,03,0.0,NRSC VIC MODEL
Andhra Pradesh,Chittoor,2024-03-24,2024,03,0.0,NRSC VIC MODEL
Andhra Pradesh,Chittoor,2024-03-31,2024,03,0.0,NRSC VIC MODEL
Andhra Pradesh,Chittoor,2024-04-01,2024,04,0.1503710146,NRSC VIC MODEL
Andhra Pradesh,Chittoor,2024-04-08,2024,04,0.0012638517,NRSC VIC MODEL
Andhra Pradesh,Chittoor,2024-04-14,2024,04,0.0222809792,NRSC VIC MODEL
Andhra Pradesh,Chittoor,2024-04-15,2024,04,0.0,NRSC VIC MODEL
Andhra Pradesh,Chittoor,2024-04-26,2024,04,0.0,NRSC VIC MODEL
Andhra Pradesh,Chittoor,2024-05-03,2024,05,4.7162717588,NRSC VIC MODEL
Andhra Pradesh,Chittoor,2024-05-18,2024,05,2.8642822644,NRSC VIC MODEL
Andhra Pradesh,Chittoor,2024-05-20,2024,05,1.1333062197,NRSC VIC MODEL
Andhra Pradesh,Chittoor,2024-05-24,2024,05,0.0458261372,NRSC VIC MODEL
Andhra Pradesh,Chittoor,2024-05-31,2024,05,1.4525866219,NRSC VIC MODEL
Andhra Pradesh,Chittoor,2024-06-04,2024,06,0.8559282544,NRSC VIC MODEL
Andhra Pradesh,Chittoor,2024-06-05,2024,06,4.7213934066,NRSC VIC MODEL
Andhra Pradesh,Chittoor,2024-06-12,2024,06,3.3143616038,NRSC VIC MODEL
Andhra Pradesh,Chittoor,2024-06-14,2024,06,1.8383857314,NRSC VIC MODEL
Andhra Pradesh,Chittoor,2024-06-21,2024,06,2.252263987,NRSC VIC MODEL
Andhra Pradesh,Chittoor,2024-06-25,2024,06,0.2296013355,NRSC VIC MODEL
Andhra Pradesh,Chittoor,2024-07-02,2024,07,8.9456839559,NRSC VIC MODEL
Andhra Pradesh,Chittoor,2024-07-21,2024,07,1.1037692528,NRSC VIC MODEL
Andhra Pradesh,Chittoor,2024-08-06,2024,08,7.4640671966,NRSC VIC MODEL
Andhra Pradesh,Chittoor,2024-08-10,2024,08,7.1779452605,NRSC VIC MODEL
Andhra Pradesh,Chittoor,2024-08-20,2024,08,3.8678881487,NRSC VIC MODEL
Andhra Pradesh,Chittoor,2024-08-30,2024,08,8.3510109997,NRSC VIC MODEL
Andhra Pradesh,Chittoor,2024-09-01,2024,09,0.3436991258,NRSC VIC MODEL
Andhra Pradesh,Chittoor,2024-09-04,2024,09,0.2661121445,NRSC VIC MODEL
Andhra Pradesh,Chittoor,2024-09-07,2024,09,1.745829581,NRSC VIC MODEL
Andhra Pradesh,Chittoor,2024-09-08,2024,09,0.0,NRSC VIC MODEL
Andhra Pradesh,Chittoor,2024-09-15,2024,09,0.024857765,NRSC VIC MODEL
Andhra Pradesh,Chittoor,2024-09-23,2024,09,9.0698816106,NRSC VIC MODEL
Andhra Pradesh,Chittoor,2024-09-28,2024,09,11.3038047923,NRSC VIC MODEL
Andhra Pradesh,Chittoor,2024-10-09,2024,10,1.3136558596,NRSC VIC MODEL
Andhra Pradesh,Chittoor,2024-10-14,2024,10,16.272004422,NRSC VIC MODEL
Andhra Pradesh,Chittoor,2024-10-18,2024,10,13.6205827159,NRSC VIC MODEL
Andhra Pradesh,Chittoor,2024-10-21,2024,10,2.7931688292,NRSC VIC MODEL
Andhra Pradesh,Chittoor,2024-11-12,2024,11,2.1869311562,NRSC VIC MODEL
Andhra Pradesh,Chittoor,2024-11-17,2024,11,7.1737632153,NRSC VIC MODEL
Andhra Pradesh,Chittoor,2024-11-21,2024,11,0.0283740445,NRSC VIC MODEL
Andhra Pradesh,Chittoor,2024-11-22,2024,11,8.37766e-05,NRSC VIC MODEL
Andhra Pradesh,Chittoor,2024-11-29,2024,11,0.4150440336,NRSC VIC MODEL
Andhra Pradesh,Chittoor,2024-12-01,2024,12,45.6420801457,NRSC VIC MODEL
Andhra Pradesh,Chittoor,2024-12-05,2024,12,8.1935652498,NRSC VIC MODEL
Andhra Pradesh,Chittoor,2024-12-09,2024,12,0.0,NRSC VIC MODEL
Andhra Pradesh,Chittoor,2024-12-12,2024,12,14.1525129178,NRSC VIC MODEL
Andhra Pradesh,Chittoor,2024-12-14,2024,12,0.1186184117,NRSC VIC MODEL
Andhra Pradesh,Chittoor,2024-12-16,2024,12,0.00286535,NRSC VIC MODEL
Andhra Pradesh,East Godavari,2024-01-15,2024,01,0.0,NRSC VIC MODEL
Andhra Pradesh,East Godavari,2024-01-24,2024,01,0.0,NRSC VIC MODEL
Andhra Pradesh,East Godavari,2024-02-05,2024,02,0.0,NRSC VIC MODEL
Andhra Pradesh,East Godavari,2024-02-07,2024,02,0.0,NRSC VIC MODEL
Andhra Pradesh,East Godavari,2024-02-10,2024,02,0.0,NRSC VIC MODEL
Andhra Pradesh,East Godavari,2024-02-17,2024,02,0.0,NRSC VIC MODEL
Andhra Pradesh,East Godavari,2024-03-01,2024,03,0.0991822826,NRSC VIC MODEL
Andhra Pradesh,East Godavari,2024-03-04,2024,03,0.0,NRSC VIC MODEL
Andhra Pradesh,East Godavari,2024-03-08,2024,03,0.0,NRSC VIC MODEL
Andhra Pradesh,East Godavari,2024-03-15,2024,03,0.0,NRSC VIC MODEL
Andhra Pradesh,East Godavari,2024-03-16,2024,03,9.74776e-05,NRSC VIC MODEL
Andhra Pradesh,East Godavari,2024-03-19,2024,03,0.040072659,NRSC VIC MODEL
Andhra Pradesh,East Godavari,2024-03-24,2024,03,0.3221824412,NRSC VIC MODEL
Andhra Pradesh,East Godavari,2024-03-30,2024,03,0.0,NRSC VIC MODEL
Andhra Pradesh,East Godavari,2024-04-09,2024,04,8.94993e-05,NRSC VIC MODEL
Andhra Pradesh,East Godavari,2024-04-10,2024,04,0.0,NRSC VIC MODEL
Andhra Pradesh,East Godavari,2024-04-13,2024,04,0.1904500362,NRSC VIC MODEL
Andhra Pradesh,East Godavari,2024-04-14,2024,04,0.366012361,NRSC VIC MODEL
Andhra Pradesh,East Godavari,2024-04-19,2024,04,0.1525175759,NRSC VIC MODEL
Andhra Pradesh,East Godavari,2024-04-22,2024,04,3.1455064821,NRSC VIC MODEL
Andhra Pradesh,East Godavari,2024-04-25,2024,04,0.0228747952,NRSC VIC MODEL
Andhra Pradesh,East Godavari,2024-04-27,2024,04,0.00303206,NRSC VIC MODEL
Andhra Pradesh,East Godavari,2024-05-03,2024,05,0.0066233835,NRSC VIC MODEL
Andhra Pradesh,East Godavari,2024-05-07,2024,05,0.02261209,NRSC VIC MODEL
Andhra Pradesh,East Godavari,2024-05-12,2024,05,1.2129643501,NRSC VIC MODEL
Andhra Pradesh,East Godavari,2024-05-15,2024,05,8.5196087961,NRSC VIC MODEL
Andhra Pradesh,East Godavari,2024-05-19,2024,05,4.6973266,NRSC VIC MODEL
Andhra Pradesh,East Godavari,2024-05-20,2024,05,2.8671209873,NRSC VIC MODEL
Andhra Pradesh,East Godavari,2024-05-23,2024,05,1.6667200593,NRSC VIC MODEL
Andhra Pradesh,East Godavari,2024-05-25,2024,05,16.5266678302,NRSC VIC MODEL
Andhra Pradesh,East Godavari,2024-05-31,2024,05,0.0272516611,NRSC VIC MODEL
Andhra Pradesh,East Godavari,2024-06-01,2024,06,13.2526837047,NRSC VIC MODEL
Andhra Pradesh,East Godavari,2024-06-03,2024,06,23.4173097225,NRSC VIC MODEL
Andhra Pradesh,East Godavari,2024-06-13,2024,06,1.4689817696,NRSC VIC MODEL
Andhra Pradesh,East Godavari,2024-06-15,2024,06,3.7204964958,NRSC VIC MODEL
Andhra Pradesh,East Godavari,2024-06-17,2024,06,3.2608855388,NRSC VIC MODEL
Andhra Pradesh,East Godavari,2024-06-23,2024,06,22.0016137139,NRSC VIC MODEL
Andhra Pradesh,East Godavari,2024-06-24,2024,06,6.0662321824,NRSC VIC MODEL
Andhra Pradesh,East Godavari,2024-06-25,2024,06,3.690111341,NRSC VIC MODEL
Andhra Pradesh,East Godavari,2024-06-26,2024,06,3.7677923773,NRSC VIC MODEL
Andhra Pradesh,East Godavari,2024-06-30,2024,06,24.7241024921,NRSC VIC MODEL
Andhra Pradesh,East Godavari,2024-07-02,2024,07,0.7647400835,NRSC VIC MODEL
Andhra Pradesh,East Godavari,2024-07-03,2024,07,6.7976822922,NRSC VIC MODEL
Andhra Pradesh,East Godavari,2024-07-09,2024,07,5.0283504206,NRSC VIC MODEL
Andhra Pradesh,East Godavari,2024-07-15,2024,07,7.3749051544,NRSC VIC MODEL
Andhra Pradesh,SPSR Nellore,2024-07-16,2024,07,0.4213686487,NRSC VIC MODEL
Andhra Pradesh,SPSR Nellore,2024-07-17,2024,07,3.0130705404,NRSC VIC MODEL
Andhra Pradesh,SPSR Nellore,2024-07-18,2024,07,4.6393713511,NRSC VIC MODEL
Andhra Pradesh,SPSR Nellore,2024-07-28,2024,07,0.0847098004,NRSC VIC MODEL
Andhra Pradesh,SPSR Nellore,2024-08-09,2024,08,0.2363337811,NRSC VIC MODEL
Andhra Pradesh,SPSR Nellore,2024-08-17,2024,08,2.9780442353,NRSC VIC MODEL
Andhra Pradesh,SPSR Nellore,2024-08-21,2024,08,1.8466404836,NRSC VIC MODEL
Andhra Pradesh,SPSR Nellore,2024-08-24,2024,08,2.1998924758,NRSC VIC MODEL
Andhra Pradesh,SPSR Nellore,2024-08-31,2024,08,12.083528515,NRSC VIC MODEL
Andhra Pradesh,SPSR Nellore,2024-09-11,2024,09,0.2709532632,NRSC VIC MODEL
Andhra Pradesh,SPSR Nellore,2024-09-13,2024,09,0.0726582327,NRSC VIC MODEL
Andhra Pradesh,SPSR Nellore,2024-09-17,2024,09,0.0941845337,NRSC VIC MODEL
Andhra Pradesh,SPSR Nellore,2024-09-20,2024,09,2.2933583774,NRSC VIC MODEL
Andhra Pradesh,SPSR Nellore,2024-09-26,2024,09,6.2193679125,NRSC VIC MODEL
Andhra Pradesh,SPSR Nellore,2024-09-28,2024,09,2.0635950951,NRSC VIC MODEL
Andhra Pradesh,SPSR Nellore,2024-09-29,2024,09,0.2600969129,NRSC VIC MODEL
Andhra Pradesh,SPSR Nellore,2024-10-07,2024,10,0.4779735511,NRSC VIC MODEL
Andhra Pradesh,SPSR Nellore,2024-10-11,2024,10,1.6495575656,NRSC VIC MODEL
Andhra Pradesh,SPSR Nellore,2024-10-12,2024,10,2.3776948148,NRSC VIC MODEL
Andhra Pradesh,SPSR Nellore,2024-10-13,2024,10,1.9941104838,NRSC VIC MODEL
Andhra Pradesh,SPSR Nellore,2024-10-14,2024,10,22.2223446276,NRSC VIC MODEL
Andhra Pradesh,SPSR Nellore,2024-10-15,2024,10,23.5926927857,NRSC VIC MODEL
Andhra Pradesh,SPSR Nellore,2024-10-17,2024,10,15.1491057398,NRSC VIC MODEL
Andhra Pradesh,SPSR Nellore,2024-10-23,2024,10,0.1111090984,NRSC VIC MODEL
Andhra Pradesh,SPSR Nellore,2024-10-30,2024,10,0.2081921172,NRSC VIC MODEL
Andhra Pradesh,SPSR Nellore,2024-11-03,2024,11,0.3337969341,NRSC VIC MODEL
Andhra Pradesh,SPSR Nellore,2024-11-23,2024,11,0.0129989342,NRSC VIC MODEL
Andhra Pradesh,SPSR Nellore,2024-11-26,2024,11,1.8748809647,NRSC VIC MODEL
Andhra Pradesh,SPSR Nellore,2024-12-06,2024,12,1.0483060236,NRSC VIC MODEL
Andhra Pradesh,SPSR Nellore,2024-12-07,2024,12,0.128415866,NRSC VIC MODEL
Andhra Pradesh,SPSR Nellore,2024-12-09,2024,12,0.0003371787,NRSC VIC MODEL
Andhra Pradesh,SPSR Nellore,2024-12-10,2024,12,0.0,NRSC VIC MODEL
Andhra Pradesh,SPSR Nellore,2024-12-16,2024,12,0.1074911253,NRSC VIC MODEL
Andhra Pradesh,SPSR Nellore,2024-12-23,2024,12,3.16312e-05,NRSC VIC MODEL
Andhra Pradesh,SPSR Nellore,2024-12-28,2024,12,0.0295414906,NRSC VIC MODEL
Andhra Pradesh,SPSR Nellore,2024-12-30,2024,12,1.5662e-05,NRSC VIC MODEL
Andhra Pradesh,SPSR Nellore,2024-12-31,2024,12,0.0,NRSC VIC MODEL
Andhra Pradesh,Srikakulam,2024-01-02,2024,01,0.0,NRSC VIC MODEL
Andhra Pradesh,Srikakulam,2024-01-05,2024,01,0.0005865838,NRSC VIC MODEL
Andhra Pradesh,Srikakulam,2024-01-07,2024,01,0.0,NRSC VIC MODEL
Andhra Pradesh,Srikakulam,2024-01-24,2024,01,0.0,NRSC VIC MODEL
Andhra Pradesh,Srikakulam,2024-02-06,2024,02,0.0,NRSC VIC MODEL
Andhra Pradesh,Srikakulam,2024-02-10,2024,02,0.0,NRSC VIC MODEL
Andhra Pradesh,Srikakulam,2024-02-12,2024,02,0.0,NRSC VIC MODEL
Andhra Pradesh,Srikakulam,2024-02-13,2024,02,0.0,NRSC VIC MODEL
Andhra Pradesh,Srikakulam,2024-02-17,2024,02,0.0017580898,NRSC VIC MODEL
Andhra Pradesh,Srikakulam,2024-02-18,2024,02,1.27785e-05,NRSC VIC MODEL
Andhra Pradesh,Srikakulam,2024-02-22,2024,02,0.0,NRSC VIC MODEL
Andhra Pradesh,Srikakulam,2024-02-24,2024,02,0.0030958983,NRSC VIC MODEL
Andhra Pradesh,Srikakulam,2024-02-26,2024,02,0.00692953,NRSC VIC MODEL
Andhra Pradesh,Srikakulam,2024-03-08,2024,03,0.3940131757,NRSC VIC MODEL
Andhra Pradesh,Srikakulam,2024-03-11,2024,03,0.1968929271,NRSC VIC MODEL
Andhra Pradesh,Srikakulam,2024-03-14,2024,03,0.2722455375,NRSC VIC MODEL
Andhra Pradesh,Srikakulam,2024-04-02,2024,04,1.2876e-06,NRSC VIC MODEL
Andhra Pradesh,Srikakulam,2024-04-15,2024,04,0.0,NRSC VIC MODEL
Andhra Pradesh,Srikakulam,2024-04-21,2024,04,1.602944793,NRSC VIC MODEL
Andhra Pradesh,Srikakulam,2024-04-22,2024,04,1.4977069299,NRSC VIC MODEL
Andhra Pradesh,Srikakulam,2024-04-24,2024,04,0.0010904905,NRSC VIC MODEL
Andhra Pradesh,Srikakulam,2024-04-26,2024,04,0.033873488,NRSC VIC MODEL
Andhra Pradesh,Srikakulam,2024-05-04,2024,05,0.0,NRSC VIC MODEL
Andhra Pradesh,Srikakulam,2024-05-21,2024,05,1.5186738013,NRSC VIC MODEL
Andhra Pradesh,Srikakulam,2024-06-03,2024,06,69.387469434,NRSC VIC MODEL
Andhra Pradesh,Srikakulam,2024-06-09,2024,06,1.6084e-06,NRSC VIC MODEL
Andhra Pradesh,Srikakulam,2024-06-13,2024,06,0.7804549531,NRSC VIC MODEL
Andhra Pradesh,Srikakulam,2024-06-14,2024,06,0.0007946181,NRSC VIC MODEL
Andhra Pradesh,Srikakulam,2024-06-29,2024,06,0.6402849731,NRSC VIC MODEL
Andhra Pradesh,Srikakulam,2024-07-04,2024,07,0.0169472171,NRSC VIC MODEL
Andhra Pradesh,Srikakulam,2024-07-09,2024,07,1.6547310672,NRSC VIC MODEL
Andhra Pradesh,Srikakulam,2024-07-16,2024,07,3.0425142927,NRSC VIC MODEL
Andhra Pradesh,Srikakulam,2024-07-22,2024,07,1.7837452631,NRSC VIC MODEL
Andhra Pradesh,Srikakulam,2024-08-05,2024,08,3.952826808,NRSC VIC MODEL
Andhra Pradesh,Srikakulam,2024-08-06,2024,08,2.4297457488,NRSC VIC MODEL
Andhra Pradesh,Srikakulam,2024-08-07,2024,08,19.8875081925,NRSC VIC MODEL
Andhra Pradesh,Srikakulam,2024-08-10,2024,08,2.7845970226,NRSC VIC MODEL
Andhra Pradesh,Srikakulam,2024-08-13,2024,08,0.5071176295,NRSC VIC MODEL
Andhra Pradesh,Srikakulam,2024-08-24,2024,08,2.7342642144,NRSC VIC MODEL
Andhra Pradesh,Srikakulam,2024-08-27,2024,08,3.7440897673,NRSC VIC MODEL
Andhra Pradesh,Srikakulam,2024-08-28,2024,08,11.2623149044,NRSC VIC MODEL
Andhra Pradesh,Srikakulam,2024-08-30,2024,08,8.8123134558,NRSC VIC MODEL
Andhra Pradesh,Srikakulam,2024-08-31,2024,08,9.4833649711,NRSC VIC MODEL
Andhra Pradesh,Srikakulam,2024-09-01,2024,09,7.2766535507,NRSC VIC MODEL
Andhra Pradesh,Srikakulam,2024-09-03,2024,09,6.7221251333,NRSC VIC MODEL
Andhra Pradesh,Srikakulam,2024-09-11,2024,09,2.4335917573,NRSC VIC MODEL
Andhra Pradesh,Srikakulam,2024-09-15,2024,09,0.2288201694,NRSC VIC MODEL
Andhra Pradesh,Srikakulam,2024-09-30,2024,09,5.720097724,NRSC VIC MODEL
Andhra Pradesh,Srikakulam,2024-10-03,2024,10,0.1231407139,NRSC VIC MODEL
Andhra Pradesh,Srikakulam,2024-10-06,2024,10,1.3977015849,NRSC VIC MODEL
Andhra Pradesh,Srikakulam,2024-10-08,2024,10,1.297419245,NRSC VIC MODEL
Andhra Pradesh,Srikakulam,2024-10-25,2024,10,0.3955680551,NRSC VIC MODEL
Andhra Pradesh,Srikakulam,2024-11-01,2024,11,0.0,NRSC VIC MODEL
Andhra Pradesh,Srikakulam,2024-11-02,2024,11,2.1424176025,NRSC VIC MODEL
Andhra Pradesh,Srikakulam,2024-11-07,2024,11,0.2655349485,NRSC VIC MODEL
Andhra Pradesh,Srikakulam,2024-11-08,2024,11,0.2227512587,NRSC VIC MODEL
Andhra Pradesh,Srikakulam,2024-11-09,2024,11,0.25270571,NRSC VIC MODEL
Andhra Pradesh,Srikakulam,2024-11-14,2024,11,0.0,NRSC VIC MODEL
Andhra Pradesh,Srikakulam,2024-11-21,2024,11,0.0,NRSC VIC MODEL
Andhra Pradesh,Srikakulam,2024-11-24,2024,11,0.0,NRSC VIC MODEL
Andhra Pradesh,Srikakulam,2024-12-04,2024,12,0.0376121115,NRSC VIC MODEL
Andhra Pradesh,Srikakulam,2024-12-17,2024,12,0.0,NRSC VIC MODEL
Andhra Pradesh,Srikakulam,2024-12-20,2024,12,10.9408697308,NRSC VIC MODEL
Andhra Pradesh,Srikakulam,2024-12-22,2024,12,4.6459608689,NRSC VIC MODEL
Andhra Pradesh,Srikakulam,2024-12-24,2024,12,1.0496303586,NRSC VIC MODEL
Andhra Pradesh,Srikakulam,2024-12-31,2024,12,1.27785e-05,NRSC VIC MODEL
Andhra Pradesh,Visakhapatanam,2024-01-01,2024,01,0.0,NRSC VIC MODEL
Andhra Pradesh,Visakhapatanam,2024-01-03,2024,01,0.0,NRSC VIC MODEL
Andhra Pradesh,Visakhapatanam,2024-01-06,2024,01,0.0060127248,NRSC VIC MODEL
Andhra Pradesh,Visakhapatanam,2024-01-08,2024,01,0.17039527,NRSC VIC MODEL
Andhra Pradesh,Visakhapatanam,2024-01-16,2024,01,0.0,NRSC VIC MODEL
Andhra Pradesh,Visakhapatanam,2024-01-17,2024,01,0.0,NRSC VIC MODEL
Andhra Pradesh,Visakhapatanam,2024-01-29,2024,01,0.0,NRSC VIC MODEL
Andhra Pradesh,Visakhapatanam,2024-02-13,2024,02,0.0,NRSC VIC MODEL
Andhra Pradesh,Visakhapatanam,2024-02-14,2024,02,0.006299928,NRSC VIC MODEL
Andhra Pradesh,Visakhapatanam,2024-03-06,2024,03,0.0,NRSC VIC MODEL
Andhra Pradesh,Visakhapatanam,2024-03-07,2024,03,0.0,NRSC VIC MODEL
Andhra Pradesh,Visakhapatanam,2024-03-12,2024,03,0.0,NRSC VIC MODEL
Andhra Pradesh,Visakhapatanam,2024-03-24,2024,03,0.1379714663,NRSC VIC MODEL
Andhra Pradesh,Visakhapatanam,2024-04-06,2024,04,0.0,NRSC VIC MODEL
Andhra Pradesh,Visakhapatanam,2024-04-14,2024,04,3.021621366,NRSC VIC MODEL
Andhra Pradesh,Visakhapatanam,2024-04-21,2024,04,2.3333463185,NRSC VIC MODEL
Andhra Pradesh,Visakhapatanam,2024-04-24,2024,04,0.2032589552,NRSC VIC MODEL
Andhra Pradesh,Visakhapatanam,2024-04-25,2024,04,1.5113858008,NRSC VIC MODEL
Andhra Pradesh,Visakhapatanam,2024-05-02,2024,05,2.08741e-05,NRSC VIC MODEL
Andhra Pradesh,Visakhapatanam,2024-05-13,2024,05,1.72815709,NRSC VIC MODEL
Andhra Pradesh,Visakhapatanam,2024-05-17,2024,05,4.329508975,NRSC VIC MODEL
Andhra Pradesh,Visakhapatanam,2024-05-18,2024,05,1.7448679592,NRSC VIC MODEL
Andhra Pradesh,Visakhapatanam,2024-05-21,2024,05,2.199133192,NRSC VIC MODEL
Andhra Pradesh,Visakhapatanam,2024-05-23,2024,05,0.5161811836,NRSC VIC MODEL
Andhra Pradesh,Visakhapatanam,2024-06-13,2024,06,1.9213263328,NRSC VIC MODEL
Andhra Pradesh,Visakhapatanam,2024-06-24,2024,06,2.4587503093,NRSC VIC MODEL
Andhra Pradesh,Visakhapatanam,2024-06-25,2024,06,5.9159856859,NRSC VIC MODEL
Andhra Pradesh,Visakhapatanam,2024-06-30,2024,06,3.8929212825,NRSC VIC MODEL
Andhra Pradesh,Visakhapatanam,2024-07-02,2024,07,0.6120629356,NRSC VIC MODEL
Andhra Pradesh,Visakhapatanam,2024-07-06,2024,07,0.2850405468,NRSC VIC MODEL
Andhra Pradesh,Visakhapatanam,2024-07-07,2024,07,0.5120408807,NRSC VIC MODEL
Andhra Pradesh,Visakhapatanam,2024-07-13,2024,07,2.1804401138,NRSC VIC MODEL
Andhra Pradesh,Visakhapatanam,2024-07-15,2024,07,16.2325800222,NRSC VIC MODEL
Andhra Pradesh,Visakhapatanam,2024-07-16,2024,07,5.7928134271,NRSC VIC MODEL
Andhra Pradesh,Visakhapatanam,2024-07-25,2024,07,3.1693391569,NRSC VIC MODEL
Andhra Pradesh,Visakhapatanam,2024-07-29,2024,07,0.2861369864,NRSC VIC MODEL
Andhra Pradesh,Visakhapatanam,2024-07-31,2024,07,1.8695272166,NRSC VIC MODEL
Andhra Pradesh,Visakhapatanam,2024-08-02,2024,08,4.5924110229,NRSC VIC MODEL
Andhra Pradesh,Visakhapatanam,2024-08-03,2024,08,2.174486706,NRSC VIC MODEL
Andhra Pradesh,Visakhapatanam,2024-08-04,2024,08,6.6063032263,NRSC VIC MODEL
Andhra Pradesh,Visakhapatanam,2024-08-05,2024,08,0.4491388134,NRSC VIC MODEL
Andhra Pradesh,Visakhapatanam,2024-08-16,2024,08,5.4923866755,NRSC VIC MODEL
Andhra Pradesh,Visakhapatanam,2024-08-23,2024,08,8.2814599701,NRSC VIC MODEL
Andhra Pradesh,Visakhapatanam,2024-08-28,2024,08,18.5617339279,NRSC VIC MODEL
Andhra Pradesh,Visakhapatanam,2024-09-01,2024,09,5.2180687918,NRSC VIC MODEL
Andhra Pradesh,Visakhapatanam,2024-09-08,2024,09,0.0,NRSC VIC MODEL
Andhra Pradesh,Visakhapatanam,2024-09-09,2024,09,4.8141561845,NRSC VIC MODEL
Andhra Pradesh,Visakhapatanam,2024-09-10,2024,09,1.4082978651,NRSC VIC MODEL
Andhra Pradesh,Visakhapatanam,2024-09-27,2024,09,9.9110685846,NRSC VIC MODEL
Andhra Pradesh,Anantapur,2024-01-05,2024,01,0.0187687977,NRSC VIC MODEL
Andhra Pradesh,Anantapur,2024-01-13,2024,01,0.0,NRSC VIC MODEL
Andhra Pradesh,Anantapur,2024-01-14,2024,01,0.0,NRSC VIC MODEL
Andhra Pradesh,Anantapur,2024-01-19,2024,01,0.0,NRSC VIC MODEL
Andhra Pradesh,Anantapur,2024-01-27,2024,01,0.0,NRSC VIC MODEL
Andhra Pradesh,Anantapur,2024-01-29,2024,01,0.0,NRSC VIC MODEL
Andhra Pradesh,Anantapur,2024-02-02,2024,02,0.0318035083,NRSC VIC MODEL
Andhra Pradesh,Anantapur,2024-02-12,2024,02,0.0,NRSC VIC MODEL
Andhra Pradesh,Anantapur,2024-02-17,2024,02,0.0,NRSC VIC MODEL
Andhra Pradesh,Anantapur,2024-02-21,2024,02,0.0032919751,NRSC VIC MODEL
Andhra Pradesh,Anantapur,2024-02-26,2024,02,0.0,NRSC VIC MODEL
Andhra Pradesh,Anantapur,2024-03-06,2024,03,0.0,NRSC VIC MODEL
Andhra Pradesh,Anantapur,2024-03-11,2024,03,0.0,NRSC VIC MODEL
Andhra Pradesh,Anantapur,2024-03-21,2024,03,0.0,NRSC VIC MODEL
Andhra Pradesh,Anantapur,2024-03-26,2024,03,0.0,NRSC VIC MODEL
Andhra Pradesh,Anantapur,2024-03-29,2024,03,0.0,NRSC VIC MODEL
Andhra Pradesh,Anantapur,2024-03-31,2024,03,0.0,NRSC VIC MODEL
Andhra Pradesh,Anantapur,2024-04-05,2024,04,0.0,NRSC VIC MODEL
Andhra Pradesh,Anantapur,2024-04-18,2024,04,0.0187513983,NRSC VIC MODEL
Andhra Pradesh,Anantapur,2024-04-19,2024,04,0.8303892567,NRSC VIC MODEL
Andhra Pradesh,Anantapur,2024-04-21,2024,04,0.5330761851,NRSC VIC MODEL
Andhra Pradesh,Anantapur,2024-04-26,2024,04,0.0,NRSC VIC MODEL
Andhra Pradesh,West Godavari,2024-12-18,2024,12,1.074035412,NRSC VIC MODEL
Andhra Pradesh,West Godavari,2024-12-21,2024,12,1.3511210241,NRSC VIC MODEL
Andhra Pradesh,West Godavari,2024-12-28,2024,12,3.48646e-05,NRSC VIC MODEL
Andhra Pradesh,West Godavari,2024-12-29,2024,12,0.0,NRSC VIC MODEL
Andhra Pradesh,Y.S.R.,2024-01-03,2024,01,0.0107018814,NRSC VIC MODEL
Andhra Pradesh,Y.S.R.,2024-01-06,2024,01,0.0033009531,NRSC VIC MODEL
Andhra Pradesh,Y.S.R.,2024-01-07,2024,01,9.74621e-05,NRSC VIC MODEL
Andhra Pradesh,Y.S.R.,2024-01-08,2024,01,0.1693017039,NRSC VIC MODEL
Andhra Pradesh,Y.S.R.,2024-01-14,2024,01,0.0,NRSC VIC MODEL
Andhra Pradesh,Y.S.R.,2024-01-22,2024,01,0.0,NRSC VIC MODEL
Andhra Pradesh,Y.S.R.,2024-01-24,2024,01,0.0,NRSC VIC MODEL
Andhra Pradesh,Y.S.R.,2024-02-02,2024,02,0.1209714321,NRSC VIC MODEL
Andhra Pradesh,Y.S.R.,2024-02-12,2024,02,0.0,NRSC VIC MODEL
Andhra Pradesh,Y.S.R.,2024-02-13,2024,02,0.0046727348,NRSC VIC MODEL
Andhra Pradesh,Y.S.R.,2024-02-15,2024,02,0.0,NRSC VIC MODEL
Andhra Pradesh,Y.S.R.,2024-02-24,2024,02,0.0,NRSC VIC MODEL
Andhra Pradesh,Y.S.R.,2024-03-01,2024,03,0.0,NRSC VIC MODEL
Andhra Pradesh,Y.S.R.,2024-03-02,2024,03,0.0,NRSC VIC MODEL
Andhra Pradesh,Y.S.R.,2024-03-03,2024,03,0.0,NRSC VIC MODEL
Andhra Pradesh,Y.S.R.,2024-03-26,2024,03,0.0,NRSC VIC MODEL
Andhra Pradesh,Y.S.R.,2024-03-29,2024,03,0.0,NRSC VIC MODEL
Andhra Pradesh,Y.S.R.,2024-03-30,2024,03,0.0,NRSC VIC MODEL
Andhra Pradesh,Y.S.R.,2024-03-31,2024,03,0.0,NRSC VIC MODEL
Andhra Pradesh,Y.S.R.,2024-04-02,2024,04,0.0006035242,NRSC VIC MODEL
Andhra Pradesh,Y.S.R.,2024-04-18,2024,04,0.0090470837,NRSC VIC MODEL
Andhra Pradesh,Y.S.R.,2024-04-24,2024,04,0.0,NRSC VIC MODEL
Andhra Pradesh,Y.S.R.,2024-04-28,2024,04,0.0,NRSC VIC MODEL
Andhra Pradesh,Y.S.R.,2024-05-07,2024,05,7.9396483663,NRSC VIC MODEL
Andhra Pradesh,Y.S.R.,2024-05-18,2024,05,2.9077071381,NRSC VIC MODEL
Andhra Pradesh,Y.S.R.,2024-05-19,2024,05,9.3941987707,NRSC VIC MODEL
Andhra Pradesh,Y.S.R.,2024-05-20,2024,05,1.5538383233,NRSC VIC MODEL
Andhra Pradesh,Y.S.R.,2024-05-24,2024,05,0.0316975356,NRSC VIC MODEL
Andhra Pradesh,Y.S.R.,2024-05-25,2024,05,0.7560426533,NRSC VIC MODEL
Andhra Pradesh,Y.S.R.,2024-05-30,2024,05,0.0,NRSC VIC MODEL
Andhra Pradesh,Y.S.R.,2024-06-04,2024,06,0.380064468,NRSC VIC MODEL
Andhra Pradesh,Y.S.R.,2024-06-08,2024,06,16.925360052,NRSC VIC MODEL
Andhra Pradesh,Y.S.R.,2024-06-21,2024,06,1.53714e-05,NRSC VIC MODEL
Andhra Pradesh,Y.S.R.,2024-06-24,2024,06,2.431653149,NRSC VIC MODEL
Andhra Pradesh,Y.S.R.,2024-06-26,2024,06,3.218706849,NRSC VIC MODEL
Andhra Pradesh,Y.S.R.,2024-07-03,2024,07,0.1718418508,NRSC VIC MODEL
Andhra Pradesh,Y.S.R.,2024-07-04,2024,07,2.4699210277,NRSC VIC MODEL
Andhra Pradesh,Y.S.R.,2024-07-06,2024,07,13.5753934261,NRSC VIC MODEL
Andhra Pradesh,Y.S.R.,2024-07-14,2024,07,2.1471996275,NRSC VIC MODEL
Andhra Pradesh,Y.S.R.,2024-07-18,2024,07,2.3361513513,NRSC VIC MODEL
Andhra Pradesh,Y.S.R.,2024-07-23,2024,07,0.2657705802,NRSC VIC MODEL
Andhra Pradesh,Y.S.R.,2024-07-27,2024,07,3.1844924137,NRSC VIC MODEL
Andhra Pradesh,Y.S.R.,2024-07-28,2024,07,0.0138938882,NRSC VIC MODEL
Andhra Pradesh,Y.S.R.,2024-08-10,2024,08,2.3383035071,NRSC VIC MODEL
Andhra Pradesh,Y.S.R.,2024-08-18,2024,08,2.6117883195,NRSC VIC MODEL
Andhra Pradesh,Y.S.R.,2024-08-26,2024,08,0.2179587904,NRSC VIC MODEL
Andhra Pradesh,Y.S.R.,2024-08-27,2024,08,1.449513006,NRSC VIC MODEL
Andhra Pradesh,Y.S.R.,2024-09-04,2024,09,0.3511929646,NRSC VIC MODEL
Andhra Pradesh,Y.S.R.,2024-09-07,2024,09,1.7915717978,NRSC VIC MODEL
Andhra Pradesh,Y.S.R.,2024-09-20,2024,09,1.7861495737,NRSC VIC MODEL
Andhra Pradesh,Y.S.R.,2024-09-25,2024,09,6.1810364443,NRSC VIC MODEL
Andhra Pradesh,Y.S.R.,2024-09-27,2024,09,4.6253042155,NRSC VIC MODEL
Andhra Pradesh,Y.S.R.,2024-09-28,2024,09,3.9469218446,NRSC VIC MODEL
Andhra Pradesh,Y.S.R.,2024-10-14,2024,10,11.7424623817,NRSC VIC MODEL
Andhra Pradesh,Y.S.R.,2024-10-21,2024,10,2.1746229375,NRSC VIC MODEL
Andhra Pradesh,Y.S.R.,2024-10-31,2024,10,2.0369947562,NRSC VIC MODEL
Andhra Pradesh,Y.S.R.,2024-11-03,2024,11,0.5593397663,NRSC VIC MODEL
Andhra Pradesh,Y.S.R.,2024-11-17,2024,11,2.3302397876,NRSC VIC MODEL
Andhra Pradesh,Y.S.R.,2024-11-19,2024,11,0.0,NRSC VIC MODEL
Andhra Pradesh,Y.S.R.,2024-11-24,2024,11,0.0421831888,NRSC VIC MODEL
Andhra Pradesh,Y.S.R.,2024-11-25,2024,11,0.0253750797,NRSC VIC MODEL
Andhra Pradesh,Y.S.R.,2024-11-28,2024,11,0.0047413195,NRSC VIC MODEL
Andhra Pradesh,Y.S.R.,2024-11-30,2024,11,2.3189098304,NRSC VIC MODEL
Andhra Pradesh,Y.S.R.,2024-12-02,2024,12,15.461019585,NRSC VIC MODEL
Andhra Pradesh,Y.S.R.,2024-12-10,2024,12,0.0,NRSC VIC MODEL
Andhra Pradesh,Y.S.R.,2024-12-12,2024,12,1.9560031269,NRSC VIC MODEL
Andhra Pradesh,Y.S.R.,2024-12-16,2024,12,0.0170526281,NRSC VIC MODEL
Andhra Pradesh,Y.S.R.,2024-12-18,2024,12,0.8454930084,NRSC VIC MODEL
Andhra Pradesh,Y.S.R.,2024-12-19,2024,12,0.7042347242,NRSC VIC MODEL
Andhra Pradesh,Y.S.R.,2024-12-23,2024,12,0.0,NRSC VIC MODEL
Andhra Pradesh,Y.S.R.,2024-12-31,2024,12,0.0,NRSC VIC MODEL
Andhra Pradesh,Guntur,2024-12-05,2024,12,0.2619416715,NRSC VIC MODEL
Andhra Pradesh,Guntur,2024-12-10,2024,12,0.000351542,NRSC VIC MODEL
Andhra Pradesh,Guntur,2024-12-24,2024,12,0.6463552624,NRSC VIC MODEL
Andhra Pradesh,Krishna,2024-01-09,2024,01,0.0215709612,NRSC VIC MODEL
Andhra Pradesh,Krishna,2024-01-13,2024,01,0.0,NRSC VIC MODEL
Andhra Pradesh,Krishna,2024-01-20,2024,01,0.0237468239,NRSC VIC MODEL
Andhra Pradesh,Krishna,2024-01-31,2024,01,0.0,NRSC VIC MODEL
Andhra Pradesh,Krishna,2024-02-01,2024,02,0.0,NRSC VIC MODEL
Andhra Pradesh,Krishna,2024-02-03,2024,02,9.38721e-05,NRSC VIC MODEL
Andhra Pradesh,Krishna,2024-02-10,2024,02,0.0,NRSC VIC MODEL
Andhra Pradesh,Krishna,2024-02-14,2024,02,0.0,NRSC VIC MODEL
Andhra Pradesh,Krishna,2024-02-19,2024,02,0.0,NRSC VIC MODEL
Andhra Pradesh,Krishna,2024-02-21,2024,02,0.0,NRSC VIC MODEL
Andhra Pradesh,Krishna,2024-02-24,2024,02,0.0698916376,NRSC VIC MODEL
Andhra Pradesh,Krishna,2024-02-26,2024,02,0.0,NRSC VIC MODEL
Andhra Pradesh,Krishna,2024-02-29,2024,02,0.0,NRSC VIC MODEL
Andhra Pradesh,Krishna,2024-03-01,2024,03,0.0,NRSC VIC MODEL
Andhra Pradesh,Krishna,2024-03-02,2024,03,0.0,NRSC VIC MODEL
Andhra Pradesh,Krishna,2024-03-09,2024,03,2.142e-06,NRSC VIC MODEL
Andhra Pradesh,Krishna,2024-03-14,2024,03,0.0136303254,NRSC VIC MODEL
Andhra Pradesh,Krishna,2024-03-16,2024,03,0.0043541284,NRSC VIC MODEL
Andhra Pradesh,Krishna,2024-03-18,2024,03,0.0001371674,NRSC VIC MODEL
Andhra Pradesh,Krishna,2024-03-27,2024,03,0.0,NRSC VIC MODEL
Andhra Pradesh,Krishna,2024-04-02,2024,04,0.0,NRSC VIC MODEL
Andhra Pradesh,Krishna,2024-04-04,2024,04,0.0319209813,NRSC VIC MODEL
Andhra Pradesh,Krishna,2024-04-05,2024,04,0.0,NRSC VIC MODEL
Andhra Pradesh,Krishna,2024-04-06,2024,04,0.0,NRSC VIC MODEL
Andhra Pradesh,Krishna,2024-04-09,2024,04,0.0,NRSC VIC MODEL
Andhra Pradesh,Krishna,2024-04-11,2024,04,0.0,NRSC VIC MODEL
Andhra Pradesh,Krishna,2024-04-15,2024,04,0.0,NRSC VIC MODEL
Andhra Pradesh,Krishna,2024-04-22,2024,04,0.0049593543,NRSC VIC MODEL
Andhra Pradesh,Krishna,2024-04-23,2024,04,0.0,NRSC VIC MODEL
Andhra Pradesh,Krishna,2024-04-24,2024,04,2.39802e-05,NRSC VIC MODEL
Andhra Pradesh,Krishna,2024-05-02,2024,05,0.0033558063,NRSC VIC MODEL
Andhra Pradesh,Krishna,2024-05-09,2024,05,0.0,NRSC VIC MODEL
Andhra Pradesh,Krishna,2024-05-14,2024,05,0.2977066287,NRSC VIC MODEL
Andhra Pradesh,Krishna,2024-05-18,2024,05,3.8062098988,NRSC VIC MODEL
Andhra Pradesh,Krishna,2024-05-20,2024,05,4.8616899507,NRSC VIC MODEL
Andhra Pradesh,Krishna,2024-05-21,2024,05,1.01671791,NRSC VIC MODEL
Andhra Pradesh,Krishna,2024-05-24,2024,05,2.108750914,NRSC VIC MODEL
Andhra Pradesh,Krishna,2024-05-27,2024,05,0.0,NRSC VIC MODEL
Andhra Pradesh,Krishna,2024-05-31,2024,05,0.0,NRSC VIC MODEL
Andhra Pradesh,Krishna,2024-06-06,2024,06,40.2891565046,NRSC VIC MODEL
Andhra Pradesh,Krishna,2024-06-11,2024,06,3.7854984417,NRSC VIC MODEL
Andhra Pradesh,Krishna,2024-06-12,2024,06,0.7049390843,NRSC VIC MODEL
Andhra Pradesh,Krishna,2024-06-13,2024,06,0.0733377378,NRSC VIC MODEL
Andhra Pradesh,Krishna,2024-06-18,2024,06,0.3883268134,NRSC VIC MODEL
Andhra Pradesh,Krishna,2024-06-23,2024,06,9.4564246088,NRSC VIC MODEL
Andhra Pradesh,Krishna,2024-06-25,2024,06,2.9505152344,NRSC VIC MODEL
Andhra Pradesh,Krishna,2024-06-29,2024,06,6.8960034988,NRSC VIC MODEL
Andhra Pradesh,Krishna,2024-07-04,2024,07,0.349490964,NRSC VIC MODEL
Andhra Pradesh,Krishna,2024-07-05,2024,07,13.9801924133,NRSC VIC MODEL
Andhra Pradesh,Krishna,2024-07-19,2024,07,33.8645481619,NRSC VIC MODEL
Andhra Pradesh,Krishna,2024-07-21,2024,07,13.5392741123,NRSC VIC MODEL
Andhra Pradesh,Krishna,2024-07-24,2024,07,3.0222591713,NRSC VIC MODEL
Andhra Pradesh,Krishna,2024-07-29,2024,07,7.1102332409,NRSC VIC MODEL
Andhra Pradesh,Krishna,2024-07-30,2024,07,6.2432669478,NRSC VIC MODEL
Andhra Pradesh,Krishna,2024-08-04,2024,08,8.1847058554,NRSC VIC MODEL
Andhra Pradesh,Krishna,2024-08-08,2024,08,14.2239355413,NRSC VIC MODEL
Andhra Pradesh,Krishna,2024-08-15,2024,08,2.7840911396,NRSC VIC MODEL
Andhra Pradesh,Krishna,2024-08-16,2024,08,4.1210247534,NRSC VIC MODEL
Andhra Pradesh,Krishna,2024-08-19,2024,08,1.44611958,NRSC VIC MODEL
Andhra Pradesh,Krishna,2024-08-21,2024,08,5.1871483777,NRSC VIC MODEL
Andhra Pradesh,Krishna,2024-08-25,2024,08,7.9714150154,NRSC VIC MODEL
Andhra Pradesh,Krishna,2024-08-26,2024,08,4.0209300685,NRSC VIC MODEL
Andhra Pradesh,Krishna,2024-08-28,2024,08,4.6484026621,NRSC VIC MODEL
Andhra Pradesh,Krishna,2024-08-29,2024,08,12.8538784921,NRSC VIC MODEL
Andhra Pradesh,Krishna,2024-09-05,2024,09,10.8806373471,NRSC VIC MODEL
Andhra Pradesh,Krishna,2024-09-07,2024,09,10.6089289989,NRSC VIC MODEL
Andhra Pradesh,Krishna,2024-09-13,2024,09,0.5240381616,NRSC VIC MODEL
Andhra Pradesh,Krishna,2024-09-17,2024,09,0.4426618929,NRSC VIC MODEL
Andhra Pradesh,Krishna,2024-09-27,2024,09,6.5733825505,NRSC VIC MODEL
Andhra Pradesh,Krishna,2024-10-01,2024,10,0.7502945443,NRSC VIC MODEL
Andhra Pradesh,Krishna,2024-10-08,2024,10,4.1011008302,NRSC VIC MODEL
Andhra Pradesh,Krishna,2024-10-16,2024,10,6.9867245196,NRSC VIC MODEL
Andhra Pradesh,Krishna,2024-10-28,2024,10,0.0,NRSC VIC MODEL
Andhra Pradesh,Krishna,2024-11-03,2024,11,1.7441482142,NRSC VIC MODEL
Andhra Pradesh,Krishna,2024-11-15,2024,11,1.2079500028,NRSC VIC MODEL
Andhra Pradesh,Krishna,2024-11-16,2024,11,0.0921546926,NRSC VIC MODEL
Andhra Pradesh,Krishna,2024-11-30,2024,11,0.991584732,NRSC VIC MODEL
Andhra Pradesh,Krishna,2024-12-01,2024,12,4.1651964313,NRSC VIC MODEL
Andhra Pradesh,Krishna,2024-12-03,2024,12,0.1844043807,NRSC VIC MODEL
Andhra Pradesh,Krishna,2024-12-05,2024,12,0.08400805,NRSC VIC MODEL
Andhra Pradesh,Krishna,2024-12-06,2024,12,0.0048012482,NRSC VIC MODEL
Andhra Pradesh,Krishna,2024-12-07,2024,12,0.0396791146,NRSC VIC MODEL
Andhra Pradesh,Krishna,2024-12-10,2024,12,0.0376196956,NRSC VIC MODEL
Andhra Pradesh,Krishna,2024-12-12,2024,12,0.0238197063,NRSC VIC MODEL
Andhra Pradesh,Krishna,2024-12-14,2024,12,0.0020232965,NRSC VIC MODEL
Andhra Pradesh,Krishna,2024-12-17,2024,12,0.0112815521,NRSC VIC MODEL
Andhra Pradesh,Krishna,2024-12-23,2024,12,0.0,NRSC VIC MODEL
Andhra Pradesh,Krishna,2024-12-26,2024,12,1.0929728726,NRSC VIC MODEL
Andhra Pradesh,Kurnool,2024-01-04,2024,01,0.0165071178,NRSC VIC MODEL
Andhra Pradesh,Kurnool,2024-01-16,2024,01,4.154e-06,NRSC VIC MODEL
Andhra Pradesh,Kurnool,2024-01-18,2024,01,0.0,NRSC VIC MODEL
Andhra Pradesh,Kurnool,2024-01-22,2024,01,0.0,NRSC VIC MODEL
Andhra Pradesh,Kurnool,2024-01-29,2024,01,0.0002521426,NRSC VIC MODEL
Andhra Pradesh,Kurnool,2024-02-03,2024,02,0.0,NRSC VIC MODEL
Andhra Pradesh,Kurnool,2024-02-07,2024,02,0.0,NRSC VIC MODEL
Andhra Pradesh,Kurnool,2024-02-18,2024,02,0.0080461076,NRSC VIC MODEL
Andhra Pradesh,Kurnool,2024-02-21,2024,02,0.0,NRSC VIC MODEL
Andhra Pradesh,Kurnool,2024-02-23,2024,02,0.0,NRSC VIC MODEL
Andhra Pradesh,Kurnool,2024-02-28,2024,02,3.96846e-05,NRSC VIC MODEL
Andhra Pradesh,Kurnool,2024-02-29,2024,02,0.0,NRSC VIC MODEL
Andhra Pradesh,Kurnool,2024-03-10,2024,03,0.0,NRSC VIC MODEL
Andhra Pradesh,Kurnool,2024-03-13,2024,03,0.0,NRSC VIC MODEL
Andhra Pradesh,Kurnool,2024-03-16,2024,03,0.0029487172,NRSC VIC MODEL
Andhra Pradesh,Kurnool,2024-03-24,2024,03,0.0317124643,NRSC VIC MODEL
Andhra Pradesh,Kurnool,2024-03-25,2024,03,0.0005946121,NRSC VIC MODEL
Andhra Pradesh,Kurnool,2024-03-27,2024,03,0.0,NRSC VIC MODEL
Andhra Pradesh,Kurnool,2024-04-04,2024,04,0.0286819842,NRSC VIC MODEL
Andhra Pradesh,Kurnool,2024-04-05,2024,04,0.0,NRSC VIC MODEL
Andhra Pradesh,Kurnool,2024-04-17,2024,04,0.0,NRSC VIC MODEL
Andhra Pradesh,Kurnool,2024-05-10,2024,05,9.0639339365,NRSC VIC MODEL
Andhra Pradesh,Kurnool,2024-05-16,2024,05,0.0141442588,NRSC VIC MODEL
Andhra Pradesh,Kurnool,2024-05-20,2024,05,1.6656606959,NRSC VIC MODEL
Andhra Pradesh,Kurnool,2024-05-23,2024,05,3.846e-07,NRSC VIC MODEL
Andhra Pradesh,Kurnool,2024-05-25,2024,05,7.5767060604,NRSC VIC MODEL
Andhra Pradesh,Kurnool,2024-06-04,2024,06,1.3852694621,NRSC VIC MODEL
Andhra Pradesh,Kurnool,2024-06-09,2024,06,6.5744468012,NRSC VIC MODEL
Andhra Pradesh,Kurnool,2024-06-11,2024,06,8.1599300858,NRSC VIC MODEL
Andhra Pradesh,Kurnool,2024-06-12,2024,06,14.1888592508,NRSC VIC MODEL
Andhra Pradesh,Kurnool,2024-06-16,2024,06,0.0022619218,NRSC VIC MODEL
Andhra Pradesh,Kurnool,2024-06-18,2024,06,7.8323090505,NRSC VIC MODEL
Andhra Pradesh,Kurnool,2024-06-19,2024,06,6.5033987054,NRSC VIC MODEL
Andhra Pradesh,Kurnool,2024-06-21,2024,06,0.0,NRSC VIC MODEL
Andhra Pradesh,Kurnool,2024-06-24,2024,06,0.2118718194,NRSC VIC MODEL
Andhra Pradesh,Kurnool,2024-06-25,2024,06,0.1593634077,NRSC VIC MODEL
Andhra Pradesh,Kurnool,2024-06-27,2024,06,0.761799222,NRSC VIC MODEL
Andhra Pradesh,Kurnool,2024-07-08,2024,07,1.231211849,NRSC VIC MODEL
Andhra Pradesh,Kurnool,2024-07-28,2024,07,0.0712730247,NRSC VIC MODEL
Andhra Pradesh,Kurnool,2024-08-08,2024,08,2.6564121764,NRSC VIC MODEL
Andhra Pradesh,Kurnool,2024-08-16,2024,08,9.6199606317,NRSC VIC MODEL
Andhra Pradesh,Kurnool,2024-08-25,2024,08,4.0133091842,NRSC VIC MODEL
Andhra Pradesh,Kurnool,2024-08-30,2024,08,21.2465983528,NRSC VIC MODEL
Andhra Pradesh,Kurnool,2024-08-31,2024,08,44.4283904565,NRSC VIC MODEL
Andhra Pradesh,Kurnool,2024-09-03,2024,09,7.7268618675,NRSC VIC MODEL
Andhra Pradesh,Kurnool,2024-09-09,2024,09,1.65238365,NRSC VIC MODEL
Andhra Pradesh,Kurnool,2024-09-11,2024,09,0.0516742115,NRSC VIC MODEL
Andhra Pradesh,Kurnool,2024-09-12,2024,09,0.0517028883,NRSC VIC MODEL
Andhra Pradesh,Kurnool,2024-09-15,2024,09,0.0031478527,NRSC VIC MODEL
Andhra Pradesh,Kurnool,2024-09-16,2024,09,0.0,NRSC VIC MODEL
Andhra Pradesh,Kurnool,2024-09-28,2024,09,0.3462300477,NRSC VIC MODEL
Andhra Pradesh,Kurnool,2024-10-16,2024,10,12.5475636867,NRSC VIC MODEL
Andhra Pradesh,Kurnool,2024-10-19,2024,10,8.4392905523,NRSC VIC MODEL
Andhra Pradesh,Kurnool,2024-10-22,2024,10,1.5115902168,NRSC VIC MODEL
Andhra Pradesh,Kurnool,2024-10-24,2024,10,1.7300999313,NRSC VIC MODEL
Andhra Pradesh,Kurnool,2024-10-26,2024,10,0.4630939737,NRSC VIC MODEL
Andhra Pradesh,Kurnool,2024-10-29,2024,10,0.0016392124,NRSC VIC MODEL
Andhra Pradesh,Kurnool,2024-10-31,2024,10,0.5257157465,NRSC VIC MODEL
Andhra Pradesh,Kurnool,2024-11-02,2024,11,0.0290273647,NRSC VIC MODEL
Andhra Pradesh,Kurnool,2024-11-04,2024,11,0.003818339,NRSC VIC MODEL
Andhra Pradesh,Kurnool,2024-11-16,2024,11,1.3740124052,NRSC VIC MODEL
Andhra Pradesh,Kurnool,2024-11-18,2024,11,0.0833192303,NRSC VIC MODEL
Andhra Pradesh,Kurnool,2024-11-19,2024,11,0.0,NRSC VIC MODEL
Andhra Pradesh,Kurnool,2024-11-21,2024,11,0.0,NRSC VIC MODEL
Andhra Pradesh,Kurnool,2024-11-24,2024,11,0.0,NRSC VIC MODEL
Andhra Pradesh,Kurnool,2024-12-03,2024,12,4.1113457905,NRSC VIC MODEL
Andhra Pradesh,Kurnool,2024-12-05,2024,12,2.9486857343,NRSC VIC MODEL
Andhra Pradesh,Kurnool,2024-12-15,2024,12,0.0,NRSC VIC MODEL
Andhra Pradesh,Kurnool,2024-12-18,2024,12,0.4749552883,NRSC VIC MODEL
Andhra Pradesh,Kurnool,2024-12-21,2024,12,0.0,NRSC VIC MODEL
Andhra Pradesh,Kurnool,2024-12-24,2024,12,0.0,NRSC VIC MODEL
Andhra Pradesh,Kurnool,2024-12-25,2024,12,0.006067431,NRSC VIC MODEL
Andhra Pradesh,Kurnool,2024-12-30,2024,12,0.0,NRSC VIC MODEL
Andhra Pradesh,Kurnool,2024-12-31,2024,12,0.0,NRSC VIC MODEL
Andhra Pradesh,Prakasam,2024-01-13,2024,01,0.0,NRSC VIC MODEL
Andhra Pradesh,Prakasam,2024-01-15,2024,01,0.0,NRSC VIC MODEL
Andhra Pradesh,Prakasam,2024-01-17,2024,01,0.0,NRSC VIC MODEL
Andhra Pradesh,Prakasam,2024-01-21,2024,01,0.0,NRSC VIC MODEL
Andhra Pradesh,Prakasam,2024-01-24,2024,01,0.0,NRSC VIC MODEL
Andhra Pradesh,Prakasam,2024-01-28,2024,01,0.0,NRSC VIC MODEL
Andhra Pradesh,Prakasam,2024-02-01,2024,02,0.0,NRSC VIC MODEL
Andhra Pradesh,Prakasam,2024-02-03,2024,02,0.0021437245,NRSC VIC MODEL
Andhra Pradesh,Prakasam,2024-02-07,2024,02,0.0,NRSC VIC MODEL
Andhra Pradesh,Prakasam,2024-02-08,2024,02,0.0,NRSC VIC MODEL
Andhra Pradesh,Prakasam,2024-02-14,2024,02,0.0,NRSC VIC MODEL
Andhra Pradesh,Prakasam,2024-02-16,2024,02,0.0614059477,NRSC VIC MODEL
Andhra Pradesh,Prakasam,2024-02-17,2024,02,0.0,NRSC VIC MODEL
Andhra Pradesh,Srikakulam,2024-09-02,2024,09,1.9533395962,NRSC VIC MODEL
Andhra Pradesh,Srikakulam,2024-09-05,2024,09,11.7570353058,NRSC VIC MODEL
Andhra Pradesh,Srikakulam,2024-09-10,2024,09,2.4846315491,NRSC VIC MODEL
Andhra Pradesh,Srikakulam,2024-09-21,2024,09,5.7898729043,NRSC VIC MODEL
Andhra Pradesh,Srikakulam,2024-09-25,2024,09,13.7179944624,NRSC VIC MODEL
Andhra Pradesh,Srikakulam,2024-09-27,2024,09,5.0882801493,NRSC VIC MODEL
Andhra Pradesh,Srikakulam,2024-10-01,2024,10,4.5957284088,NRSC VIC MODEL
Andhra Pradesh,Srikakulam,2024-10-02,2024,10,4.7573668065,NRSC VIC MODEL
Andhra Pradesh,Srikakulam,2024-10-13,2024,10,0.0004232311,NRSC VIC MODEL
Andhra Pradesh,Srikakulam,2024-10-22,2024,10,0.0002057285,NRSC VIC MODEL
Andhra Pradesh,Srikakulam,2024-10-23,2024,10,0.0133290301,NRSC VIC MODEL
Andhra Pradesh,Srikakulam,2024-10-26,2024,10,2.0603283741,NRSC VIC MODEL
Andhra Pradesh,Srikakulam,2024-10-27,2024,10,1.0171e-06,NRSC VIC MODEL
Andhra Pradesh,Srikakulam,2024-10-31,2024,10,0.0003474528,NRSC VIC MODEL
Andhra Pradesh,Srikakulam,2024-11-04,2024,11,0.0,NRSC VIC MODEL
Andhra Pradesh,Srikakulam,2024-11-10,2024,11,0.7719425534,NRSC VIC MODEL
Andhra Pradesh,Srikakulam,2024-11-13,2024,11,0.2299468414,NRSC VIC MODEL
Andhra Pradesh,Srikakulam,2024-11-19,2024,11,0.0,NRSC VIC MODEL
Andhra Pradesh,Srikakulam,2024-11-25,2024,11,0.0172818761,NRSC VIC MODEL
Andhra Pradesh,Srikakulam,2024-12-01,2024,12,3.9506232733,NRSC VIC MODEL
Andhra Pradesh,Srikakulam,2024-12-02,2024,12,4.9321735374,NRSC VIC MODEL
Andhra Pradesh,Srikakulam,2024-12-06,2024,12,5.943e-07,NRSC VIC MODEL
Andhra Pradesh,Srikakulam,2024-12-10,2024,12,8.1372e-06,NRSC VIC MODEL
Andhra Pradesh,Srikakulam,2024-12-13,2024,12,0.0,NRSC VIC MODEL
Andhra Pradesh,Srikakulam,2024-12-16,2024,12,0.0038355356,NRSC VIC MODEL
Andhra Pradesh,Srikakulam,2024-12-21,2024,12,30.9822502959,NRSC VIC MODEL
Andhra Pradesh,Srikakulam,2024-12-25,2024,12,5.9302287907,NRSC VIC MODEL
Andhra Pradesh,Srikakulam,2024-12-26,2024,12,3.9919003029,NRSC VIC MODEL
Andhra Pradesh,Visakhapatanam,2024-01-04,2024,01,0.1185915391,NRSC VIC MODEL
Andhra Pradesh,Visakhapatanam,2024-01-09,2024,01,0.0041863327,NRSC VIC MODEL
Andhra Pradesh,Visakhapatanam,2024-01-13,2024,01,0.0,NRSC VIC MODEL
Andhra Pradesh,Visakhapatanam,2024-01-21,2024,01,0.0,NRSC VIC MODEL
Andhra Pradesh,Visakhapatanam,2024-01-24,2024,01,0.0063321999,NRSC VIC MODEL
Andhra Pradesh,Visakhapatanam,2024-02-03,2024,02,0.1716489564,NRSC VIC MODEL
Andhra Pradesh,Visakhapatanam,2024-02-05,2024,02,0.0,NRSC VIC MODEL
Andhra Pradesh,Visakhapatanam,2024-02-09,2024,02,0.0,NRSC VIC MODEL
Andhra Pradesh,Visakhapatanam,2024-02-19,2024,02,0.0,NRSC VIC MODEL
Andhra Pradesh,Visakhapatanam,2024-02-22,2024,02,0.0,NRSC VIC MODEL
Andhra Pradesh,Visakhapatanam,2024-02-25,2024,02,6.93041e-05,NRSC VIC MODEL
Andhra Pradesh,Visakhapatanam,2024-02-29,2024,02,0.0208503112,NRSC VIC MODEL
Andhra Pradesh,Visakhapatanam,2024-03-05,2024,03,0.0,NRSC VIC MODEL
Andhra Pradesh,Visakhapatanam,2024-03-08,2024,03,0.0191474364,NRSC VIC MODEL
Andhra Pradesh,Visakhapatanam,2024-03-10,2024,03,0.0111912706,NRSC VIC MODEL
Andhra Pradesh,Visakhapatanam,2024-03-23,2024,03,0.0012586548,NRSC VIC MODEL
Andhra Pradesh,Visakhapatanam,2024-03-26,2024,03,0.001238604,NRSC VIC MODEL
Andhra Pradesh,Visakhapatanam,2024-03-27,2024,03,6.56573e-05,NRSC VIC MODEL
Andhra Pradesh,Visakhapatanam,2024-03-30,2024,03,0.0426914363,NRSC VIC MODEL
Andhra Pradesh,Visakhapatanam,2024-04-01,2024,04,0.3117773786,NRSC VIC MODEL
Andhra Pradesh,Visakhapatanam,2024-04-02,2024,04,0.0,NRSC VIC MODEL
Andhra Pradesh,Visakhapatanam,2024-04-05,2024,04,0.0,NRSC VIC MODEL
Andhra Pradesh,Visakhapatanam,2024-04-07,2024,04,0.0043977211,NRSC VIC MODEL
Andhra Pradesh,Visakhapatanam,2024-04-12,2024,04,0.2407762559,NRSC VIC MODEL
Andhra Pradesh,Visakhapatanam,2024-04-18,2024,04,0.0230137756,NRSC VIC MODEL
Andhra Pradesh,Visakhapatanam,2024-04-27,2024,04,3.1210606153,NRSC VIC MODEL
Andhra Pradesh,Visakhapatanam,2024-05-03,2024,05,0.1616713471,NRSC VIC MODEL
Andhra Pradesh,Visakhapatanam,2024-05-06,2024,05,2.216e-07,NRSC VIC MODEL
Andhra Pradesh,Visakhapatanam,2024-05-09,2024,05,1.7800911032,NRSC VIC MODEL
Andhra Pradesh,Visakhapatanam,2024-05-11,2024,05,7.1736192519,NRSC VIC MODEL
Andhra Pradesh,Visakhapatanam,2024-05-12,2024,05,2.3439926251,NRSC VIC MODEL
Andhra Pradesh,Visakhapatanam,2024-05-15,2024,05,6.0436261564,NRSC VIC MODEL
Andhra Pradesh,Visakhapatanam,2024-05-16,2024,05,3.1935072471,NRSC VIC MODEL
Andhra Pradesh,Visakhapatanam,2024-05-25,2024,05,13.3647082616,NRSC VIC MODEL
Andhra Pradesh,Visakhapatanam,2024-05-26,2024,05,5.357677126,NRSC VIC MODEL
Andhra Pradesh,Visakhapatanam,2024-06-03,2024,06,36.6871906503,NRSC VIC MODEL
Andhra Pradesh,Visakhapatanam,2024-06-06,2024,06,127.7208205589,NRSC VIC MODEL
Andhra Pradesh,Visakhapatanam,2024-06-07,2024,06,2.5569944028,NRSC VIC MODEL
Andhra Pradesh,Visakhapatanam,2024-06-09,2024,06,0.0706415575,NRSC VIC MODEL
Andhra Pradesh,Visakhapatanam,2024-06-18,2024,06,0.858312079,NRSC VIC MODEL
Andhra Pradesh,Visakhapatanam,2024-06-21,2024,06,0.1556507338,NRSC VIC MODEL
Andhra Pradesh,Visakhapatanam,2024-07-17,2024,07,4.2995382604,NRSC VIC MODEL
Andhra Pradesh,Visakhapatanam,2024-07-20,2024,07,65.4178344997,NRSC VIC MODEL
Andhra Pradesh,Visakhapatanam,2024-08-01,2024,08,6.2452016915,NRSC VIC MODEL
Andhra Pradesh,Visakhapatanam,2024-08-07,2024,08,7.5352352089,NRSC VIC MODEL
Andhra Pradesh,Visakhapatanam,2024-08-09,2024,08,2.4366995928,NRSC VIC MODEL
Andhra Pradesh,Visakhapatanam,2024-08-13,2024,08,3.3960812541,NRSC VIC MODEL
Andhra Pradesh,Visakhapatanam,2024-08-21,2024,08,4.1998986827,NRSC VIC MODEL
Andhra Pradesh,Visakhapatanam,2024-08-27,2024,08,2.3660695943,NRSC VIC MODEL
Andhra Pradesh,Visakhapatanam,2024-08-29,2024,08,10.7223673805,NRSC VIC MODEL
Andhra Pradesh,Visakhapatanam,2024-09-03,2024,09,10.9241492347,NRSC VIC MODEL
Andhra Pradesh,Visakhapatanam,2024-09-04,2024,09,22.0084425105,NRSC VIC MODEL
Andhra Pradesh,Visakhapatanam,2024-09-16,2024,09,0.336829033,NRSC VIC MODEL
Andhra Pradesh,Visakhapatanam,2024-09-20,2024,09,14.5637894945,NRSC VIC MODEL
Andhra Pradesh,Visakhapatanam,2024-09-22,2024,09,9.6404153609,NRSC VIC MODEL
Andhra Pradesh,Visakhapatanam,2024-09-23,2024,09,16.5630430541,NRSC VIC MODEL
Andhra Pradesh,Visakhapatanam,2024-09-24,2024,09,14.648289487,NRSC VIC MODEL
Andhra Pradesh,Visakhapatanam,2024-09-26,2024,09,12.7642789719,NRSC VIC MODEL
Andhra Pradesh,Visakhapatanam,2024-09-29,2024,09,8.1521059948,NRSC VIC MODEL
Andhra Pradesh,Visakhapatanam,2024-10-01,2024,10,5.7409424684,NRSC VIC MODEL
Andhra Pradesh,Visakhapatanam,2024-10-05,2024,10,8.445790056,NRSC VIC MODEL
Andhra Pradesh,Visakhapatanam,2024-10-06,2024,10,5.8179846594,NRSC VIC MODEL
Andhra Pradesh,Visakhapatanam,2024-10-11,2024,10,1.547059117,NRSC VIC MODEL
Andhra Pradesh,Visakhapatanam,2024-10-15,2024,10,1.7780837152,NRSC VIC MODEL
Andhra Pradesh,Visakhapatanam,2024-10-17,2024,10,6.7825806145,NRSC VIC MODEL
Andhra Pradesh,Visakhapatanam,2024-10-26,2024,10,2.7517221425,NRSC VIC MODEL
Andhra Pradesh,Visakhapatanam,2024-11-07,2024,11,0.6067185958,NRSC VIC MODEL
Andhra Pradesh,Visakhapatanam,2024-11-15,2024,11,0.1612328692,NRSC VIC MODEL
Andhra Pradesh,Visakhapatanam,2024-11-18,2024,11,0.0,NRSC VIC MODEL
Andhra Pradesh,Visakhapatanam,2024-11-19,2024,11,0.0152191098,NRSC VIC MODEL
Andhra Pradesh,Visakhapatanam,2024-11-20,2024,11,0.0,NRSC VIC MODEL
Andhra Pradesh,Visakhapatanam,2024-11-24,2024,11,0.0,NRSC VIC MODEL
Andhra Pradesh,Visakhapatanam,2024-11-28,2024,11,0.0,NRSC VIC MODEL
Andhra Pradesh,Visakhapatanam,2024-11-30,2024,11,5.2089230719,NRSC VIC MODEL
Andhra Pradesh,Visakhapatanam,2024-12-07,2024,12,0.0079997903,NRSC VIC MODEL
Andhra Pradesh,Visakhapatanam,2024-12-10,2024,12,0.0002331774,NRSC VIC MODEL
Andhra Pradesh,Visakhapatanam,2024-12-13,2024,12,0.0682195549,NRSC VIC MODEL
Andhra Pradesh,Visakhapatanam,2024-12-14,2024,12,0.007566709,NRSC VIC MODEL
Andhra Pradesh,Visakhapatanam,2024-12-16,2024,12,0.0,NRSC VIC MODEL
Andhra Pradesh,Visakhapatanam,2024-12-21,2024,12,11.8321287578,NRSC VIC MODEL
Andhra Pradesh,Visakhapatanam,2024-12-24,2024,12,1.0759729964,NRSC VIC MODEL
Andhra Pradesh,Vizianagaram,2024-01-02,2024,01,0.0,NRSC VIC MODEL
Andhra Pradesh,Vizianagaram,2024-01-03,2024,01,0.0,NRSC VIC MODEL
Andhra Pradesh,Vizianagaram,2024-01-04,2024,01,0.5076562778,NRSC VIC MODEL
Andhra Pradesh,Vizianagaram,2024-01-05,2024,01,0.0,NRSC VIC MODEL
Andhra Pradesh,Vizianagaram,2024-01-06,2024,01,0.0,NRSC VIC MODEL
Andhra Pradesh,Vizianagaram,2024-01-07,2024,01,0.0,NRSC VIC MODEL
Andhra Pradesh,Vizianagaram,2024-01-20,2024,01,0.0,NRSC VIC MODEL
Andhra Pradesh,Vizianagaram,2024-01-23,2024,01,0.3208369991,NRSC VIC MODEL
Andhra Pradesh,Vizianagaram,2024-02-02,2024,02,0.2422230187,NRSC VIC MODEL
Andhra Pradesh,Vizianagaram,2024-02-14,2024,02,0.0,NRSC VIC MODEL
Andhra Pradesh,Vizianagaram,2024-02-29,2024,02,0.0025543643,NRSC VIC MODEL
Andhra Pradesh,Vizianagaram,2024-03-08,2024,03,0.1493115698,NRSC VIC MODEL
Andhra Pradesh,Vizianagaram,2024-03-09,2024,03,3.3164217822,NRSC VIC MODEL
Andhra Pradesh,Vizianagaram,2024-03-10,2024,03,0.4186211106,NRSC VIC MODEL
Andhra Pradesh,Vizianagaram,2024-03-14,2024,03,0.2345594462,NRSC VIC MODEL
Andhra Pradesh,Vizianagaram,2024-03-22,2024,03,0.1081721489,NRSC VIC MODEL
Andhra Pradesh,Vizianagaram,2024-03-23,2024,03,0.0,NRSC VIC MODEL
Andhra Pradesh,Vizianagaram,2024-03-26,2024,03,0.0676792619,NRSC VIC MODEL
Andhra Pradesh,Vizianagaram,2024-04-06,2024,04,0.0039261083,NRSC VIC MODEL
Andhra Pradesh,Vizianagaram,2024-04-22,2024,04,2.6118527519,NRSC VIC MODEL
Andhra Pradesh,Vizianagaram,2024-05-01,2024,05,0.1110834218,NRSC VIC MODEL
Andhra Pradesh,Vizianagaram,2024-05-09,2024,05,0.056045837,NRSC VIC MODEL
Andhra Pradesh,Vizianagaram,2024-05-11,2024,05,4.0149888725,NRSC VIC MODEL
Andhra Pradesh,Vizianagaram,2024-05-14,2024,05,3.1866438905,NRSC VIC MODEL
Andhra Pradesh,Vizianagaram,2024-05-16,2024,05,1.221285858,NRSC VIC MODEL
Andhra Pradesh,Vizianagaram,2024-05-18,2024,05,0.4277841784,NRSC VIC MODEL
Andhra Pradesh,Vizianagaram,2024-05-19,2024,05,10.9884335966,NRSC VIC MODEL
Andhra Pradesh,Vizianagaram,2024-05-24,2024,05,0.004135325,NRSC VIC MODEL
Andhra Pradesh,Vizianagaram,2024-05-26,2024,05,1.7373813977,NRSC VIC MODEL
Andhra Pradesh,Vizianagaram,2024-05-27,2024,05,0.0,NRSC VIC MODEL
Andhra Pradesh,Vizianagaram,2024-05-30,2024,05,0.0,NRSC VIC MODEL
Andhra Pradesh,Vizianagaram,2024-06-19,2024,06,0.3797839399,NRSC VIC MODEL
Andhra Pradesh,Vizianagaram,2024-06-20,2024,06,1.7614712757,NRSC VIC MODEL
Andhra Pradesh,Vizianagaram,2024-06-25,2024,06,6.5339441168,NRSC VIC MODEL
Andhra Pradesh,Vizianagaram,2024-06-26,2024,06,12.5592568228,NRSC VIC MODEL
Andhra Pradesh,Vizianagaram,2024-06-27,2024,06,25.9235401067,NRSC VIC MODEL
Andhra Pradesh,Vizianagaram,2024-06-30,2024,06,1.9242005919,NRSC VIC MODEL
Andhra Pradesh,Vizianagaram,2024-07-02,2024,07,0.3652661561,NRSC VIC MODEL
Andhra Pradesh,Vizianagaram,2024-07-05,2024,07,0.4850347851,NRSC VIC MODEL
Andhra Pradesh,Vizianagaram,2024-07-07,2024,07,4.8584150502,NRSC VIC MODEL
Andhra Pradesh,Vizianagaram,2024-07-14,2024,07,9.2441743439,NRSC VIC MODEL
Andhra Pradesh,Vizianagaram,2024-07-18,2024,07,8.9806114489,NRSC VIC MODEL
Andhra Pradesh,Vizianagaram,2024-07-20,2024,07,45.4616690823,NRSC VIC MODEL
Andhra Pradesh,Vizianagaram,2024-07-21,2024,07,1.3018250137,NRSC VIC MODEL
Andhra Pradesh,Vizianagaram,2024-07-25,2024,07,0.1149831271,NRSC VIC MODEL
Andhra Pradesh,Vizianagaram,2024-08-08,2024,08,6.0829082169,NRSC VIC MODEL
Andhra Pradesh,Vizianagaram,2024-08-09,2024,08,3.2505244471,NRSC VIC MODEL
Andhra Pradesh,Vizianagaram,2024-08-16,2024,08,6.9019827685,NRSC VIC MODEL
Andhra Pradesh,Vizianagaram,2024-08-17,2024,08,9.2912487079,NRSC VIC MODEL
Andhra Pradesh,Vizianagaram,2024-08-20,2024,08,4.3841174695,NRSC VIC MODEL
Andhra Pradesh,Vizianagaram,2024-08-26,2024,08,1.8670883794,NRSC VIC MODEL
Andhra Pradesh,Vizianagaram,2024-08-30,2024,08,17.2774021188,NRSC VIC MODEL
Andhra Pradesh,Vizianagaram,2024-09-05,2024,09,23.3249331548,NRSC VIC MODEL
Andhra Pradesh,Vizianagaram,2024-09-06,2024,09,17.8125634548,NRSC VIC MODEL
Andhra Pradesh,Vizianagaram,2024-09-11,2024,09,2.325279993,NRSC VIC MODEL
Andhra Pradesh,Vizianagaram,2024-09-15,2024,09,0.1322900993,NRSC VIC MODEL
Andhra Pradesh,Vizianagaram,2024-09-20,2024,09,9.4763601252,NRSC VIC MODEL
Andhra Pradesh,Vizianagaram,2024-10-03,2024,10,0.0983405212,NRSC VIC MODEL
Andhra Pradesh,Vizianagaram,2024-10-07,2024,10,7.5936372635,NRSC VIC MODEL
Andhra Pradesh,Vizianagaram,2024-10-14,2024,10,1.1969430467,NRSC VIC MODEL
Andhra Pradesh,Vizianagaram,2024-10-24,2024,10,0.0001231344,NRSC VIC MODEL
Andhra Pradesh,Vizianagaram,2024-10-25,2024,10,0.8678940773,NRSC VIC MODEL
Andhra Pradesh,Vizianagaram,2024-10-27,2024,10,0.0215087839,NRSC VIC MODEL
Andhra Pradesh,Prakasam,2024-02-23,2024,02,0.0,NRSC VIC MODEL
Andhra Pradesh,Prakasam,2024-02-24,2024,02,0.0093936609,NRSC VIC MODEL
Andhra Pradesh,Prakasam,2024-03-02,2024,03,0.0,NRSC VIC MODEL
Andhra Pradesh,Prakasam,2024-03-16,2024,03,0.0005410534,NRSC VIC MODEL
Andhra Pradesh,Prakasam,2024-03-21,2024,03,0.0418983971,NRSC VIC MODEL
Andhra Pradesh,Prakasam,2024-03-30,2024,03,0.0,NRSC VIC MODEL
Andhra Pradesh,Prakasam,2024-04-03,2024,04,0.0,NRSC VIC MODEL
Andhra Pradesh,Prakasam,2024-04-04,2024,04,0.0001455104,NRSC VIC MODEL
Andhra Pradesh,Prakasam,2024-04-13,2024,04,0.0304357356,NRSC VIC MODEL
Andhra Pradesh,Prakasam,2024-04-14,2024,04,0.0247828296,NRSC VIC MODEL
Andhra Pradesh,Prakasam,2024-04-18,2024,04,6.99863e-05,NRSC VIC MODEL
Andhra Pradesh,Prakasam,2024-04-25,2024,04,0.0,NRSC VIC MODEL
Andhra Pradesh,Prakasam,2024-05-10,2024,05,0.1342718325,NRSC VIC MODEL
Andhra Pradesh,Prakasam,2024-05-15,2024,05,0.8116480307,NRSC VIC MODEL
Andhra Pradesh,Prakasam,2024-05-18,2024,05,4.1782659583,NRSC VIC MODEL
Andhra Pradesh,Prakasam,2024-05-23,2024,05,0.0,NRSC VIC MODEL
Andhra Pradesh,Prakasam,2024-05-26,2024,05,0.315621986,NRSC VIC MODEL
Andhra Pradesh,Prakasam,2024-05-29,2024,05,0.0,NRSC VIC MODEL
Andhra Pradesh,Prakasam,2024-06-15,2024,06,0.4516748119,NRSC VIC MODEL
Andhra Pradesh,Prakasam,2024-06-18,2024,06,0.7459163739,NRSC VIC MODEL
Andhra Pradesh,Prakasam,2024-06-26,2024,06,1.1311978033,NRSC VIC MODEL
Andhra Pradesh,Prakasam,2024-07-05,2024,07,0.2038473997,NRSC VIC MODEL
Andhra Pradesh,Prakasam,2024-07-20,2024,07,23.1231534475,NRSC VIC MODEL
Andhra Pradesh,Prakasam,2024-07-23,2024,07,0.424705059,NRSC VIC MODEL
Andhra Pradesh,Prakasam,2024-07-31,2024,07,0.6831012353,NRSC VIC MODEL
Andhra Pradesh,Prakasam,2024-08-02,2024,08,0.918541327,NRSC VIC MODEL
Andhra Pradesh,Prakasam,2024-08-09,2024,08,0.3242995956,NRSC VIC MODEL
Andhra Pradesh,Prakasam,2024-08-13,2024,08,8.0064874593,NRSC VIC MODEL
Andhra Pradesh,Prakasam,2024-08-18,2024,08,1.8410639961,NRSC VIC MODEL
Andhra Pradesh,Prakasam,2024-09-03,2024,09,3.4301877089,NRSC VIC MODEL
Andhra Pradesh,Prakasam,2024-09-06,2024,09,7.2285853953,NRSC VIC MODEL
Andhra Pradesh,Prakasam,2024-09-09,2024,09,1.2296945761,NRSC VIC MODEL
Andhra Pradesh,Prakasam,2024-09-11,2024,09,0.0851629511,NRSC VIC MODEL
Andhra Pradesh,Prakasam,2024-09-14,2024,09,0.0117219199,NRSC VIC MODEL
Andhra Pradesh,Prakasam,2024-09-20,2024,09,3.2353770048,NRSC VIC MODEL
Andhra Pradesh,Prakasam,2024-09-21,2024,09,7.5001441632,NRSC VIC MODEL
Andhra Pradesh,Prakasam,2024-09-26,2024,09,9.5058435711,NRSC VIC MODEL
Andhra Pradesh,Prakasam,2024-10-05,2024,10,2.2172510286,NRSC VIC MODEL
Andhra Pradesh,Prakasam,2024-10-09,2024,10,2.6353768284,NRSC VIC MODEL
Andhra Pradesh,Prakasam,2024-10-12,2024,10,10.3656156674,NRSC VIC MODEL
Andhra Pradesh,Prakasam,2024-10-13,2024,10,4.6323761586,NRSC VIC MODEL
Andhra Pradesh,Prakasam,2024-10-14,2024,10,11.0094201397,NRSC VIC MODEL
Andhra Pradesh,Prakasam,2024-10-16,2024,10,13.8626653789,NRSC VIC MODEL
Andhra Pradesh,Prakasam,2024-10-19,2024,10,9.8890597831,NRSC VIC MODEL
Andhra Pradesh,Prakasam,2024-10-25,2024,10,0.0326813099,NRSC VIC MODEL
Andhra Pradesh,Prakasam,2024-11-02,2024,11,0.4722482634,NRSC VIC MODEL
Andhra Pradesh,Prakasam,2024-11-03,2024,11,0.0789079961,NRSC VIC MODEL
Andhra Pradesh,Prakasam,2024-11-07,2024,11,1.6355698839,NRSC VIC MODEL
Andhra Pradesh,Prakasam,2024-11-08,2024,11,2.2859704689,NRSC VIC MODEL
Andhra Pradesh,Prakasam,2024-11-15,2024,11,12.0044654721,NRSC VIC MODEL
Andhra Pradesh,Prakasam,2024-11-27,2024,11,0.0913563984,NRSC VIC MODEL
Andhra Pradesh,Prakasam,2024-11-30,2024,11,1.7876532479,NRSC VIC MODEL
Andhra Pradesh,Prakasam,2024-12-03,2024,12,10.2829114985,NRSC VIC MODEL
Andhra Pradesh,Prakasam,2024-12-19,2024,12,0.5197677394,NRSC VIC MODEL
Andhra Pradesh,Prakasam,2024-12-24,2024,12,0.0612443489,NRSC VIC MODEL
Andhra Pradesh,Prakasam,2024-12-30,2024,12,0.0,NRSC VIC MODEL
Andhra Pradesh,SPSR Nellore,2024-01-07,2024,01,0.0225952941,NRSC VIC MODEL
Andhra Pradesh,SPSR Nellore,2024-01-16,2024,01,0.0,NRSC VIC MODEL
Andhra Pradesh,SPSR Nellore,2024-01-17,2024,01,0.0,NRSC VIC MODEL
Andhra Pradesh,SPSR Nellore,2024-01-22,2024,01,0.0,NRSC VIC MODEL
Andhra Pradesh,SPSR Nellore,2024-01-23,2024,01,0.0,NRSC VIC MODEL
Andhra Pradesh,SPSR Nellore,2024-01-24,2024,01,0.0,NRSC VIC MODEL
Andhra Pradesh,SPSR Nellore,2024-01-31,2024,01,0.0,NRSC VIC MODEL
Andhra Pradesh,SPSR Nellore,2024-02-08,2024,02,0.0,NRSC VIC MODEL
Andhra Pradesh,SPSR Nellore,2024-02-14,2024,02,0.0,NRSC VIC MODEL
Andhra Pradesh,SPSR Nellore,2024-02-20,2024,02,0.0,NRSC VIC MODEL
Andhra Pradesh,SPSR Nellore,2024-02-23,2024,02,0.0,NRSC VIC MODEL
Andhra Pradesh,SPSR Nellore,2024-02-26,2024,02,0.0,NRSC VIC MODEL
Andhra Pradesh,SPSR Nellore,2024-02-28,2024,02,0.0,NRSC VIC MODEL
Andhra Pradesh,SPSR Nellore,2024-03-02,2024,03,0.0,NRSC VIC MODEL
Andhra Pradesh,SPSR Nellore,2024-03-11,2024,03,0.0,NRSC VIC MODEL
Andhra Pradesh,SPSR Nellore,2024-03-22,2024,03,0.0,NRSC VIC MODEL
Andhra Pradesh,SPSR Nellore,2024-03-24,2024,03,0.0,NRSC VIC MODEL
Andhra Pradesh,SPSR Nellore,2024-03-27,2024,03,0.0,NRSC VIC MODEL
Andhra Pradesh,SPSR Nellore,2024-03-28,2024,03,0.0,NRSC VIC MODEL
Andhra Pradesh,SPSR Nellore,2024-03-29,2024,03,0.0,NRSC VIC MODEL
Andhra Pradesh,SPSR Nellore,2024-03-30,2024,03,0.0,NRSC VIC MODEL
Andhra Pradesh,SPSR Nellore,2024-04-08,2024,04,0.0,NRSC VIC MODEL
Andhra Pradesh,SPSR Nellore,2024-04-11,2024,04,0.0,NRSC VIC MODEL
Andhra Pradesh,SPSR Nellore,2024-04-16,2024,04,0.0,NRSC VIC MODEL
Andhra Pradesh,SPSR Nellore,2024-04-27,2024,04,0.0,NRSC VIC MODEL
Andhra Pradesh,SPSR Nellore,2024-05-04,2024,05,0.041568209,NRSC VIC MODEL
Andhra Pradesh,SPSR Nellore,2024-05-14,2024,05,9.4468054459,NRSC VIC MODEL
Andhra Pradesh,SPSR Nellore,2024-05-17,2024,05,2.7366271878,NRSC VIC MODEL
Andhra Pradesh,SPSR Nellore,2024-05-21,2024,05,0.1677937472,NRSC VIC MODEL
Andhra Pradesh,SPSR Nellore,2024-06-03,2024,06,7.5562899303,NRSC VIC MODEL
Andhra Pradesh,SPSR Nellore,2024-06-04,2024,06,4.7517246208,NRSC VIC MODEL
Andhra Pradesh,SPSR Nellore,2024-06-07,2024,06,4.0890790349,NRSC VIC MODEL
Andhra Pradesh,SPSR Nellore,2024-06-12,2024,06,12.131492554,NRSC VIC MODEL
Andhra Pradesh,SPSR Nellore,2024-06-13,2024,06,4.7923171351,NRSC VIC MODEL
Andhra Pradesh,SPSR Nellore,2024-06-15,2024,06,0.3237890519,NRSC VIC MODEL
Andhra Pradesh,SPSR Nellore,2024-06-21,2024,06,0.0181907076,NRSC VIC MODEL
Andhra Pradesh,SPSR Nellore,2024-06-23,2024,06,1.6957421948,NRSC VIC MODEL
Andhra Pradesh,SPSR Nellore,2024-06-24,2024,06,10.0639496367,NRSC VIC MODEL
Andhra Pradesh,SPSR Nellore,2024-07-07,2024,07,5.2561451308,NRSC VIC MODEL
Andhra Pradesh,SPSR Nellore,2024-07-09,2024,07,5.105031427,NRSC VIC MODEL
Andhra Pradesh,SPSR Nellore,2024-07-13,2024,07,1.4693179059,NRSC VIC MODEL
Andhra Pradesh,SPSR Nellore,2024-07-19,2024,07,10.2258716178,NRSC VIC MODEL
Andhra Pradesh,SPSR Nellore,2024-07-21,2024,07,3.382858264,NRSC VIC MODEL
Andhra Pradesh,SPSR Nellore,2024-07-23,2024,07,0.0320968428,NRSC VIC MODEL
Andhra Pradesh,SPSR Nellore,2024-08-07,2024,08,15.0017756034,NRSC VIC MODEL
Andhra Pradesh,SPSR Nellore,2024-08-11,2024,08,0.5049289859,NRSC VIC MODEL
Andhra Pradesh,SPSR Nellore,2024-08-15,2024,08,3.2159580365,NRSC VIC MODEL
Andhra Pradesh,SPSR Nellore,2024-08-16,2024,08,3.6285055874,NRSC VIC MODEL
Andhra Pradesh,SPSR Nellore,2024-08-22,2024,08,3.747857837,NRSC VIC MODEL
Andhra Pradesh,SPSR Nellore,2024-09-06,2024,09,5.3112236874,NRSC VIC MODEL
Andhra Pradesh,SPSR Nellore,2024-09-15,2024,09,0.050989438,NRSC VIC MODEL
Andhra Pradesh,SPSR Nellore,2024-09-16,2024,09,0.016794113,NRSC VIC MODEL
Andhra Pradesh,SPSR Nellore,2024-09-22,2024,09,5.3226822938,NRSC VIC MODEL
Andhra Pradesh,SPSR Nellore,2024-09-23,2024,09,13.7888713507,NRSC VIC MODEL
Andhra Pradesh,SPSR Nellore,2024-09-25,2024,09,3.7826292814,NRSC VIC MODEL
Andhra Pradesh,SPSR Nellore,2024-10-02,2024,10,2.4823508571,NRSC VIC MODEL
Andhra Pradesh,SPSR Nellore,2024-10-05,2024,10,3.567464056,NRSC VIC MODEL
Andhra Pradesh,SPSR Nellore,2024-10-08,2024,10,0.7553308866,NRSC VIC MODEL
Andhra Pradesh,SPSR Nellore,2024-10-19,2024,10,9.1892468746,NRSC VIC MODEL
Andhra Pradesh,SPSR Nellore,2024-10-20,2024,10,15.4619905979,NRSC VIC MODEL
Andhra Pradesh,SPSR Nellore,2024-10-25,2024,10,0.0,NRSC VIC MODEL
Andhra Pradesh,SPSR Nellore,2024-10-27,2024,10,0.2354764386,NRSC VIC MODEL
Andhra Pradesh,SPSR Nellore,2024-11-08,2024,11,10.5097989608,NRSC VIC MODEL
Andhra Pradesh,SPSR Nellore,2024-11-14,2024,11,24.5603686301,NRSC VIC MODEL
Andhra Pradesh,SPSR Nellore,2024-11-15,2024,11,8.7953945941,NRSC VIC MODEL
Andhra Pradesh,SPSR Nellore,2024-11-22,2024,11,0.002383256,NRSC VIC MODEL
Andhra Pradesh,SPSR Nellore,2024-12-03,2024,12,9.5775512153,NRSC VIC MODEL
Andhra Pradesh,SPSR Nellore,2024-12-11,2024,12,0.0450775336,NRSC VIC MODEL
Andhra Pradesh,SPSR Nellore,2024-12-13,2024,12,17.0294496948,NRSC VIC MODEL
Andhra Pradesh,SPSR Nellore,2024-12-14,2024,12,0.0182564112,NRSC VIC MODEL
Andhra Pradesh,SPSR Nellore,2024-12-19,2024,12,2.0516926127,NRSC VIC MODEL
Andhra Pradesh,SPSR Nellore,2024-12-27,2024,12,6.6328659788,NRSC VIC MODEL
Andhra Pradesh,Srikakulam,2024-01-03,2024,01,0.0,NRSC VIC MODEL
Andhra Pradesh,Srikakulam,2024-01-13,2024,01,0.0,NRSC VIC MODEL
Andhra Pradesh,Srikakulam,2024-01-14,2024,01,0.0,NRSC VIC MODEL
Andhra Pradesh,Srikakulam,2024-01-18,2024,01,0.0,NRSC VIC MODEL
Andhra Pradesh,Srikakulam,2024-01-19,2024,01,0.0,NRSC VIC MODEL
Andhra Pradesh,Srikakulam,2024-01-30,2024,01,0.0,NRSC VIC MODEL
Andhra Pradesh,Srikakulam,2024-02-01,2024,02,1.0171e-06,NRSC VIC MODEL
Andhra Pradesh,Srikakulam,2024-02-02,2024,02,0.173975636,NRSC VIC MODEL
Andhra Pradesh,Srikakulam,2024-02-04,2024,02,0.0,NRSC VIC MODEL
Andhra Pradesh,Srikakulam,2024-02-14,2024,02,0.0,NRSC VIC MODEL
Andhra Pradesh,Srikakulam,2024-03-02,2024,03,0.0,NRSC VIC MODEL
Andhra Pradesh,Srikakulam,2024-03-07,2024,03,0.009201688,NRSC VIC MODEL
Andhra Pradesh,Srikakulam,2024-03-12,2024,03,7.05077e-05,NRSC VIC MODEL
Andhra Pradesh,Srikakulam,2024-03-15,2024,03,0.0097223382,NRSC VIC MODEL
Andhra Pradesh,Srikakulam,2024-03-24,2024,03,0.0444695186,NRSC VIC MODEL
Andhra Pradesh,Srikakulam,2024-04-03,2024,04,1.014e-07,NRSC VIC MODEL
Andhra Pradesh,Srikakulam,2024-04-07,2024,04,0.0926282137,NRSC VIC MODEL
Andhra Pradesh,Srikakulam,2024-04-08,2024,04,0.0985667527,NRSC VIC MODEL
Andhra Pradesh,Srikakulam,2024-04-12,2024,04,0.0012778516,NRSC VIC MODEL
Andhra Pradesh,Srikakulam,2024-04-14,2024,04,0.6676803828,NRSC VIC MODEL
Andhra Pradesh,Srikakulam,2024-04-20,2024,04,0.0182754742,NRSC VIC MODEL
Andhra Pradesh,Srikakulam,2024-04-25,2024,04,1.9039548688,NRSC VIC MODEL
Andhra Pradesh,Srikakulam,2024-05-05,2024,05,4.59e-07,NRSC VIC MODEL
Andhra Pradesh,Srikakulam,2024-05-09,2024,05,0.029627316,NRSC VIC MODEL
Andhra Pradesh,Srikakulam,2024-05-13,2024,05,0.0931440148,NRSC VIC MODEL
Andhra Pradesh,Srikakulam,2024-05-24,2024,05,8.5467e-05,NRSC VIC MODEL
Andhra Pradesh,Srikakulam,2024-05-25,2024,05,1.5178972215,NRSC VIC MODEL
Andhra Pradesh,Srikakulam,2024-05-27,2024,05,0.0,NRSC VIC MODEL
Andhra Pradesh,Srikakulam,2024-06-01,2024,06,17.49805055,NRSC VIC MODEL
Andhra Pradesh,Srikakulam,2024-06-11,2024,06,7.02681e-05,NRSC VIC MODEL
Andhra Pradesh,Srikakulam,2024-06-15,2024,06,6.3508355196,NRSC VIC MODEL
Andhra Pradesh,Srikakulam,2024-06-23,2024,06,1.2106856919,NRSC VIC MODEL
Andhra Pradesh,Srikakulam,2024-06-24,2024,06,0.0138441415,NRSC VIC MODEL
Andhra Pradesh,Srikakulam,2024-06-25,2024,06,0.3701410345,NRSC VIC MODEL
Andhra Pradesh,Srikakulam,2024-06-30,2024,06,0.6568663081,NRSC VIC MODEL
Andhra Pradesh,Srikakulam,2024-07-02,2024,07,0.187417579,NRSC VIC MODEL
Andhra Pradesh,Srikakulam,2024-08-02,2024,08,3.5687564485,NRSC VIC MODEL
Andhra Pradesh,Srikakulam,2024-08-03,2024,08,2.2874699857,NRSC VIC MODEL
Andhra Pradesh,Srikakulam,2024-08-20,2024,08,2.3972727883,NRSC VIC MODEL
Andhra Pradesh,Vizianagaram,2024-12-07,2024,12,1.7681e-06,NRSC VIC MODEL
Andhra Pradesh,Vizianagaram,2024-12-08,2024,12,0.446620146,NRSC VIC MODEL
Andhra Pradesh,Vizianagaram,2024-12-09,2024,12,0.3922120238,NRSC VIC MODEL
Andhra Pradesh,Vizianagaram,2024-12-14,2024,12,0.0,NRSC VIC MODEL
Andhra Pradesh,Vizianagaram,2024-12-15,2024,12,0.0037807201,NRSC VIC MODEL
Andhra Pradesh,Vizianagaram,2024-12-18,2024,12,2.5735116435,NRSC VIC MODEL
Andhra Pradesh,Vizianagaram,2024-12-23,2024,12,0.0052040409,NRSC VIC MODEL
Andhra Pradesh,Vizianagaram,2024-12-25,2024,12,15.3427464575,NRSC VIC MODEL
Andhra Pradesh,West Godavari,2024-01-10,2024,01,0.0560921972,NRSC VIC MODEL
Andhra Pradesh,West Godavari,2024-01-16,2024,01,0.0,NRSC VIC MODEL
Andhra Pradesh,West Godavari,2024-01-19,2024,01,0.0,NRSC VIC MODEL
Andhra Pradesh,West Godavari,2024-01-22,2024,01,0.0,NRSC VIC MODEL
Andhra Pradesh,West Godavari,2024-02-08,2024,02,0.0,NRSC VIC MODEL
Andhra Pradesh,West Godavari,2024-02-12,2024,02,0.0,NRSC VIC MODEL
Andhra Pradesh,West Godavari,2024-02-14,2024,02,1.24013e-05,NRSC VIC MODEL
Andhra Pradesh,West Godavari,2024-02-19,2024,02,0.0,NRSC VIC MODEL
Andhra Pradesh,West Godavari,2024-02-25,2024,02,0.0001749399,NRSC VIC MODEL
Andhra Pradesh,West Godavari,2024-02-26,2024,02,0.0,NRSC VIC MODEL
Andhra Pradesh,West Godavari,2024-03-05,2024,03,0.0,NRSC VIC MODEL
Andhra Pradesh,West Godavari,2024-03-16,2024,03,0.0023048484,NRSC VIC MODEL
Andhra Pradesh,West Godavari,2024-03-17,2024,03,0.0002546348,NRSC VIC MODEL
Andhra Pradesh,West Godavari,2024-03-18,2024,03,0.0015883818,NRSC VIC MODEL
Andhra Pradesh,West Godavari,2024-03-29,2024,03,0.1539110798,NRSC VIC MODEL
Andhra Pradesh,West Godavari,2024-04-11,2024,04,0.0364105125,NRSC VIC MODEL
Andhra Pradesh,West Godavari,2024-04-12,2024,04,0.0075066311,NRSC VIC MODEL
Andhra Pradesh,West Godavari,2024-04-16,2024,04,0.0,NRSC VIC MODEL
Andhra Pradesh,West Godavari,2024-04-20,2024,04,0.0030066277,NRSC VIC MODEL
Andhra Pradesh,West Godavari,2024-04-22,2024,04,0.4246794452,NRSC VIC MODEL
Andhra Pradesh,West Godavari,2024-05-01,2024,05,0.0,NRSC VIC MODEL
Andhra Pradesh,West Godavari,2024-05-03,2024,05,0.0,NRSC VIC MODEL
Andhra Pradesh,West Godavari,2024-05-07,2024,05,0.0076470761,NRSC VIC MODEL
Andhra Pradesh,West Godavari,2024-05-08,2024,05,17.346968216,NRSC VIC MODEL
Andhra Pradesh,West Godavari,2024-05-10,2024,05,7.0984116682,NRSC VIC MODEL
Andhra Pradesh,West Godavari,2024-05-11,2024,05,7.1104257113,NRSC VIC MODEL
Andhra Pradesh,West Godavari,2024-05-17,2024,05,3.1234551813,NRSC VIC MODEL
Andhra Pradesh,West Godavari,2024-05-21,2024,05,1.5991618712,NRSC VIC MODEL
Andhra Pradesh,West Godavari,2024-05-27,2024,05,0.0,NRSC VIC MODEL
Andhra Pradesh,West Godavari,2024-05-28,2024,05,0.0,NRSC VIC MODEL
Andhra Pradesh,West Godavari,2024-05-29,2024,05,0.0,NRSC VIC MODEL
Andhra Pradesh,West Godavari,2024-05-30,2024,05,0.0,NRSC VIC MODEL
Andhra Pradesh,West Godavari,2024-06-06,2024,06,35.2286758071,NRSC VIC MODEL
Andhra Pradesh,West Godavari,2024-06-12,2024,06,0.2218417053,NRSC VIC MODEL
Andhra Pradesh,West Godavari,2024-06-13,2024,06,0.0345878653,NRSC VIC MODEL
Andhra Pradesh,West Godavari,2024-06-15,2024,06,5.9381078958,NRSC VIC MODEL
Andhra Pradesh,West Godavari,2024-06-21,2024,06,0.3826247756,NRSC VIC MODEL
Andhra Pradesh,West Godavari,2024-06-24,2024,06,5.4698996192,NRSC VIC MODEL
Andhra Pradesh,West Godavari,2024-06-26,2024,06,0.4357104918,NRSC VIC MODEL
Andhra Pradesh,West Godavari,2024-06-30,2024,06,29.7554494453,NRSC VIC MODEL
Andhra Pradesh,West Godavari,2024-07-03,2024,07,4.3283959101,NRSC VIC MODEL
Andhra Pradesh,West Godavari,2024-07-09,2024,07,4.6246396686,NRSC VIC MODEL
Andhra Pradesh,West Godavari,2024-07-29,2024,07,4.6168670413,NRSC VIC MODEL
Andhra Pradesh,West Godavari,2024-07-30,2024,07,13.2408615495,NRSC VIC MODEL
Andhra Pradesh,West Godavari,2024-08-03,2024,08,5.6278982064,NRSC VIC MODEL
Andhra Pradesh,West Godavari,2024-08-04,2024,08,14.8811076492,NRSC VIC MODEL
Andhra Pradesh,West Godavari,2024-08-09,2024,08,6.3444250283,NRSC VIC MODEL
Andhra Pradesh,West Godavari,2024-09-02,2024,09,1.1736862636,NRSC VIC MODEL
Andhra Pradesh,West Godavari,2024-09-08,2024,09,0.3877055934,NRSC VIC MODEL
Andhra Pradesh,West Godavari,2024-09-10,2024,09,4.9718185884,NRSC VIC MODEL
Andhra Pradesh,West Godavari,2024-09-11,2024,09,0.3861533097,NRSC VIC MODEL
Andhra Pradesh,West Godavari,2024-09-13,2024,09,0.9686656997,NRSC VIC MODEL
Andhra Pradesh,West Godavari,2024-09-17,2024,09,0.8608728277,NRSC VIC MODEL
Andhra Pradesh,West Godavari,2024-09-19,2024,09,0.4632094559,NRSC VIC MODEL
Andhra Pradesh,West Godavari,2024-09-29,2024,09,3.1871316309,NRSC VIC MODEL
Andhra Pradesh,West Godavari,2024-09-30,2024,09,2.9235979125,NRSC VIC MODEL
Andhra Pradesh,West Godavari,2024-10-08,2024,10,7.1774955805,NRSC VIC MODEL
Andhra Pradesh,West Godavari,2024-10-11,2024,10,14.1949512675,NRSC VIC MODEL
Andhra Pradesh,West Godavari,2024-10-13,2024,10,4.5783080852,NRSC VIC MODEL
Andhra Pradesh,West Godavari,2024-10-24,2024,10,0.0398625369,NRSC VIC MODEL
Andhra Pradesh,West Godavari,2024-10-29,2024,10,0.0494840934,NRSC VIC MODEL
Andhra Pradesh,West Godavari,2024-11-05,2024,11,0.001503557,NRSC VIC MODEL
Andhra Pradesh,West Godavari,2024-11-06,2024,11,0.0474647708,NRSC VIC MODEL
Andhra Pradesh,West Godavari,2024-11-10,2024,11,0.5920471299,NRSC VIC MODEL
Andhra Pradesh,West Godavari,2024-11-15,2024,11,0.1723575378,NRSC VIC MODEL
Andhra Pradesh,West Godavari,2024-11-18,2024,11,0.0,NRSC VIC MODEL
Andhra Pradesh,West Godavari,2024-11-28,2024,11,0.0,NRSC VIC MODEL
Andhra Pradesh,West Godavari,2024-11-29,2024,11,0.0191503125,NRSC VIC MODEL
Andhra Pradesh,West Godavari,2024-11-30,2024,11,1.4741096684,NRSC VIC MODEL
Andhra Pradesh,West Godavari,2024-12-13,2024,12,0.1865260431,NRSC VIC MODEL
Andhra Pradesh,West Godavari,2024-12-15,2024,12,0.018664246,NRSC VIC MODEL
Andhra Pradesh,West Godavari,2024-12-23,2024,12,0.0,NRSC VIC MODEL
Andhra Pradesh,West Godavari,2024-12-24,2024,12,2.0249167063,NRSC VIC MODEL
Andhra Pradesh,Y.S.R.,2024-01-10,2024,01,1.54486e-05,NRSC VIC MODEL
Andhra Pradesh,Y.S.R.,2024-01-12,2024,01,0.0,NRSC VIC MODEL
Andhra Pradesh,Y.S.R.,2024-01-21,2024,01,0.0,NRSC VIC MODEL
Andhra Pradesh,Y.S.R.,2024-01-31,2024,01,0.0,NRSC VIC MODEL
Andhra Pradesh,Y.S.R.,2024-02-08,2024,02,0.0,NRSC VIC MODEL
Andhra Pradesh,Y.S.R.,2024-02-11,2024,02,0.0005627426,NRSC VIC MODEL
Andhra Pradesh,Y.S.R.,2024-02-20,2024,02,0.0,NRSC VIC MODEL
Andhra Pradesh,Y.S.R.,2024-02-21,2024,02,0.0038084664,NRSC VIC MODEL
Andhra Pradesh,Y.S.R.,2024-02-23,2024,02,0.0022551459,NRSC VIC MODEL
Andhra Pradesh,Y.S.R.,2024-02-25,2024,02,0.0,NRSC VIC MODEL
Andhra Pradesh,Y.S.R.,2024-02-28,2024,02,0.0,NRSC VIC MODEL
Andhra Pradesh,Y.S.R.,2024-03-05,2024,03,0.0,NRSC VIC MODEL
Andhra Pradesh,Y.S.R.,2024-03-10,2024,03,0.0,NRSC VIC MODEL
Andhra Pradesh,Y.S.R.,2024-03-15,2024,03,0.0,NRSC VIC MODEL
Andhra Pradesh,Y.S.R.,2024-03-19,2024,03,0.0,NRSC VIC MODEL
Andhra Pradesh,Y.S.R.,2024-03-28,2024,03,0.0,NRSC VIC MODEL
Andhra Pradesh,Y.S.R.,2024-04-07,2024,04,0.0031428067,NRSC VIC MODEL
Andhra Pradesh,Y.S.R.,2024-04-08,2024,04,0.0004028018,NRSC VIC MODEL
Andhra Pradesh,Y.S.R.,2024-04-09,2024,04,0.0,NRSC VIC MODEL
Andhra Pradesh,Y.S.R.,2024-04-20,2024,04,0.0233752475,NRSC VIC MODEL
Andhra Pradesh,Y.S.R.,2024-04-21,2024,04,0.071676431,NRSC VIC MODEL
Andhra Pradesh,Y.S.R.,2024-04-22,2024,04,0.0029633127,NRSC VIC MODEL
Andhra Pradesh,Y.S.R.,2024-04-26,2024,04,0.0,NRSC VIC MODEL
Andhra Pradesh,Y.S.R.,2024-04-27,2024,04,0.0,NRSC VIC MODEL
Andhra Pradesh,Y.S.R.,2024-05-02,2024,05,0.0002681003,NRSC VIC MODEL
Andhra Pradesh,Y.S.R.,2024-05-05,2024,05,0.0034892248,NRSC VIC MODEL
Andhra Pradesh,Y.S.R.,2024-05-10,2024,05,0.8595365497,NRSC VIC MODEL
Andhra Pradesh,Y.S.R.,2024-05-13,2024,05,0.1978877403,NRSC VIC MODEL
Andhra Pradesh,Y.S.R.,2024-05-15,2024,05,0.0963506565,NRSC VIC MODEL
Andhra Pradesh,Y.S.R.,2024-06-03,2024,06,6.9678093882,NRSC VIC MODEL
Andhra Pradesh,Y.S.R.,2024-06-19,2024,06,3.2954878297,NRSC VIC MODEL
Andhra Pradesh,Y.S.R.,2024-06-27,2024,06,1.4470407131,NRSC VIC MODEL
Andhra Pradesh,Y.S.R.,2024-07-31,2024,07,0.0720747477,NRSC VIC MODEL
Andhra Pradesh,Y.S.R.,2024-08-03,2024,08,0.4313388158,NRSC VIC MODEL
Andhra Pradesh,Y.S.R.,2024-08-07,2024,08,24.3675346338,NRSC VIC MODEL
Andhra Pradesh,Y.S.R.,2024-08-16,2024,08,8.2266716642,NRSC VIC MODEL
Andhra Pradesh,Y.S.R.,2024-08-20,2024,08,2.5136866227,NRSC VIC MODEL
Andhra Pradesh,Y.S.R.,2024-08-21,2024,08,3.4783408875,NRSC VIC MODEL
Andhra Pradesh,Y.S.R.,2024-08-29,2024,08,4.9438935318,NRSC VIC MODEL
Andhra Pradesh,Y.S.R.,2024-09-03,2024,09,1.3066938146,NRSC VIC MODEL
Andhra Pradesh,Y.S.R.,2024-09-10,2024,09,0.069093863,NRSC VIC MODEL
Andhra Pradesh,Y.S.R.,2024-09-11,2024,09,0.0415188282,NRSC VIC MODEL
Andhra Pradesh,Y.S.R.,2024-09-16,2024,09,0.0297134636,NRSC VIC MODEL
Andhra Pradesh,Y.S.R.,2024-09-18,2024,09,0.0229320202,NRSC VIC MODEL
Andhra Pradesh,Y.S.R.,2024-09-29,2024,09,1.0927889635,NRSC VIC MODEL
Andhra Pradesh,Y.S.R.,2024-10-05,2024,10,9.1134869334,NRSC VIC MODEL
Andhra Pradesh,Y.S.R.,2024-10-06,2024,10,2.394133396,NRSC VIC MODEL
Andhra Pradesh,Y.S.R.,2024-10-09,2024,10,0.3723137761,NRSC VIC MODEL
Andhra Pradesh,Y.S.R.,2024-10-16,2024,10,18.5536688209,NRSC VIC MODEL
Andhra Pradesh,Y.S.R.,2024-10-18,2024,10,12.2466010513,NRSC VIC MODEL
Andhra Pradesh,Y.S.R.,2024-10-20,2024,10,12.2994827833,NRSC VIC MODEL
Andhra Pradesh,Y.S.R.,2024-10-22,2024,10,9.6623286986,NRSC VIC MODEL
Andhra Pradesh,Y.S.R.,2024-10-24,2024,10,1.8227754297,NRSC VIC MODEL
Andhra Pradesh,Y.S.R.,2024-10-26,2024,10,0.943693301,NRSC VIC MODEL
Andhra Pradesh,Y.S.R.,2024-10-29,2024,10,0.0347288437,NRSC VIC MODEL
Andhra Pradesh,Y.S.R.,2024-10-30,2024,10,0.7279572041,NRSC VIC MODEL
Andhra Pradesh,Y.S.R.,2024-11-04,2024,11,0.4582269767,NRSC VIC MODEL
Andhra Pradesh,Y.S.R.,2024-11-11,2024,11,0.8116610031,NRSC VIC MODEL
Andhra Pradesh,Y.S.R.,2024-11-15,2024,11,9.8011056126,NRSC VIC MODEL
Andhra Pradesh,Y.S.R.,2024-11-20,2024,11,0.0,NRSC VIC MODEL
Andhra Pradesh,Y.S.R.,2024-12-01,2024,12,15.593726387,NRSC VIC MODEL
Andhra Pradesh,Y.S.R.,2024-12-08,2024,12,0.143379118,NRSC VIC MODEL
Andhra Pradesh,Y.S.R.,2024-12-13,2024,12,15.4264530246,NRSC VIC MODEL
Andhra Pradesh,Y.S.R.,2024-12-15,2024,12,0.0,NRSC VIC MODEL
Andhra Pradesh,Y.S.R.,2024-12-24,2024,12,0.0,NRSC VIC MODEL
Andhra Pradesh,Anantapur,2024-01-08,2024,01,0.0034459176,NRSC VIC MODEL
Andhra Pradesh,Anantapur,2024-01-09,2024,01,0.8267023523,NRSC VIC MODEL
Andhra Pradesh,Anantapur,2024-01-18,2024,01,0.0,NRSC VIC MODEL
Andhra Pradesh,Anantapur,2024-01-30,2024,01,0.0,NRSC VIC MODEL
Andhra Pradesh,Anantapur,2024-02-05,2024,02,0.0,NRSC VIC MODEL
Andhra Pradesh,Anantapur,2024-02-11,2024,02,0.0007764162,NRSC VIC MODEL
Andhra Pradesh,Anantapur,2024-02-14,2024,02,7.31828e-05,NRSC VIC MODEL
Andhra Pradesh,Anantapur,2024-02-18,2024,02,0.0003058408,NRSC VIC MODEL
Andhra Pradesh,Anantapur,2024-02-23,2024,02,0.004660182,NRSC VIC MODEL
Andhra Pradesh,Anantapur,2024-02-25,2024,02,5.43018e-05,NRSC VIC MODEL
Andhra Pradesh,Anantapur,2024-02-27,2024,02,0.0,NRSC VIC MODEL
Andhra Pradesh,Anantapur,2024-03-02,2024,03,0.0,NRSC VIC MODEL
Andhra Pradesh,Anantapur,2024-03-05,2024,03,0.0013204904,NRSC VIC MODEL
Andhra Pradesh,Anantapur,2024-03-07,2024,03,0.0004774348,NRSC VIC MODEL
Andhra Pradesh,Anantapur,2024-03-08,2024,03,0.0,NRSC VIC MODEL
Andhra Pradesh,Anantapur,2024-03-09,2024,03,0.0,NRSC VIC MODEL
Andhra Pradesh,Anantapur,2024-03-20,2024,03,0.0,NRSC VIC MODEL
Andhra Pradesh,Anantapur,2024-03-23,2024,03,0.0,NRSC VIC MODEL
Andhra Pradesh,Anantapur,2024-03-30,2024,03,0.0,NRSC VIC MODEL
Andhra Pradesh,Anantapur,2024-04-03,2024,04,1.48678e-05,NRSC VIC MODEL
Andhra Pradesh,Anantapur,2024-04-04,2024,04,0.1016211459,NRSC VIC MODEL
Andhra Pradesh,Anantapur,2024-04-07,2024,04,0.0072744102,NRSC VIC MODEL
Andhra Pradesh,Anantapur,2024-04-13,2024,04,0.1064430128,NRSC VIC MODEL
Andhra Pradesh,Anantapur,2024-04-17,2024,04,0.0,NRSC VIC MODEL
Andhra Pradesh,Anantapur,2024-04-24,2024,04,0.0001561626,NRSC VIC MODEL
Andhra Pradesh,Anantapur,2024-04-25,2024,04,0.0005621908,NRSC VIC MODEL
Andhra Pradesh,Anantapur,2024-05-09,2024,05,0.0050218209,NRSC VIC MODEL
Andhra Pradesh,Anantapur,2024-05-12,2024,05,0.061322195,NRSC VIC MODEL
Andhra Pradesh,Anantapur,2024-05-14,2024,05,1.2225936527,NRSC VIC MODEL
Andhra Pradesh,Anantapur,2024-05-19,2024,05,7.5656274322,NRSC VIC MODEL
Andhra Pradesh,Anantapur,2024-05-21,2024,05,18.1617451468,NRSC VIC MODEL
Andhra Pradesh,Anantapur,2024-05-22,2024,05,1.7430261443,NRSC VIC MODEL
Andhra Pradesh,Anantapur,2024-05-23,2024,05,0.0010646603,NRSC VIC MODEL
Andhra Pradesh,Anantapur,2024-05-30,2024,05,0.0,NRSC VIC MODEL
Andhra Pradesh,Anantapur,2024-05-31,2024,05,0.0,NRSC VIC MODEL
Andhra Pradesh,Anantapur,2024-06-03,2024,06,18.7681850662,NRSC VIC MODEL
Andhra Pradesh,Anantapur,2024-06-11,2024,06,8.1276948855,NRSC VIC MODEL
Andhra Pradesh,Anantapur,2024-06-28,2024,06,0.4549825288,NRSC VIC MODEL
Andhra Pradesh,Anantapur,2024-06-30,2024,06,1.2002072912,NRSC VIC MODEL
Andhra Pradesh,Anantapur,2024-07-02,2024,07,1.4689589045,NRSC VIC MODEL
Andhra Pradesh,Anantapur,2024-07-05,2024,07,0.3007686087,NRSC VIC MODEL
Andhra Pradesh,Anantapur,2024-07-08,2024,07,0.4154910982,NRSC VIC MODEL
Andhra Pradesh,Anantapur,2024-07-14,2024,07,2.7502265684,NRSC VIC MODEL
Andhra Pradesh,Anantapur,2024-07-17,2024,07,0.5130782,NRSC VIC MODEL
Andhra Pradesh,Anantapur,2024-07-18,2024,07,0.6110216943,NRSC VIC MODEL
Andhra Pradesh,Anantapur,2024-07-21,2024,07,1.6104374059,NRSC VIC MODEL
Andhra Pradesh,Anantapur,2024-07-22,2024,07,2.2848083024,NRSC VIC MODEL
Andhra Pradesh,Anantapur,2024-08-11,2024,08,0.272542775,NRSC VIC MODEL
Andhra Pradesh,Anantapur,2024-08-12,2024,08,1.4728226404,NRSC VIC MODEL
Andhra Pradesh,Anantapur,2024-08-14,2024,08,8.4893875724,NRSC VIC MODEL
Andhra Pradesh,Anantapur,2024-08-21,2024,08,4.9646019207,NRSC VIC MODEL
Andhra Pradesh,Anantapur,2024-08-23,2024,08,1.7814378013,NRSC VIC MODEL
Andhra Pradesh,Anantapur,2024-09-01,2024,09,1.0624425353,NRSC VIC MODEL
Andhra Pradesh,Anantapur,2024-09-02,2024,09,2.3803431314,NRSC VIC MODEL
Andhra Pradesh,Anantapur,2024-09-07,2024,09,2.2461704917,NRSC VIC MODEL
Andhra Pradesh,Anantapur,2024-09-09,2024,09,0.3596457897,NRSC VIC MODEL
Andhra Pradesh,Anantapur,2024-09-18,2024,09,0.0086476598,NRSC VIC MODEL
Andhra Pradesh,Anantapur,2024-09-21,2024,09,4.3557015879,NRSC VIC MODEL
Andhra Pradesh,Anantapur,2024-09-25,2024,09,4.4766220804,NRSC VIC MODEL
Andhra Pradesh,Anantapur,2024-09-28,2024,09,3.5038095403,NRSC VIC MODEL
Andhra Pradesh,Anantapur,2024-10-04,2024,10,13.4291626336,NRSC VIC MODEL
Andhra Pradesh,Anantapur,2024-10-07,2024,10,3.7921907114,NRSC VIC MODEL
Andhra Pradesh,Anantapur,2024-10-08,2024,10,0.0278650505,NRSC VIC MODEL
Andhra Pradesh,Anantapur,2024-10-14,2024,10,7.8230739154,NRSC VIC MODEL
Andhra Pradesh,Anantapur,2024-10-22,2024,10,38.8959951965,NRSC VIC MODEL
Andhra Pradesh,Anantapur,2024-10-28,2024,10,0.0,NRSC VIC MODEL
Andhra Pradesh,Anantapur,2024-10-29,2024,10,0.0412551292,NRSC VIC MODEL
Andhra Pradesh,Anantapur,2024-10-30,2024,10,0.3401022918,NRSC VIC MODEL
Andhra Pradesh,Anantapur,2024-10-31,2024,10,0.7503788968,NRSC VIC MODEL
Andhra Pradesh,Anantapur,2024-11-14,2024,11,0.0287346761,NRSC VIC MODEL
Andhra Pradesh,Anantapur,2024-11-16,2024,11,4.0193944701,NRSC VIC MODEL
Andhra Pradesh,Anantapur,2024-11-19,2024,11,0.0,NRSC VIC MODEL
Andhra Pradesh,Anantapur,2024-11-22,2024,11,0.0002177861,NRSC VIC MODEL
Andhra Pradesh,Anantapur,2024-11-23,2024,11,0.0,NRSC VIC MODEL
Andhra Pradesh,Anantapur,2024-11-27,2024,11,0.1780972854,NRSC VIC MODEL
Andhra Pradesh,Anantapur,2024-11-30,2024,11,0.3942874747,NRSC VIC MODEL
Andhra Pradesh,Anantapur,2024-12-02,2024,12,4.6631446363,NRSC VIC MODEL
Andhra Pradesh,Anantapur,2024-12-03,2024,12,13.1796142061,NRSC VIC MODEL
Andhra Pradesh,Anantapur,2024-12-05,2024,12,1.2848235865,NRSC VIC MODEL
Andhra Pradesh,Anantapur,2024-12-11,2024,12,0.002134919,NRSC VIC MODEL
Andhra Pradesh,Anantapur,2024-12-13,2024,12,1.6744778468,NRSC VIC MODEL
Andhra Pradesh,Anantapur,2024-12-19,2024,12,0.0033057097,NRSC VIC MODEL
Andhra Pradesh,Anantapur,2024-12-20,2024,12,1.0707582477,NRSC VIC MODEL
Andhra Pradesh,Anantapur,2024-12-23,2024,12,2.0111e-06,NRSC VIC MODEL
Andhra Pradesh,Anantapur,2024-12-26,2024,12,0.2267716268,NRSC VIC MODEL
Andhra Pradesh,Anantapur,2024-12-29,2024,12,0.0,NRSC VIC MODEL
Andhra Pradesh,Chittoor,2024-01-01,2024,01,0.3077136211,NRSC VIC MODEL
Andhra Pradesh,Chittoor,2024-01-13,2024,01,0.0,NRSC VIC MODEL
Andhra Pradesh,Chittoor,2024-01-17,2024,01,0.0,NRSC VIC MODEL
Andhra Pradesh,Chittoor,2024-01-18,2024,01,0.0,NRSC VIC MODEL
Andhra Pradesh,Chittoor,2024-01-21,2024,01,0.0,NRSC VIC MODEL
Andhra Pradesh,Chittoor,2024-02-01,2024,02,0.0,NRSC VIC MODEL
Andhra Pradesh,Chittoor,2024-02-06,2024,02,5.3838e-06,NRSC VIC MODEL
Andhra Pradesh,Chittoor,2024-02-08,2024,02,0.0003635042,NRSC VIC MODEL
Andhra Pradesh,Chittoor,2024-02-10,2024,02,0.0,NRSC VIC MODEL
Andhra Pradesh,Chittoor,2024-02-11,2024,02,2.6919e-06,NRSC VIC MODEL
Andhra Pradesh,Chittoor,2024-02-13,2024,02,0.0,NRSC VIC MODEL
Andhra Pradesh,Chittoor,2024-02-14,2024,02,0.0,NRSC VIC MODEL
Andhra Pradesh,Chittoor,2024-02-17,2024,02,0.0,NRSC VIC MODEL
Andhra Pradesh,Chittoor,2024-02-22,2024,02,0.0,NRSC VIC MODEL
Andhra Pradesh,Chittoor,2024-02-23,2024,02,0.0,NRSC VIC MODEL
Andhra Pradesh,Chittoor,2024-02-24,2024,02,0.0,NRSC VIC MODEL
Andhra Pradesh,Chittoor,2024-03-03,2024,03,0.0,NRSC VIC MODEL
Andhra Pradesh,Chittoor,2024-03-06,2024,03,0.0,NRSC VIC MODEL
Andhra Pradesh,Chittoor,2024-03-19,2024,03,3.64625e-05,NRSC VIC MODEL
Andhra Pradesh,Chittoor,2024-03-20,2024,03,0.0,NRSC VIC MODEL
Andhra Pradesh,Chittoor,2024-03-29,2024,03,0.0,NRSC VIC MODEL
Andhra Pradesh,Chittoor,2024-04-04,2024,04,0.0028027709,NRSC VIC MODEL
Andhra Pradesh,Chittoor,2024-04-06,2024,04,7.1024e-06,NRSC VIC MODEL
Andhra Pradesh,Chittoor,2024-04-09,2024,04,0.0,NRSC VIC MODEL
Andhra Pradesh,Chittoor,2024-04-13,2024,04,0.0600949308,NRSC VIC MODEL
Andhra Pradesh,Chittoor,2024-04-16,2024,04,0.0,NRSC VIC MODEL
Andhra Pradesh,Chittoor,2024-04-18,2024,04,2.6919e-06,NRSC VIC MODEL
Andhra Pradesh,Chittoor,2024-04-24,2024,04,0.0001973259,NRSC VIC MODEL
Andhra Pradesh,Chittoor,2024-04-25,2024,04,0.0,NRSC VIC MODEL
Andhra Pradesh,Chittoor,2024-04-29,2024,04,0.0008427941,NRSC VIC MODEL
Andhra Pradesh,Chittoor,2024-05-02,2024,05,0.0,NRSC VIC MODEL
Andhra Pradesh,Chittoor,2024-05-05,2024,05,1.9247316731,NRSC VIC MODEL
Andhra Pradesh,Chittoor,2024-05-09,2024,05,0.0199396711,NRSC VIC MODEL
Andhra Pradesh,Chittoor,2024-05-11,2024,05,0.1687143209,NRSC VIC MODEL
Andhra Pradesh,Chittoor,2024-05-15,2024,05,0.2817432062,NRSC VIC MODEL
Andhra Pradesh,Chittoor,2024-05-16,2024,05,0.8957090422,NRSC VIC MODEL
Andhra Pradesh,Chittoor,2024-05-22,2024,05,1.7029598285,NRSC VIC MODEL
Andhra Pradesh,Chittoor,2024-05-23,2024,05,1.1383207944,NRSC VIC MODEL
Andhra Pradesh,Chittoor,2024-05-28,2024,05,0.1224476555,NRSC VIC MODEL
Andhra Pradesh,Chittoor,2024-05-29,2024,05,0.4485955299,NRSC VIC MODEL
Andhra Pradesh,Chittoor,2024-06-03,2024,06,6.162096981,NRSC VIC MODEL
Andhra Pradesh,Chittoor,2024-06-06,2024,06,21.4304124252,NRSC VIC MODEL
Andhra Pradesh,Chittoor,2024-06-20,2024,06,13.6749763536,NRSC VIC MODEL
Andhra Pradesh,Chittoor,2024-06-27,2024,06,0.6741135749,NRSC VIC MODEL
Andhra Pradesh,Chittoor,2024-06-29,2024,06,0.0990421432,NRSC VIC MODEL
Andhra Pradesh,Chittoor,2024-07-01,2024,07,6.3889206107,NRSC VIC MODEL
Andhra Pradesh,Chittoor,2024-07-13,2024,07,1.1402891582,NRSC VIC MODEL
Andhra Pradesh,Chittoor,2024-07-17,2024,07,1.8748955338,NRSC VIC MODEL
Andhra Pradesh,Chittoor,2024-07-18,2024,07,3.3867182166,NRSC VIC MODEL
Andhra Pradesh,Chittoor,2024-07-23,2024,07,6.95655e-05,NRSC VIC MODEL
Andhra Pradesh,Chittoor,2024-07-24,2024,07,0.7107936449,NRSC VIC MODEL
Andhra Pradesh,Chittoor,2024-07-25,2024,07,0.0089329314,NRSC VIC MODEL
Andhra Pradesh,Chittoor,2024-07-27,2024,07,1.7978590804,NRSC VIC MODEL
Andhra Pradesh,Chittoor,2024-07-30,2024,07,8.2676240474,NRSC VIC MODEL
Andhra Pradesh,Chittoor,2024-07-31,2024,07,0.0401796697,NRSC VIC MODEL
Andhra Pradesh,Chittoor,2024-08-01,2024,08,1.7510481665,NRSC VIC MODEL
Andhra Pradesh,Chittoor,2024-08-04,2024,08,4.5595312003,NRSC VIC MODEL
Andhra Pradesh,Chittoor,2024-08-05,2024,08,5.9367555617,NRSC VIC MODEL
Andhra Pradesh,Chittoor,2024-08-08,2024,08,0.5863481619,NRSC VIC MODEL
Andhra Pradesh,Chittoor,2024-08-09,2024,08,3.4501606819,NRSC VIC MODEL
Andhra Pradesh,Chittoor,2024-08-16,2024,08,8.5000746992,NRSC VIC MODEL
Andhra Pradesh,Chittoor,2024-08-18,2024,08,5.5668093395,NRSC VIC MODEL
Andhra Pradesh,Chittoor,2024-08-19,2024,08,5.9616640834,NRSC VIC MODEL
Andhra Pradesh,Chittoor,2024-08-22,2024,08,2.5551743428,NRSC VIC MODEL
Andhra Pradesh,Chittoor,2024-08-27,2024,08,10.0161719872,NRSC VIC MODEL
Andhra Pradesh,Chittoor,2024-08-29,2024,08,2.9834418231,NRSC VIC MODEL
Andhra Pradesh,Chittoor,2024-09-13,2024,09,0.2404266595,NRSC VIC MODEL
Andhra Pradesh,Chittoor,2024-09-16,2024,09,0.0334317466,NRSC VIC MODEL
Andhra Pradesh,Chittoor,2024-09-18,2024,09,0.1576891384,NRSC VIC MODEL
Andhra Pradesh,Chittoor,2024-09-20,2024,09,1.6185628653,NRSC VIC MODEL
Andhra Pradesh,Chittoor,2024-09-21,2024,09,4.5059970236,NRSC VIC MODEL
Andhra Pradesh,Chittoor,2024-09-25,2024,09,6.9949032512,NRSC VIC MODEL
Andhra Pradesh,Chittoor,2024-09-27,2024,09,7.1771180297,NRSC VIC MODEL
Andhra Pradesh,Chittoor,2024-09-30,2024,09,0.3086882407,NRSC VIC MODEL
Andhra Pradesh,Chittoor,2024-10-02,2024,10,6.6081344575,NRSC VIC MODEL
Andhra Pradesh,Chittoor,2024-10-07,2024,10,6.5126663994,NRSC VIC MODEL
Andhra Pradesh,Chittoor,2024-10-23,2024,10,3.5575572346,NRSC VIC MODEL
Andhra Pradesh,Chittoor,2024-10-25,2024,10,0.0,NRSC VIC MODEL
Andhra Pradesh,Chittoor,2024-10-26,2024,10,0.2184100814,NRSC VIC MODEL
Andhra Pradesh,Chittoor,2024-10-29,2024,10,0.0038635652,NRSC VIC MODEL
Andhra Pradesh,Chittoor,2024-10-31,2024,10,2.2243555886,NRSC VIC MODEL
Andhra Pradesh,Chittoor,2024-11-18,2024,11,0.4007324154,NRSC VIC MODEL
Andhra Pradesh,Chittoor,2024-11-25,2024,11,0.0374286564,NRSC VIC MODEL
Andhra Pradesh,Chittoor,2024-12-02,2024,12,21.7206684674,NRSC VIC MODEL
Andhra Pradesh,Chittoor,2024-12-03,2024,12,19.9075194107,NRSC VIC MODEL
Andhra Pradesh,Chittoor,2024-12-04,2024,12,0.9094264239,NRSC VIC MODEL
Andhra Pradesh,Chittoor,2024-12-07,2024,12,0.0395541798,NRSC VIC MODEL
Andhra Pradesh,Chittoor,2024-12-10,2024,12,0.0,NRSC VIC MODEL
Andhra Pradesh,Chittoor,2024-12-19,2024,12,0.9032665782,NRSC VIC MODEL
Andhra Pradesh,Chittoor,2024-12-20,2024,12,1.8535572112,NRSC VIC MODEL
Andhra Pradesh,Chittoor,2024-12-23,2024,12,0.0,NRSC VIC MODEL
Andhra Pradesh,Chittoor,2024-12-28,2024,12,5.740668538,NRSC VIC MODEL
Andhra Pradesh,Chittoor,2024-12-29,2024,12,0.0094157575,NRSC VIC MODEL
Andhra Pradesh,Chittoor,2024-12-30,2024,12,0.0,NRSC VIC MODEL
Andhra Pradesh,East Godavari,2024-01-01,2024,01,0.0,NRSC VIC MODEL
Andhra Pradesh,East Godavari,2024-01-02,2024,01,0.0,NRSC VIC MODEL
Andhra Pradesh,East Godavari,2024-01-11,2024,01,4.68709e-05,NRSC VIC MODEL
Andhra Pradesh,East Godavari,2024-01-16,2024,01,0.0,NRSC VIC MODEL
Andhra Pradesh,East Godavari,2024-01-21,2024,01,0.0,NRSC VIC MODEL
Andhra Pradesh,East Godavari,2024-01-27,2024,01,0.0874338496,NRSC VIC MODEL
Andhra Pradesh,East Godavari,2024-02-03,2024,02,0.0707972009,NRSC VIC MODEL
Andhra Pradesh,East Godavari,2024-02-09,2024,02,0.0,NRSC VIC MODEL
Andhra Pradesh,East Godavari,2024-02-12,2024,02,0.0,NRSC VIC MODEL
Andhra Pradesh,East Godavari,2024-02-16,2024,02,0.0156786386,NRSC VIC MODEL
Andhra Pradesh,East Godavari,2024-02-28,2024,02,0.0,NRSC VIC MODEL
Andhra Pradesh,East Godavari,2024-03-02,2024,03,0.0134633835,NRSC VIC MODEL
Andhra Pradesh,East Godavari,2024-03-03,2024,03,0.0,NRSC VIC MODEL
Andhra Pradesh,East Godavari,2024-03-05,2024,03,0.0,NRSC VIC MODEL
Andhra Pradesh,East Godavari,2024-03-07,2024,03,0.0,NRSC VIC MODEL
Andhra Pradesh,East Godavari,2024-03-10,2024,03,5.0433e-06,NRSC VIC MODEL
Andhra Pradesh,East Godavari,2024-03-17,2024,03,0.0049370869,NRSC VIC MODEL
Andhra Pradesh,East Godavari,2024-03-28,2024,03,4.883e-06,NRSC VIC MODEL
Andhra Pradesh,East Godavari,2024-03-29,2024,03,0.0001070943,NRSC VIC MODEL
Andhra Pradesh,East Godavari,2024-04-06,2024,04,0.0,NRSC VIC MODEL
Andhra Pradesh,East Godavari,2024-04-17,2024,04,0.0,NRSC VIC MODEL
Andhra Pradesh,East Godavari,2024-04-26,2024,04,0.2826848167,NRSC VIC MODEL
Andhra Pradesh,East Godavari,2024-05-11,2024,05,7.0051587095,NRSC VIC MODEL
Andhra Pradesh,East Godavari,2024-05-16,2024,05,6.3420097411,NRSC VIC MODEL
Andhra Pradesh,East Godavari,2024-05-17,2024,05,3.416781197,NRSC VIC MODEL
Andhra Pradesh,East Godavari,2024-05-24,2024,05,2.5756580197,NRSC VIC MODEL
Andhra Pradesh,East Godavari,2024-05-29,2024,05,0.0,NRSC VIC MODEL
Andhra Pradesh,East Godavari,2024-06-04,2024,06,0.0651998737,NRSC VIC MODEL
Andhra Pradesh,East Godavari,2024-06-06,2024,06,21.5774327872,NRSC VIC MODEL
Andhra Pradesh,East Godavari,2024-06-14,2024,06,0.1398072041,NRSC VIC MODEL
Andhra Pradesh,East Godavari,2024-06-16,2024,06,1.4318042716,NRSC VIC MODEL
Andhra Pradesh,East Godavari,2024-06-18,2024,06,0.0059094006,NRSC VIC MODEL
Andhra Pradesh,East Godavari,2024-06-21,2024,06,0.4666720548,NRSC VIC MODEL
Andhra Pradesh,East Godavari,2024-06-29,2024,06,8.499372172,NRSC VIC MODEL
Andhra Pradesh,East Godavari,2024-07-24,2024,07,5.7085539248,NRSC VIC MODEL
Andhra Pradesh,East Godavari,2024-08-02,2024,08,7.8952277592,NRSC VIC MODEL
Andhra Pradesh,East Godavari,2024-08-03,2024,08,5.8023114181,NRSC VIC MODEL
Andhra Pradesh,East Godavari,2024-08-04,2024,08,11.0593702949,NRSC VIC MODEL
Andhra Pradesh,East Godavari,2024-08-05,2024,08,3.2743638219,NRSC VIC MODEL
Andhra Pradesh,East Godavari,2024-08-08,2024,08,35.936282153,NRSC VIC MODEL
Andhra Pradesh,East Godavari,2024-08-11,2024,08,3.8445823522,NRSC VIC MODEL
Andhra Pradesh,East Godavari,2024-08-15,2024,08,3.7984066675,NRSC VIC MODEL
Andhra Pradesh,East Godavari,2024-08-23,2024,08,13.7687783213,NRSC VIC MODEL
Andhra Pradesh,East Godavari,2024-09-01,2024,09,5.4096105904,NRSC VIC MODEL
Andhra Pradesh,East Godavari,2024-09-02,2024,09,1.3532310271,NRSC VIC MODEL
Andhra Pradesh,East Godavari,2024-09-07,2024,09,16.9148216394,NRSC VIC MODEL
Andhra Pradesh,East Godavari,2024-09-08,2024,09,0.8011530702,NRSC VIC MODEL
Andhra Pradesh,East Godavari,2024-09-12,2024,09,1.4073922511,NRSC VIC MODEL
Andhra Pradesh,East Godavari,2024-09-17,2024,09,0.9721433624,NRSC VIC MODEL
Andhra Pradesh,East Godavari,2024-09-18,2024,09,0.0374854561,NRSC VIC MODEL
Andhra Pradesh,East Godavari,2024-09-22,2024,09,10.5105995104,NRSC VIC MODEL
Andhra Pradesh,East Godavari,2024-10-04,2024,10,0.5886990976,NRSC VIC MODEL
Andhra Pradesh,East Godavari,2024-10-08,2024,10,4.3030708071,NRSC VIC MODEL
Andhra Pradesh,East Godavari,2024-10-14,2024,10,6.2228477396,NRSC VIC MODEL
Andhra Pradesh,East Godavari,2024-10-19,2024,10,9.6902388694,NRSC VIC MODEL
Andhra Pradesh,East Godavari,2024-10-27,2024,10,0.3923507619,NRSC VIC MODEL
Andhra Pradesh,East Godavari,2024-10-28,2024,10,0.0094725394,NRSC VIC MODEL
Andhra Pradesh,East Godavari,2024-11-06,2024,11,0.2166442536,NRSC VIC MODEL
Andhra Pradesh,East Godavari,2024-11-09,2024,11,0.7260642274,NRSC VIC MODEL
Andhra Pradesh,East Godavari,2024-11-12,2024,11,0.8446838642,NRSC VIC MODEL
Andhra Pradesh,East Godavari,2024-11-14,2024,11,0.3737782091,NRSC VIC MODEL
Andhra Pradesh,East Godavari,2024-11-24,2024,11,0.0,NRSC VIC MODEL
Andhra Pradesh,East Godavari,2024-12-02,2024,12,7.7833593987,NRSC VIC MODEL
Andhra Pradesh,East Godavari,2024-12-03,2024,12,3.4331397256,NRSC VIC MODEL
Andhra Pradesh,East Godavari,2024-12-08,2024,12,0.0,NRSC VIC MODEL
Andhra Pradesh,East Godavari,2024-12-09,2024,12,0.0162782186,NRSC VIC MODEL
Andhra Pradesh,East Godavari,2024-12-10,2024,12,0.0006090194,NRSC VIC MODEL
Andhra Pradesh,East Godavari,2024-12-12,2024,12,0.0056609474,NRSC VIC MODEL
Andhra Pradesh,East Godavari,2024-12-21,2024,12,1.1741953125,NRSC VIC MODEL
Andhra Pradesh,East Godavari,2024-12-24,2024,12,1.0074426314,NRSC VIC MODEL
Andhra Pradesh,East Godavari,2024-12-26,2024,12,0.19890835,NRSC VIC MODEL
Andhra Pradesh,East Godavari,2024-12-28,2024,12,6.23e-08,NRSC VIC MODEL
Andhra Pradesh,Guntur,2024-01-18,2024,01,0.0,NRSC VIC MODEL
Andhra Pradesh,Guntur,2024-01-19,2024,01,1.905e-07,NRSC VIC MODEL
Andhra Pradesh,Guntur,2024-01-27,2024,01,0.210059781,NRSC VIC MODEL
Andhra Pradesh,Guntur,2024-01-29,2024,01,0.0,NRSC VIC MODEL
Andhra Pradesh,Guntur,2024-02-01,2024,02,0.0,NRSC VIC MODEL
Andhra Pradesh,Guntur,2024-02-02,2024,02,0.2360203837,NRSC VIC MODEL
Andhra Pradesh,Guntur,2024-02-17,2024,02,0.0,NRSC VIC MODEL
Andhra Pradesh,Guntur,2024-02-18,2024,02,0.0140316278,NRSC VIC MODEL
Andhra Pradesh,Guntur,2024-02-23,2024,02,0.0,NRSC VIC MODEL
Andhra Pradesh,Guntur,2024-02-24,2024,02,0.2117565157,NRSC VIC MODEL
Andhra Pradesh,Guntur,2024-03-03,2024,03,0.0,NRSC VIC MODEL
Andhra Pradesh,Guntur,2024-03-10,2024,03,0.0070942905,NRSC VIC MODEL
Andhra Pradesh,Guntur,2024-03-24,2024,03,0.0,NRSC VIC MODEL
Andhra Pradesh,Guntur,2024-03-29,2024,03,0.0,NRSC VIC MODEL
Andhra Pradesh,Guntur,2024-04-04,2024,04,0.0,NRSC VIC MODEL
Andhra Pradesh,Guntur,2024-04-14,2024,04,0.0169664801,NRSC VIC MODEL
Andhra Pradesh,Guntur,2024-04-20,2024,04,0.8077282161,NRSC VIC MODEL
Andhra Pradesh,Guntur,2024-04-22,2024,04,0.0289279056,NRSC VIC MODEL
Andhra Pradesh,Guntur,2024-04-23,2024,04,0.0002197347,NRSC VIC MODEL
Andhra Pradesh,Guntur,2024-04-28,2024,04,0.0,NRSC VIC MODEL
Andhra Pradesh,Guntur,2024-05-04,2024,05,0.0011800866,NRSC VIC MODEL
Andhra Pradesh,Guntur,2024-05-06,2024,05,0.8375311018,NRSC VIC MODEL
Andhra Pradesh,Guntur,2024-05-08,2024,05,25.1637300557,NRSC VIC MODEL
Andhra Pradesh,Guntur,2024-05-09,2024,05,0.0,NRSC VIC MODEL
Andhra Pradesh,Guntur,2024-05-10,2024,05,2.1399374409,NRSC VIC MODEL
Andhra Pradesh,Guntur,2024-05-12,2024,05,0.037763586,NRSC VIC MODEL
Andhra Pradesh,Guntur,2024-05-14,2024,05,1.5481286884,NRSC VIC MODEL
Andhra Pradesh,Guntur,2024-05-27,2024,05,0.0,NRSC VIC MODEL
Andhra Pradesh,Guntur,2024-05-28,2024,05,0.0,NRSC VIC MODEL
Andhra Pradesh,Guntur,2024-05-29,2024,05,0.0,NRSC VIC MODEL
Andhra Pradesh,Guntur,2024-06-01,2024,06,0.0078958519,NRSC VIC MODEL
Andhra Pradesh,Guntur,2024-06-07,2024,06,6.2379883425,NRSC VIC MODEL
Andhra Pradesh,Guntur,2024-06-14,2024,06,6.8783294285,NRSC VIC MODEL
Andhra Pradesh,Guntur,2024-06-18,2024,06,3.8172120647,NRSC VIC MODEL
Andhra Pradesh,Guntur,2024-06-23,2024,06,1.0040919743,NRSC VIC MODEL
Andhra Pradesh,Guntur,2024-07-02,2024,07,1.2837855103,NRSC VIC MODEL
Andhra Pradesh,Guntur,2024-07-04,2024,07,0.4095941141,NRSC VIC MODEL
Andhra Pradesh,Guntur,2024-07-07,2024,07,2.2483945456,NRSC VIC MODEL
Andhra Pradesh,Guntur,2024-07-08,2024,07,0.6034247783,NRSC VIC MODEL
Andhra Pradesh,Guntur,2024-07-14,2024,07,0.3647561109,NRSC VIC MODEL
Andhra Pradesh,Guntur,2024-07-15,2024,07,2.613759355,NRSC VIC MODEL
Andhra Pradesh,Guntur,2024-07-19,2024,07,20.5287657765,NRSC VIC MODEL
Andhra Pradesh,Guntur,2024-07-20,2024,07,38.671797286,NRSC VIC MODEL
Andhra Pradesh,Guntur,2024-07-21,2024,07,9.5482473344,NRSC VIC MODEL
Andhra Pradesh,Guntur,2024-07-29,2024,07,2.7394871297,NRSC VIC MODEL
Andhra Pradesh,Guntur,2024-07-31,2024,07,11.7862895071,NRSC VIC MODEL
Andhra Pradesh,Guntur,2024-08-01,2024,08,5.7048366519,NRSC VIC MODEL
Andhra Pradesh,Guntur,2024-08-02,2024,08,2.7564189801,NRSC VIC MODEL
Andhra Pradesh,Guntur,2024-08-04,2024,08,3.6479816236,NRSC VIC MODEL
Andhra Pradesh,Guntur,2024-08-15,2024,08,3.5054972732,NRSC VIC MODEL
Andhra Pradesh,Guntur,2024-08-23,2024,08,6.7283111369,NRSC VIC MODEL
Andhra Pradesh,Guntur,2024-09-06,2024,09,13.8044965171,NRSC VIC MODEL
Andhra Pradesh,Guntur,2024-09-14,2024,09,0.1048515659,NRSC VIC MODEL
Andhra Pradesh,Guntur,2024-09-25,2024,09,9.5980221317,NRSC VIC MODEL
Andhra Pradesh,Guntur,2024-10-11,2024,10,19.7901811276,NRSC VIC MODEL
Andhra Pradesh,Guntur,2024-10-15,2024,10,9.5914209816,NRSC VIC MODEL
Andhra Pradesh,Guntur,2024-10-16,2024,10,11.3832771205,NRSC VIC MODEL
Andhra Pradesh,Guntur,2024-10-19,2024,10,9.8818641312,NRSC VIC MODEL
Andhra Pradesh,Guntur,2024-10-20,2024,10,15.4632858419,NRSC VIC MODEL
Andhra Pradesh,Guntur,2024-10-23,2024,10,1.8021937114,NRSC VIC MODEL
Andhra Pradesh,Guntur,2024-10-28,2024,10,0.0,NRSC VIC MODEL
Andhra Pradesh,Guntur,2024-10-30,2024,10,0.0007368593,NRSC VIC MODEL
Andhra Pradesh,Guntur,2024-11-03,2024,11,0.9218189683,NRSC VIC MODEL
Andhra Pradesh,Guntur,2024-11-13,2024,11,1.5552972212,NRSC VIC MODEL
Andhra Pradesh,Guntur,2024-11-15,2024,11,1.1376891235,NRSC VIC MODEL
Andhra Pradesh,Guntur,2024-11-16,2024,11,0.0072613533,NRSC VIC MODEL
Andhra Pradesh,Guntur,2024-11-17,2024,11,2.72e-08,NRSC VIC MODEL
Andhra Pradesh,Guntur,2024-11-18,2024,11,3.7548e-06,NRSC VIC MODEL
Andhra Pradesh,Guntur,2024-11-20,2024,11,0.0,NRSC VIC MODEL
Andhra Pradesh,Guntur,2024-12-01,2024,12,2.2788099773,NRSC VIC MODEL
Andhra Pradesh,Vizianagaram,2024-08-01,2024,08,5.5097018121,NRSC VIC MODEL
Andhra Pradesh,Vizianagaram,2024-08-04,2024,08,4.93482479,NRSC VIC MODEL
Andhra Pradesh,Vizianagaram,2024-08-10,2024,08,3.9829977915,NRSC VIC MODEL
Andhra Pradesh,Vizianagaram,2024-08-11,2024,08,2.221417223,NRSC VIC MODEL
Andhra Pradesh,Vizianagaram,2024-08-14,2024,08,12.9371339617,NRSC VIC MODEL
Andhra Pradesh,Vizianagaram,2024-08-15,2024,08,7.6655109288,NRSC VIC MODEL
Andhra Pradesh,Vizianagaram,2024-08-18,2024,08,6.9338081369,NRSC VIC MODEL
Andhra Pradesh,Vizianagaram,2024-08-19,2024,08,5.485569012,NRSC VIC MODEL
Andhra Pradesh,Vizianagaram,2024-08-22,2024,08,11.0826635647,NRSC VIC MODEL
Andhra Pradesh,Vizianagaram,2024-09-12,2024,09,0.6178292746,NRSC VIC MODEL
Andhra Pradesh,Vizianagaram,2024-09-14,2024,09,5.9527654704,NRSC VIC MODEL
Andhra Pradesh,Vizianagaram,2024-09-16,2024,09,1.3716497909,NRSC VIC MODEL
Andhra Pradesh,Vizianagaram,2024-09-18,2024,09,4.2139922721,NRSC VIC MODEL
Andhra Pradesh,Vizianagaram,2024-09-23,2024,09,17.7961555158,NRSC VIC MODEL
Andhra Pradesh,Vizianagaram,2024-09-25,2024,09,10.9831850796,NRSC VIC MODEL
Andhra Pradesh,Vizianagaram,2024-09-28,2024,09,4.2124479895,NRSC VIC MODEL
Andhra Pradesh,Vizianagaram,2024-10-04,2024,10,0.0875579263,NRSC VIC MODEL
Andhra Pradesh,Vizianagaram,2024-10-12,2024,10,0.2677697521,NRSC VIC MODEL
Andhra Pradesh,Vizianagaram,2024-10-17,2024,10,8.0322949466,NRSC VIC MODEL
Andhra Pradesh,Vizianagaram,2024-10-28,2024,10,11.171786394,NRSC VIC MODEL
Andhra Pradesh,Vizianagaram,2024-10-29,2024,10,0.3360565022,NRSC VIC MODEL
Andhra Pradesh,Vizianagaram,2024-10-31,2024,10,0.0021483627,NRSC VIC MODEL
Andhra Pradesh,Vizianagaram,2024-11-02,2024,11,4.8909357648,NRSC VIC MODEL
Andhra Pradesh,Vizianagaram,2024-11-03,2024,11,0.0025042833,NRSC VIC MODEL
Andhra Pradesh,Vizianagaram,2024-11-06,2024,11,0.1838205606,NRSC VIC MODEL
Andhra Pradesh,Vizianagaram,2024-11-11,2024,11,0.7701074737,NRSC VIC MODEL
Andhra Pradesh,Vizianagaram,2024-11-13,2024,11,0.0142832663,NRSC VIC MODEL
Andhra Pradesh,Vizianagaram,2024-11-16,2024,11,8.20896e-05,NRSC VIC MODEL
Andhra Pradesh,Vizianagaram,2024-11-17,2024,11,0.0,NRSC VIC MODEL
Andhra Pradesh,Vizianagaram,2024-11-20,2024,11,0.0,NRSC VIC MODEL
Andhra Pradesh,Vizianagaram,2024-11-24,2024,11,0.0,NRSC VIC MODEL
Andhra Pradesh,Vizianagaram,2024-11-26,2024,11,0.0,NRSC VIC MODEL
Andhra Pradesh,Vizianagaram,2024-11-30,2024,11,7.3699225708,NRSC VIC MODEL
Andhra Pradesh,Vizianagaram,2024-12-11,2024,12,0.0106226871,NRSC VIC MODEL
Andhra Pradesh,Vizianagaram,2024-12-12,2024,12,0.0,NRSC VIC MODEL
Andhra Pradesh,Vizianagaram,2024-12-24,2024,12,2.6476252326,NRSC VIC MODEL
Andhra Pradesh,Vizianagaram,2024-12-26,2024,12,7.4628301987,NRSC VIC MODEL
Andhra Pradesh,Vizianagaram,2024-12-31,2024,12,0.0002917664,NRSC VIC MODEL
Andhra Pradesh,West Godavari,2024-01-01,2024,01,0.0,NRSC VIC MODEL
Andhra Pradesh,West Godavari,2024-01-04,2024,01,0.0,NRSC VIC MODEL
Andhra Pradesh,West Godavari,2024-01-08,2024,01,0.0002367117,NRSC VIC MODEL
Andhra Pradesh,West Godavari,2024-01-15,2024,01,0.1032356114,NRSC VIC MODEL
Andhra Pradesh,West Godavari,2024-01-30,2024,01,0.0001522995,NRSC VIC MODEL
Andhra Pradesh,West Godavari,2024-02-03,2024,02,0.041925159,NRSC VIC MODEL
Andhra Pradesh,West Godavari,2024-02-09,2024,02,0.0,NRSC VIC MODEL
Andhra Pradesh,West Godavari,2024-02-11,2024,02,0.0,NRSC VIC MODEL
Andhra Pradesh,West Godavari,2024-02-28,2024,02,0.0,NRSC VIC MODEL
Andhra Pradesh,West Godavari,2024-02-29,2024,02,0.0,NRSC VIC MODEL
Andhra Pradesh,West Godavari,2024-03-01,2024,03,0.0015502855,NRSC VIC MODEL
Andhra Pradesh,West Godavari,2024-03-02,2024,03,0.0006301358,NRSC VIC MODEL
Andhra Pradesh,West Godavari,2024-03-03,2024,03,0.0,NRSC VIC MODEL
Andhra Pradesh,West Godavari,2024-03-10,2024,03,1.19875e-05,NRSC VIC MODEL
Andhra Pradesh,West Godavari,2024-03-11,2024,03,1.1769426298,NRSC VIC MODEL
Andhra Pradesh,West Godavari,2024-03-23,2024,03,0.0,NRSC VIC MODEL
Andhra Pradesh,West Godavari,2024-03-30,2024,03,0.0,NRSC VIC MODEL
Andhra Pradesh,West Godavari,2024-04-03,2024,04,1.9438e-06,NRSC VIC MODEL
Andhra Pradesh,West Godavari,2024-04-13,2024,04,0.0146363663,NRSC VIC MODEL
Andhra Pradesh,West Godavari,2024-04-14,2024,04,0.0282628778,NRSC VIC MODEL
Andhra Pradesh,West Godavari,2024-04-15,2024,04,0.0,NRSC VIC MODEL
Andhra Pradesh,West Godavari,2024-04-21,2024,04,8.00197e-05,NRSC VIC MODEL
Andhra Pradesh,West Godavari,2024-04-23,2024,04,0.0,NRSC VIC MODEL
Andhra Pradesh,West Godavari,2024-04-26,2024,04,0.0195475529,NRSC VIC MODEL
Andhra Pradesh,West Godavari,2024-04-29,2024,04,0.0,NRSC VIC MODEL
Andhra Pradesh,West Godavari,2024-04-30,2024,04,0.0004194747,NRSC VIC MODEL
Andhra Pradesh,West Godavari,2024-05-04,2024,05,1.4510455259,NRSC VIC MODEL
Andhra Pradesh,West Godavari,2024-05-05,2024,05,1.1208822646,NRSC VIC MODEL
Andhra Pradesh,West Godavari,2024-05-19,2024,05,2.3720943732,NRSC VIC MODEL
Andhra Pradesh,West Godavari,2024-05-22,2024,05,0.8686803162,NRSC VIC MODEL
Andhra Pradesh,West Godavari,2024-06-07,2024,06,8.3757804816,NRSC VIC MODEL
Andhra Pradesh,West Godavari,2024-06-10,2024,06,0.0025297277,NRSC VIC MODEL
Andhra Pradesh,West Godavari,2024-06-16,2024,06,0.661450159,NRSC VIC MODEL
Andhra Pradesh,West Godavari,2024-06-17,2024,06,2.3542543181,NRSC VIC MODEL
Andhra Pradesh,West Godavari,2024-06-20,2024,06,7.6630430612,NRSC VIC MODEL
Andhra Pradesh,West Godavari,2024-06-23,2024,06,47.1504483532,NRSC VIC MODEL
Andhra Pradesh,West Godavari,2024-06-28,2024,06,12.4070135511,NRSC VIC MODEL
Andhra Pradesh,West Godavari,2024-06-29,2024,06,10.5562033307,NRSC VIC MODEL
Andhra Pradesh,West Godavari,2024-07-01,2024,07,11.422120462,NRSC VIC MODEL
Andhra Pradesh,West Godavari,2024-07-06,2024,07,14.2395821513,NRSC VIC MODEL
Andhra Pradesh,West Godavari,2024-07-08,2024,07,2.675034676,NRSC VIC MODEL
Andhra Pradesh,West Godavari,2024-07-16,2024,07,1.2266699398,NRSC VIC MODEL
Andhra Pradesh,West Godavari,2024-07-17,2024,07,6.2188728968,NRSC VIC MODEL
Andhra Pradesh,West Godavari,2024-07-20,2024,07,52.8807768609,NRSC VIC MODEL
Andhra Pradesh,West Godavari,2024-07-25,2024,07,0.0336939193,NRSC VIC MODEL
Andhra Pradesh,West Godavari,2024-08-08,2024,08,37.6965996761,NRSC VIC MODEL
Andhra Pradesh,West Godavari,2024-08-10,2024,08,6.8776044334,NRSC VIC MODEL
Andhra Pradesh,West Godavari,2024-08-13,2024,08,0.7541464402,NRSC VIC MODEL
Andhra Pradesh,West Godavari,2024-08-17,2024,08,4.0316611645,NRSC VIC MODEL
Andhra Pradesh,West Godavari,2024-08-18,2024,08,4.1829748492,NRSC VIC MODEL
Andhra Pradesh,West Godavari,2024-08-21,2024,08,7.3911342854,NRSC VIC MODEL
Andhra Pradesh,West Godavari,2024-08-28,2024,08,10.6970394185,NRSC VIC MODEL
Andhra Pradesh,West Godavari,2024-08-30,2024,08,49.3441709997,NRSC VIC MODEL
Andhra Pradesh,West Godavari,2024-09-03,2024,09,9.3574025546,NRSC VIC MODEL
Andhra Pradesh,West Godavari,2024-09-07,2024,09,17.4216729566,NRSC VIC MODEL
Andhra Pradesh,West Godavari,2024-09-21,2024,09,8.4568597073,NRSC VIC MODEL
Andhra Pradesh,West Godavari,2024-09-23,2024,09,16.2913688042,NRSC VIC MODEL
Andhra Pradesh,West Godavari,2024-09-24,2024,09,17.9984940758,NRSC VIC MODEL
Andhra Pradesh,West Godavari,2024-09-28,2024,09,8.8824719286,NRSC VIC MODEL
Andhra Pradesh,West Godavari,2024-10-02,2024,10,6.5523707667,NRSC VIC MODEL
Andhra Pradesh,West Godavari,2024-10-03,2024,10,1.2999010362,NRSC VIC MODEL
Andhra Pradesh,West Godavari,2024-10-07,2024,10,7.5378309627,NRSC VIC MODEL
Andhra Pradesh,West Godavari,2024-10-10,2024,10,9.5968270363,NRSC VIC MODEL
Andhra Pradesh,West Godavari,2024-10-20,2024,10,8.1928616345,NRSC VIC MODEL
Andhra Pradesh,West Godavari,2024-10-23,2024,10,3.7509017296,NRSC VIC MODEL
Andhra Pradesh,West Godavari,2024-10-31,2024,10,6.200997221,NRSC VIC MODEL
Andhra Pradesh,West Godavari,2024-11-03,2024,11,0.8307711493,NRSC VIC MODEL
Andhra Pradesh,West Godavari,2024-11-04,2024,11,0.6043071442,NRSC VIC MODEL
Andhra Pradesh,West Godavari,2024-11-17,2024,11,0.0,NRSC VIC MODEL
Andhra Pradesh,West Godavari,2024-11-21,2024,11,0.0,NRSC VIC MODEL
Andhra Pradesh,West Godavari,2024-11-23,2024,11,0.0,NRSC VIC MODEL
Andhra Pradesh,West Godavari,2024-12-06,2024,12,0.0083055217,NRSC VIC MODEL
Andhra Pradesh,West Godavari,2024-12-22,2024,12,0.0,NRSC VIC MODEL
Andhra Pradesh,West Godavari,2024-12-27,2024,12,3.59624e-05,NRSC VIC MODEL
Andhra Pradesh,West Godavari,2024-12-31,2024,12,0.0012110033,NRSC VIC MODEL
Andhra Pradesh,Y.S.R.,2024-01-11,2024,01,0.0005911105,NRSC VIC MODEL
Andhra Pradesh,Y.S.R.,2024-01-16,2024,01,0.0,NRSC VIC MODEL
Andhra Pradesh,Y.S.R.,2024-01-18,2024,01,0.0,NRSC VIC MODEL
Andhra Pradesh,Y.S.R.,2024-01-20,2024,01,0.0108534332,NRSC VIC MODEL
Andhra Pradesh,Y.S.R.,2024-01-28,2024,01,0.0,NRSC VIC MODEL
Andhra Pradesh,Y.S.R.,2024-02-05,2024,02,0.0,NRSC VIC MODEL
Andhra Pradesh,Y.S.R.,2024-02-10,2024,02,0.0,NRSC VIC MODEL
Andhra Pradesh,Y.S.R.,2024-02-26,2024,02,0.0,NRSC VIC MODEL
Andhra Pradesh,Y.S.R.,2024-02-27,2024,02,0.0,NRSC VIC MODEL
Andhra Pradesh,Y.S.R.,2024-03-07,2024,03,0.0007047871,NRSC VIC MODEL
Andhra Pradesh,Y.S.R.,2024-03-13,2024,03,0.0,NRSC VIC MODEL
Andhra Pradesh,Y.S.R.,2024-03-14,2024,03,0.0348483485,NRSC VIC MODEL
Andhra Pradesh,Y.S.R.,2024-03-16,2024,03,0.0,NRSC VIC MODEL
Andhra Pradesh,Y.S.R.,2024-03-18,2024,03,0.0,NRSC VIC MODEL
Andhra Pradesh,Y.S.R.,2024-04-01,2024,04,0.0675049625,NRSC VIC MODEL
Andhra Pradesh,Y.S.R.,2024-04-10,2024,04,0.0,NRSC VIC MODEL
Andhra Pradesh,Y.S.R.,2024-04-12,2024,04,0.1467830548,NRSC VIC MODEL
Andhra Pradesh,Y.S.R.,2024-04-15,2024,04,0.0,NRSC VIC MODEL
Andhra Pradesh,Y.S.R.,2024-04-16,2024,04,0.0,NRSC VIC MODEL
Andhra Pradesh,Y.S.R.,2024-04-17,2024,04,0.0,NRSC VIC MODEL
Andhra Pradesh,Y.S.R.,2024-04-19,2024,04,0.0104006854,NRSC VIC MODEL
Andhra Pradesh,Y.S.R.,2024-04-25,2024,04,0.0,NRSC VIC MODEL
Andhra Pradesh,Y.S.R.,2024-05-01,2024,05,0.0020374642,NRSC VIC MODEL
Andhra Pradesh,Y.S.R.,2024-05-09,2024,05,0.002109864,NRSC VIC MODEL
Andhra Pradesh,Y.S.R.,2024-05-12,2024,05,0.1979507411,NRSC VIC MODEL
Andhra Pradesh,Y.S.R.,2024-05-14,2024,05,3.7925417257,NRSC VIC MODEL
Andhra Pradesh,Y.S.R.,2024-05-16,2024,05,0.0377788375,NRSC VIC MODEL
Andhra Pradesh,Y.S.R.,2024-05-21,2024,05,3.4672443805,NRSC VIC MODEL
Andhra Pradesh,Y.S.R.,2024-05-27,2024,05,0.0913195706,NRSC VIC MODEL
Andhra Pradesh,Y.S.R.,2024-05-29,2024,05,0.0752604071,NRSC VIC MODEL
Andhra Pradesh,Y.S.R.,2024-06-01,2024,06,0.0,NRSC VIC MODEL
Andhra Pradesh,Y.S.R.,2024-06-07,2024,06,6.2804331346,NRSC VIC MODEL
Andhra Pradesh,Y.S.R.,2024-06-09,2024,06,5.9189044693,NRSC VIC MODEL
Andhra Pradesh,Y.S.R.,2024-06-10,2024,06,2.1735506931,NRSC VIC MODEL
Andhra Pradesh,Y.S.R.,2024-06-14,2024,06,1.781521127,NRSC VIC MODEL
Andhra Pradesh,Y.S.R.,2024-06-17,2024,06,0.0088188886,NRSC VIC MODEL
Andhra Pradesh,Y.S.R.,2024-06-22,2024,06,0.7971610715,NRSC VIC MODEL
Andhra Pradesh,Y.S.R.,2024-06-23,2024,06,2.8990037146,NRSC VIC MODEL
Andhra Pradesh,Y.S.R.,2024-06-28,2024,06,0.8898007993,NRSC VIC MODEL
Andhra Pradesh,Y.S.R.,2024-06-29,2024,06,0.6147593179,NRSC VIC MODEL
Andhra Pradesh,Y.S.R.,2024-06-30,2024,06,2.1326261751,NRSC VIC MODEL
Andhra Pradesh,Y.S.R.,2024-07-07,2024,07,2.3480196287,NRSC VIC MODEL
Andhra Pradesh,Y.S.R.,2024-07-08,2024,07,1.8486752076,NRSC VIC MODEL
Andhra Pradesh,Y.S.R.,2024-07-15,2024,07,6.9140778719,NRSC VIC MODEL
Andhra Pradesh,Y.S.R.,2024-07-16,2024,07,1.0850607992,NRSC VIC MODEL
Andhra Pradesh,Y.S.R.,2024-07-20,2024,07,11.0027745728,NRSC VIC MODEL
Andhra Pradesh,Y.S.R.,2024-07-21,2024,07,1.3666421765,NRSC VIC MODEL
Andhra Pradesh,Y.S.R.,2024-07-29,2024,07,0.0195907411,NRSC VIC MODEL
Andhra Pradesh,Y.S.R.,2024-08-01,2024,08,0.4484814245,NRSC VIC MODEL
Andhra Pradesh,Y.S.R.,2024-08-02,2024,08,0.4407907678,NRSC VIC MODEL
Andhra Pradesh,Y.S.R.,2024-08-04,2024,08,1.7213286187,NRSC VIC MODEL
Andhra Pradesh,Y.S.R.,2024-08-06,2024,08,0.5438546854,NRSC VIC MODEL
Andhra Pradesh,Y.S.R.,2024-08-08,2024,08,2.0319434842,NRSC VIC MODEL
Andhra Pradesh,Y.S.R.,2024-08-11,2024,08,0.477206761,NRSC VIC MODEL
Andhra Pradesh,Y.S.R.,2024-08-19,2024,08,2.5881269232,NRSC VIC MODEL
Andhra Pradesh,Y.S.R.,2024-08-25,2024,08,0.1275921814,NRSC VIC MODEL
Andhra Pradesh,Y.S.R.,2024-08-30,2024,08,16.5697609381,NRSC VIC MODEL
Andhra Pradesh,Y.S.R.,2024-09-02,2024,09,1.6715265017,NRSC VIC MODEL
Andhra Pradesh,Y.S.R.,2024-09-05,2024,09,2.4207651343,NRSC VIC MODEL
Andhra Pradesh,Y.S.R.,2024-09-14,2024,09,0.0303481165,NRSC VIC MODEL
Andhra Pradesh,Y.S.R.,2024-09-15,2024,09,0.0,NRSC VIC MODEL
Andhra Pradesh,Y.S.R.,2024-09-23,2024,09,14.7783004139,NRSC VIC MODEL
Andhra Pradesh,Y.S.R.,2024-09-26,2024,09,5.494064972,NRSC VIC MODEL
Andhra Pradesh,Y.S.R.,2024-10-04,2024,10,9.5541137565,NRSC VIC MODEL
Andhra Pradesh,Y.S.R.,2024-10-17,2024,10,10.5234077066,NRSC VIC MODEL
Andhra Pradesh,Y.S.R.,2024-10-25,2024,10,0.0,NRSC VIC MODEL
Andhra Pradesh,Y.S.R.,2024-10-28,2024,10,0.0,NRSC VIC MODEL
Andhra Pradesh,Y.S.R.,2024-11-01,2024,11,0.0229432509,NRSC VIC MODEL
Andhra Pradesh,Y.S.R.,2024-11-08,2024,11,3.9252798999,NRSC VIC MODEL
Andhra Pradesh,Y.S.R.,2024-11-09,2024,11,1.3690569682,NRSC VIC MODEL
Andhra Pradesh,Y.S.R.,2024-11-12,2024,11,0.6954695702,NRSC VIC MODEL
Andhra Pradesh,Y.S.R.,2024-11-18,2024,11,1.5101043439,NRSC VIC MODEL
Andhra Pradesh,Y.S.R.,2024-12-14,2024,12,0.1782384783,NRSC VIC MODEL
Andhra Pradesh,Y.S.R.,2024-12-17,2024,12,0.0012515357,NRSC VIC MODEL
Andhra Pradesh,Kurnool,2024-05-18,2024,05,10.809660446,NRSC VIC MODEL
Andhra Pradesh,Kurnool,2024-05-21,2024,05,2.0184022247,NRSC VIC MODEL
Andhra Pradesh,Kurnool,2024-05-24,2024,05,0.1025421846,NRSC VIC MODEL
Andhra Pradesh,Kurnool,2024-05-26,2024,05,0.1391751968,NRSC VIC MODEL
Andhra Pradesh,Kurnool,2024-05-30,2024,05,0.0,NRSC VIC MODEL
Andhra Pradesh,Kurnool,2024-05-31,2024,05,0.0,NRSC VIC MODEL
Andhra Pradesh,Kurnool,2024-06-06,2024,06,15.1514083874,NRSC VIC MODEL
Andhra Pradesh,Kurnool,2024-06-10,2024,06,3.0089082475,NRSC VIC MODEL
Andhra Pradesh,Kurnool,2024-06-17,2024,06,0.0050054782,NRSC VIC MODEL
Andhra Pradesh,Kurnool,2024-06-23,2024,06,0.7400610802,NRSC VIC MODEL
Andhra Pradesh,Kurnool,2024-06-29,2024,06,0.2009464825,NRSC VIC MODEL
Andhra Pradesh,Kurnool,2024-06-30,2024,06,1.3102585064,NRSC VIC MODEL
Andhra Pradesh,Kurnool,2024-07-05,2024,07,0.1370341213,NRSC VIC MODEL
Andhra Pradesh,Kurnool,2024-07-06,2024,07,2.3067079033,NRSC VIC MODEL
Andhra Pradesh,Kurnool,2024-07-07,2024,07,0.7992198288,NRSC VIC MODEL
Andhra Pradesh,Kurnool,2024-07-09,2024,07,11.7212955679,NRSC VIC MODEL
Andhra Pradesh,Kurnool,2024-07-15,2024,07,6.5106131973,NRSC VIC MODEL
Andhra Pradesh,Kurnool,2024-07-16,2024,07,6.6044182164,NRSC VIC MODEL
Andhra Pradesh,Kurnool,2024-07-18,2024,07,0.5769716853,NRSC VIC MODEL
Andhra Pradesh,Kurnool,2024-07-29,2024,07,0.1330599531,NRSC VIC MODEL
Andhra Pradesh,Kurnool,2024-08-07,2024,08,22.8165019406,NRSC VIC MODEL
Andhra Pradesh,Kurnool,2024-08-12,2024,08,3.1233319563,NRSC VIC MODEL
Andhra Pradesh,Kurnool,2024-08-18,2024,08,2.9659910888,NRSC VIC MODEL
Andhra Pradesh,Kurnool,2024-08-19,2024,08,2.2922059453,NRSC VIC MODEL
Andhra Pradesh,Kurnool,2024-08-21,2024,08,8.6026237017,NRSC VIC MODEL
Andhra Pradesh,Kurnool,2024-08-28,2024,08,0.2424251381,NRSC VIC MODEL
Andhra Pradesh,Kurnool,2024-09-06,2024,09,4.4056168305,NRSC VIC MODEL
Andhra Pradesh,Kurnool,2024-09-07,2024,09,2.1662512464,NRSC VIC MODEL
Andhra Pradesh,Kurnool,2024-09-24,2024,09,7.6717311125,NRSC VIC MODEL
Andhra Pradesh,Kurnool,2024-09-30,2024,09,0.8352482423,NRSC VIC MODEL
Andhra Pradesh,Kurnool,2024-10-08,2024,10,0.0815533181,NRSC VIC MODEL
Andhra Pradesh,Kurnool,2024-10-09,2024,10,0.4696714004,NRSC VIC MODEL
Andhra Pradesh,Kurnool,2024-10-23,2024,10,1.7744148972,NRSC VIC MODEL
Andhra Pradesh,Kurnool,2024-10-28,2024,10,0.0,NRSC VIC MODEL
Andhra Pradesh,Kurnool,2024-10-30,2024,10,0.0001692903,NRSC VIC MODEL
Andhra Pradesh,Kurnool,2024-11-05,2024,11,-0.0066894332,NRSC VIC MODEL
Andhra Pradesh,Kurnool,2024-11-07,2024,11,0.634274812,NRSC VIC MODEL
Andhra Pradesh,Kurnool,2024-11-09,2024,11,0.2989433037,NRSC VIC MODEL
Andhra Pradesh,Kurnool,2024-11-10,2024,11,0.2236575446,NRSC VIC MODEL
Andhra Pradesh,Kurnool,2024-11-23,2024,11,0.0,NRSC VIC MODEL
Andhra Pradesh,Kurnool,2024-11-25,2024,11,0.0416343815,NRSC VIC MODEL
Andhra Pradesh,Kurnool,2024-11-26,2024,11,0.0115061354,NRSC VIC MODEL
Andhra Pradesh,Kurnool,2024-11-28,2024,11,0.0,NRSC VIC MODEL
Andhra Pradesh,Kurnool,2024-12-02,2024,12,0.6958594049,NRSC VIC MODEL
Andhra Pradesh,Kurnool,2024-12-04,2024,12,2.661986908,NRSC VIC MODEL
Andhra Pradesh,Kurnool,2024-12-06,2024,12,2.5651745184,NRSC VIC MODEL
Andhra Pradesh,Kurnool,2024-12-07,2024,12,0.2722886129,NRSC VIC MODEL
Andhra Pradesh,Kurnool,2024-12-09,2024,12,0.0167589846,NRSC VIC MODEL
Andhra Pradesh,Kurnool,2024-12-14,2024,12,0.0,NRSC VIC MODEL
Andhra Pradesh,Kurnool,2024-12-16,2024,12,0.0005382679,NRSC VIC MODEL
Andhra Pradesh,Kurnool,2024-12-29,2024,12,0.0,NRSC VIC MODEL
Andhra Pradesh,Prakasam,2024-01-01,2024,01,0.0404161374,NRSC VIC MODEL
Andhra Pradesh,Prakasam,2024-01-04,2024,01,0.0205461838,NRSC VIC MODEL
Andhra Pradesh,Prakasam,2024-01-06,2024,01,0.0,NRSC VIC MODEL
Andhra Pradesh,Prakasam,2024-01-07,2024,01,0.0,NRSC VIC MODEL
Andhra Pradesh,Prakasam,2024-01-08,2024,01,0.0094347506,NRSC VIC MODEL
Andhra Pradesh,Prakasam,2024-01-19,2024,01,0.0,NRSC VIC MODEL
Andhra Pradesh,Prakasam,2024-01-22,2024,01,0.0,NRSC VIC MODEL
Andhra Pradesh,Prakasam,2024-01-30,2024,01,0.0,NRSC VIC MODEL
Andhra Pradesh,Prakasam,2024-01-31,2024,01,0.0,NRSC VIC MODEL
Andhra Pradesh,Prakasam,2024-02-10,2024,02,0.0,NRSC VIC MODEL
Andhra Pradesh,Prakasam,2024-02-11,2024,02,0.0,NRSC VIC MODEL
Andhra Pradesh,Prakasam,2024-02-15,2024,02,0.0,NRSC VIC MODEL
Andhra Pradesh,Prakasam,2024-03-09,2024,03,0.0,NRSC VIC MODEL
Andhra Pradesh,Prakasam,2024-03-11,2024,03,0.0,NRSC VIC MODEL
Andhra Pradesh,Prakasam,2024-03-17,2024,03,0.0,NRSC VIC MODEL
Andhra Pradesh,Prakasam,2024-03-23,2024,03,0.0,NRSC VIC MODEL
Andhra Pradesh,Prakasam,2024-03-25,2024,03,0.0,NRSC VIC MODEL
Andhra Pradesh,Prakasam,2024-04-05,2024,04,0.0,NRSC VIC MODEL
Andhra Pradesh,Prakasam,2024-04-09,2024,04,0.0,NRSC VIC MODEL
Andhra Pradesh,Prakasam,2024-04-17,2024,04,0.0,NRSC VIC MODEL
Andhra Pradesh,Prakasam,2024-04-19,2024,04,0.0166502054,NRSC VIC MODEL
Andhra Pradesh,Prakasam,2024-04-22,2024,04,0.0156299004,NRSC VIC MODEL
Andhra Pradesh,Prakasam,2024-04-28,2024,04,0.0,NRSC VIC MODEL
Andhra Pradesh,Prakasam,2024-05-07,2024,05,3.3322858481,NRSC VIC MODEL
Andhra Pradesh,Prakasam,2024-05-14,2024,05,4.8085122033,NRSC VIC MODEL
Andhra Pradesh,Prakasam,2024-05-20,2024,05,1.4216204627,NRSC VIC MODEL
Andhra Pradesh,Prakasam,2024-05-27,2024,05,-0.0040333324,NRSC VIC MODEL
Andhra Pradesh,Prakasam,2024-06-07,2024,06,5.7970735189,NRSC VIC MODEL
Andhra Pradesh,Prakasam,2024-06-10,2024,06,2.8470636812,NRSC VIC MODEL
Andhra Pradesh,Prakasam,2024-06-12,2024,06,3.8479284923,NRSC VIC MODEL
Andhra Pradesh,Prakasam,2024-06-17,2024,06,0.0386753538,NRSC VIC MODEL
Andhra Pradesh,Prakasam,2024-06-24,2024,06,0.2382454205,NRSC VIC MODEL
Andhra Pradesh,Prakasam,2024-06-28,2024,06,9.6029638876,NRSC VIC MODEL
Andhra Pradesh,Prakasam,2024-07-01,2024,07,21.5744839607,NRSC VIC MODEL
Andhra Pradesh,Prakasam,2024-07-22,2024,07,7.8917561133,NRSC VIC MODEL
Andhra Pradesh,Prakasam,2024-07-24,2024,07,1.6252320348,NRSC VIC MODEL
Andhra Pradesh,Prakasam,2024-07-28,2024,07,0.4261453417,NRSC VIC MODEL
Andhra Pradesh,Prakasam,2024-07-29,2024,07,0.119701336,NRSC VIC MODEL
Andhra Pradesh,Prakasam,2024-08-03,2024,08,0.5985342099,NRSC VIC MODEL
Andhra Pradesh,Prakasam,2024-08-07,2024,08,10.4600835267,NRSC VIC MODEL
Andhra Pradesh,Prakasam,2024-08-14,2024,08,1.729973839,NRSC VIC MODEL
Andhra Pradesh,Prakasam,2024-08-21,2024,08,9.6179668373,NRSC VIC MODEL
Andhra Pradesh,Prakasam,2024-08-23,2024,08,4.4329655856,NRSC VIC MODEL
Andhra Pradesh,Prakasam,2024-08-26,2024,08,0.5320094779,NRSC VIC MODEL
Andhra Pradesh,Prakasam,2024-08-29,2024,08,9.4849033079,NRSC VIC MODEL
Andhra Pradesh,Prakasam,2024-08-31,2024,08,62.0684218197,NRSC VIC MODEL
Andhra Pradesh,Prakasam,2024-09-05,2024,09,4.7545040537,NRSC VIC MODEL
Andhra Pradesh,Prakasam,2024-09-07,2024,09,3.7344515937,NRSC VIC MODEL
Andhra Pradesh,Prakasam,2024-09-10,2024,09,0.3550983829,NRSC VIC MODEL
Andhra Pradesh,Prakasam,2024-09-23,2024,09,17.2298837024,NRSC VIC MODEL
Andhra Pradesh,Prakasam,2024-09-30,2024,09,0.4693061722,NRSC VIC MODEL
Andhra Pradesh,Prakasam,2024-10-01,2024,10,0.1195132788,NRSC VIC MODEL
Andhra Pradesh,Prakasam,2024-10-04,2024,10,3.2814294736,NRSC VIC MODEL
Andhra Pradesh,Prakasam,2024-10-10,2024,10,4.4983715552,NRSC VIC MODEL
Andhra Pradesh,Prakasam,2024-10-24,2024,10,0.0443850762,NRSC VIC MODEL
Andhra Pradesh,Prakasam,2024-10-26,2024,10,0.9945319035,NRSC VIC MODEL
Andhra Pradesh,Prakasam,2024-11-04,2024,11,0.0959468963,NRSC VIC MODEL
Andhra Pradesh,Prakasam,2024-11-09,2024,11,1.5890263815,NRSC VIC MODEL
Andhra Pradesh,Prakasam,2024-11-14,2024,11,10.4019382559,NRSC VIC MODEL
Andhra Pradesh,Prakasam,2024-12-11,2024,12,0.0132681132,NRSC VIC MODEL
Andhra Pradesh,Prakasam,2024-12-13,2024,12,0.3336030626,NRSC VIC MODEL
Andhra Pradesh,Prakasam,2024-12-21,2024,12,0.0127734033,NRSC VIC MODEL
Andhra Pradesh,Prakasam,2024-12-22,2024,12,0.3900757374,NRSC VIC MODEL
Andhra Pradesh,Prakasam,2024-12-26,2024,12,2.7972045057,NRSC VIC MODEL
Andhra Pradesh,Prakasam,2024-12-27,2024,12,9.9934609871,NRSC VIC MODEL
Andhra Pradesh,Prakasam,2024-12-29,2024,12,0.0,NRSC VIC MODEL
Andhra Pradesh,SPSR Nellore,2024-01-02,2024,01,0.0,NRSC VIC MODEL
Andhra Pradesh,SPSR Nellore,2024-01-04,2024,01,0.3675611143,NRSC VIC MODEL
Andhra Pradesh,SPSR Nellore,2024-01-05,2024,01,0.2076870391,NRSC VIC MODEL
Andhra Pradesh,SPSR Nellore,2024-01-13,2024,01,0.0,NRSC VIC MODEL
Andhra Pradesh,SPSR Nellore,2024-01-18,2024,01,0.0,NRSC VIC MODEL
Andhra Pradesh,SPSR Nellore,2024-01-20,2024,01,0.0,NRSC VIC MODEL
Andhra Pradesh,SPSR Nellore,2024-01-27,2024,01,0.5855718009,NRSC VIC MODEL
Andhra Pradesh,SPSR Nellore,2024-01-30,2024,01,0.0123757667,NRSC VIC MODEL
Andhra Pradesh,SPSR Nellore,2024-02-01,2024,02,0.0,NRSC VIC MODEL
Andhra Pradesh,SPSR Nellore,2024-02-07,2024,02,0.0,NRSC VIC MODEL
Andhra Pradesh,SPSR Nellore,2024-02-09,2024,02,0.0,NRSC VIC MODEL
Andhra Pradesh,SPSR Nellore,2024-02-11,2024,02,0.0,NRSC VIC MODEL
Andhra Pradesh,SPSR Nellore,2024-02-15,2024,02,0.0,NRSC VIC MODEL
Andhra Pradesh,SPSR Nellore,2024-02-21,2024,02,0.0001153907,NRSC VIC MODEL
Andhra Pradesh,SPSR Nellore,2024-03-04,2024,03,0.0,NRSC VIC MODEL
Andhra Pradesh,SPSR Nellore,2024-03-05,2024,03,0.0,NRSC VIC MODEL
Andhra Pradesh,SPSR Nellore,2024-03-07,2024,03,0.0,NRSC VIC MODEL
Andhra Pradesh,SPSR Nellore,2024-03-15,2024,03,0.0,NRSC VIC MODEL
Andhra Pradesh,SPSR Nellore,2024-03-16,2024,03,0.0,NRSC VIC MODEL
Andhra Pradesh,SPSR Nellore,2024-03-26,2024,03,0.0,NRSC VIC MODEL
Andhra Pradesh,SPSR Nellore,2024-04-01,2024,04,0.0197374741,NRSC VIC MODEL
Andhra Pradesh,SPSR Nellore,2024-04-02,2024,04,0.0,NRSC VIC MODEL
Andhra Pradesh,SPSR Nellore,2024-04-05,2024,04,0.0,NRSC VIC MODEL
Andhra Pradesh,SPSR Nellore,2024-04-06,2024,04,0.0,NRSC VIC MODEL
Andhra Pradesh,SPSR Nellore,2024-04-28,2024,04,0.0,NRSC VIC MODEL
Andhra Pradesh,SPSR Nellore,2024-05-07,2024,05,4.1654416668,NRSC VIC MODEL
Andhra Pradesh,SPSR Nellore,2024-05-15,2024,05,0.5273114786,NRSC VIC MODEL
Andhra Pradesh,SPSR Nellore,2024-05-20,2024,05,0.1199141044,NRSC VIC MODEL
Andhra Pradesh,SPSR Nellore,2024-05-24,2024,05,0.0001153907,NRSC VIC MODEL
Andhra Pradesh,SPSR Nellore,2024-05-27,2024,05,0.0906535765,NRSC VIC MODEL
Andhra Pradesh,SPSR Nellore,2024-05-29,2024,05,0.0,NRSC VIC MODEL
Andhra Pradesh,SPSR Nellore,2024-06-06,2024,06,9.594888592,NRSC VIC MODEL
Andhra Pradesh,SPSR Nellore,2024-06-14,2024,06,0.0460676086,NRSC VIC MODEL
Andhra Pradesh,SPSR Nellore,2024-06-22,2024,06,0.256036052,NRSC VIC MODEL
Andhra Pradesh,SPSR Nellore,2024-06-25,2024,06,1.5912398818,NRSC VIC MODEL
Andhra Pradesh,SPSR Nellore,2024-07-04,2024,07,5.3544153312,NRSC VIC MODEL
Andhra Pradesh,SPSR Nellore,2024-07-22,2024,07,4.1502520565,NRSC VIC MODEL
Andhra Pradesh,SPSR Nellore,2024-07-25,2024,07,0.00611335,NRSC VIC MODEL
Andhra Pradesh,SPSR Nellore,2024-07-27,2024,07,1.3287258979,NRSC VIC MODEL
Andhra Pradesh,SPSR Nellore,2024-08-02,2024,08,1.2615868942,NRSC VIC MODEL
Andhra Pradesh,SPSR Nellore,2024-08-03,2024,08,0.9092031959,NRSC VIC MODEL
Andhra Pradesh,SPSR Nellore,2024-08-06,2024,08,1.2616465172,NRSC VIC MODEL
Andhra Pradesh,SPSR Nellore,2024-08-08,2024,08,1.3551416488,NRSC VIC MODEL
Andhra Pradesh,SPSR Nellore,2024-08-10,2024,08,1.0186211633,NRSC VIC MODEL
Andhra Pradesh,SPSR Nellore,2024-08-27,2024,08,4.4981908539,NRSC VIC MODEL
Andhra Pradesh,SPSR Nellore,2024-09-03,2024,09,2.1551800551,NRSC VIC MODEL
Andhra Pradesh,SPSR Nellore,2024-09-07,2024,09,3.5448134759,NRSC VIC MODEL
Andhra Pradesh,SPSR Nellore,2024-09-08,2024,09,0.0957675546,NRSC VIC MODEL
Andhra Pradesh,SPSR Nellore,2024-09-12,2024,09,0.0257682613,NRSC VIC MODEL
Andhra Pradesh,SPSR Nellore,2024-09-18,2024,09,0.0427066603,NRSC VIC MODEL
Andhra Pradesh,SPSR Nellore,2024-09-19,2024,09,0.0838338785,NRSC VIC MODEL
Andhra Pradesh,SPSR Nellore,2024-09-24,2024,09,7.8075588574,NRSC VIC MODEL
Andhra Pradesh,SPSR Nellore,2024-09-30,2024,09,0.2180541729,NRSC VIC MODEL
Andhra Pradesh,SPSR Nellore,2024-10-04,2024,10,4.2164781375,NRSC VIC MODEL
Andhra Pradesh,SPSR Nellore,2024-10-09,2024,10,1.5793819904,NRSC VIC MODEL
Andhra Pradesh,SPSR Nellore,2024-10-18,2024,10,14.6572685691,NRSC VIC MODEL
Andhra Pradesh,SPSR Nellore,2024-10-24,2024,10,0.2567988775,NRSC VIC MODEL
Andhra Pradesh,SPSR Nellore,2024-10-28,2024,10,0.0,NRSC VIC MODEL
Andhra Pradesh,SPSR Nellore,2024-11-01,2024,11,0.1304074346,NRSC VIC MODEL
Andhra Pradesh,SPSR Nellore,2024-11-02,2024,11,2.3626251728,NRSC VIC MODEL
Andhra Pradesh,SPSR Nellore,2024-11-06,2024,11,1.0681968395,NRSC VIC MODEL
Andhra Pradesh,SPSR Nellore,2024-11-07,2024,11,7.7092490423,NRSC VIC MODEL
Andhra Pradesh,SPSR Nellore,2024-11-19,2024,11,0.0,NRSC VIC MODEL
Andhra Pradesh,SPSR Nellore,2024-11-21,2024,11,0.0,NRSC VIC MODEL
Andhra Pradesh,SPSR Nellore,2024-11-27,2024,11,2.9360989825,NRSC VIC MODEL
Andhra Pradesh,SPSR Nellore,2024-11-28,2024,11,0.1671465511,NRSC VIC MODEL
Andhra Pradesh,SPSR Nellore,2024-11-30,2024,11,20.0994874543,NRSC VIC MODEL
Andhra Pradesh,SPSR Nellore,2024-12-04,2024,12,5.8597684557,NRSC VIC MODEL
Andhra Pradesh,SPSR Nellore,2024-12-05,2024,12,13.4476011539,NRSC VIC MODEL
Andhra Pradesh,SPSR Nellore,2024-12-12,2024,12,8.0754878416,NRSC VIC MODEL
Andhra Pradesh,SPSR Nellore,2024-12-17,2024,12,0.1668800665,NRSC VIC MODEL
Andhra Pradesh,SPSR Nellore,2024-12-18,2024,12,0.2902460219,NRSC VIC MODEL
Andhra Pradesh,SPSR Nellore,2024-12-21,2024,12,0.5564324759,NRSC VIC MODEL
Andhra Pradesh,Srikakulam,2024-01-01,2024,01,0.0,NRSC VIC MODEL
Andhra Pradesh,Srikakulam,2024-01-08,2024,01,0.0,NRSC VIC MODEL
Andhra Pradesh,Srikakulam,2024-01-10,2024,01,0.0,NRSC VIC MODEL
Andhra Pradesh,Srikakulam,2024-01-11,2024,01,0.0,NRSC VIC MODEL
Andhra Pradesh,Srikakulam,2024-01-16,2024,01,0.0006949057,NRSC VIC MODEL
Andhra Pradesh,Srikakulam,2024-01-17,2024,01,0.0,NRSC VIC MODEL
Andhra Pradesh,Srikakulam,2024-01-20,2024,01,0.0,NRSC VIC MODEL
Andhra Pradesh,Srikakulam,2024-01-22,2024,01,0.0007446668,NRSC VIC MODEL
Andhra Pradesh,Srikakulam,2024-01-28,2024,01,0.0,NRSC VIC MODEL
Andhra Pradesh,Srikakulam,2024-02-07,2024,02,0.0,NRSC VIC MODEL
Andhra Pradesh,Srikakulam,2024-02-08,2024,02,0.0601543935,NRSC VIC MODEL
Andhra Pradesh,Srikakulam,2024-02-09,2024,02,0.0001739538,NRSC VIC MODEL
Andhra Pradesh,Srikakulam,2024-02-16,2024,02,0.00014369,NRSC VIC MODEL
Andhra Pradesh,Srikakulam,2024-02-19,2024,02,0.0,NRSC VIC MODEL
Andhra Pradesh,Srikakulam,2024-02-21,2024,02,0.0,NRSC VIC MODEL
Andhra Pradesh,Srikakulam,2024-02-23,2024,02,0.0,NRSC VIC MODEL
Andhra Pradesh,Srikakulam,2024-02-28,2024,02,4.35122e-05,NRSC VIC MODEL
Andhra Pradesh,Srikakulam,2024-02-29,2024,02,0.0522616758,NRSC VIC MODEL
Andhra Pradesh,Srikakulam,2024-03-01,2024,03,0.0,NRSC VIC MODEL
Andhra Pradesh,Srikakulam,2024-03-03,2024,03,0.0,NRSC VIC MODEL
Andhra Pradesh,Srikakulam,2024-03-09,2024,03,1.6060915688,NRSC VIC MODEL
Andhra Pradesh,Srikakulam,2024-03-10,2024,03,0.1110651323,NRSC VIC MODEL
Andhra Pradesh,Srikakulam,2024-03-13,2024,03,6.94906e-05,NRSC VIC MODEL
Andhra Pradesh,Srikakulam,2024-03-23,2024,03,0.0,NRSC VIC MODEL
Andhra Pradesh,Srikakulam,2024-03-25,2024,03,4.35122e-05,NRSC VIC MODEL
Andhra Pradesh,Srikakulam,2024-04-05,2024,04,0.0239216936,NRSC VIC MODEL
Andhra Pradesh,Srikakulam,2024-04-06,2024,04,1.27785e-05,NRSC VIC MODEL
Andhra Pradesh,Srikakulam,2024-04-10,2024,04,0.0,NRSC VIC MODEL
Andhra Pradesh,Srikakulam,2024-04-11,2024,04,0.0,NRSC VIC MODEL
Andhra Pradesh,Srikakulam,2024-04-13,2024,04,0.0626033161,NRSC VIC MODEL
Andhra Pradesh,Srikakulam,2024-04-19,2024,04,0.0,NRSC VIC MODEL
Andhra Pradesh,Srikakulam,2024-04-27,2024,04,0.1513763127,NRSC VIC MODEL
Andhra Pradesh,Srikakulam,2024-04-28,2024,04,0.0049409499,NRSC VIC MODEL
Andhra Pradesh,Srikakulam,2024-04-29,2024,04,1.5497514204,NRSC VIC MODEL
Andhra Pradesh,Srikakulam,2024-04-30,2024,04,0.8051176658,NRSC VIC MODEL
Andhra Pradesh,Srikakulam,2024-05-06,2024,05,0.0,NRSC VIC MODEL
Andhra Pradesh,Srikakulam,2024-05-14,2024,05,1.1969463779,NRSC VIC MODEL
Andhra Pradesh,Srikakulam,2024-05-20,2024,05,7.5934178791,NRSC VIC MODEL
Andhra Pradesh,Srikakulam,2024-05-31,2024,05,0.0061174148,NRSC VIC MODEL
Andhra Pradesh,Srikakulam,2024-06-12,2024,06,0.0491509779,NRSC VIC MODEL
Andhra Pradesh,Srikakulam,2024-06-17,2024,06,8.5072832511,NRSC VIC MODEL
Andhra Pradesh,Srikakulam,2024-06-19,2024,06,0.2915245397,NRSC VIC MODEL
Andhra Pradesh,Srikakulam,2024-07-14,2024,07,2.9916032413,NRSC VIC MODEL
Andhra Pradesh,Srikakulam,2024-07-18,2024,07,7.9740280229,NRSC VIC MODEL
Andhra Pradesh,Srikakulam,2024-07-20,2024,07,32.5364885281,NRSC VIC MODEL
Andhra Pradesh,Srikakulam,2024-07-24,2024,07,5.2760963832,NRSC VIC MODEL
Andhra Pradesh,Srikakulam,2024-07-26,2024,07,4.2874811539,NRSC VIC MODEL
Andhra Pradesh,Srikakulam,2024-07-31,2024,07,0.4065368579,NRSC VIC MODEL
Andhra Pradesh,Srikakulam,2024-08-08,2024,08,1.3185302992,NRSC VIC MODEL
Andhra Pradesh,Srikakulam,2024-08-11,2024,08,0.0908140925,NRSC VIC MODEL
Andhra Pradesh,Srikakulam,2024-08-16,2024,08,3.391193626,NRSC VIC MODEL
Andhra Pradesh,Srikakulam,2024-08-17,2024,08,4.4476141941,NRSC VIC MODEL
Andhra Pradesh,Srikakulam,2024-08-19,2024,08,2.62471302,NRSC VIC MODEL
Andhra Pradesh,Srikakulam,2024-08-21,2024,08,5.2726247654,NRSC VIC MODEL
Andhra Pradesh,Chittoor,2024-02-28,2024,02,0.0,NRSC VIC MODEL
Andhra Pradesh,Chittoor,2024-03-05,2024,03,0.0,NRSC VIC MODEL
Andhra Pradesh,Chittoor,2024-03-11,2024,03,0.0,NRSC VIC MODEL
Andhra Pradesh,Chittoor,2024-03-13,2024,03,0.0,NRSC VIC MODEL
Andhra Pradesh,Chittoor,2024-03-28,2024,03,0.0,NRSC VIC MODEL
Andhra Pradesh,Chittoor,2024-03-30,2024,03,0.0,NRSC VIC MODEL
Andhra Pradesh,Chittoor,2024-04-05,2024,04,0.0,NRSC VIC MODEL
Andhra Pradesh,Chittoor,2024-04-07,2024,04,0.0,NRSC VIC MODEL
Andhra Pradesh,Chittoor,2024-04-10,2024,04,0.0,NRSC VIC MODEL
Andhra Pradesh,Chittoor,2024-04-11,2024,04,0.0245523512,NRSC VIC MODEL
Andhra Pradesh,Chittoor,2024-04-19,2024,04,0.0022657147,NRSC VIC MODEL
Andhra Pradesh,Chittoor,2024-04-27,2024,04,0.0,NRSC VIC MODEL
Andhra Pradesh,Chittoor,2024-05-06,2024,05,0.0025243296,NRSC VIC MODEL
Andhra Pradesh,Chittoor,2024-05-14,2024,05,4.3940079056,NRSC VIC MODEL
Andhra Pradesh,Chittoor,2024-05-19,2024,05,15.1202202073,NRSC VIC MODEL
Andhra Pradesh,Chittoor,2024-05-27,2024,05,0.4241128657,NRSC VIC MODEL
Andhra Pradesh,Chittoor,2024-06-01,2024,06,0.0448312328,NRSC VIC MODEL
Andhra Pradesh,Chittoor,2024-06-08,2024,06,13.6326119672,NRSC VIC MODEL
Andhra Pradesh,Chittoor,2024-06-09,2024,06,0.8695826668,NRSC VIC MODEL
Andhra Pradesh,Chittoor,2024-06-13,2024,06,8.178222065,NRSC VIC MODEL
Andhra Pradesh,Chittoor,2024-06-16,2024,06,0.0700082478,NRSC VIC MODEL
Andhra Pradesh,Chittoor,2024-06-17,2024,06,3.0337180081,NRSC VIC MODEL
Andhra Pradesh,Chittoor,2024-06-23,2024,06,0.3488874072,NRSC VIC MODEL
Andhra Pradesh,Chittoor,2024-07-05,2024,07,2.0548117301,NRSC VIC MODEL
Andhra Pradesh,Chittoor,2024-07-07,2024,07,2.1695682909,NRSC VIC MODEL
Andhra Pradesh,Chittoor,2024-07-14,2024,07,1.8721425148,NRSC VIC MODEL
Andhra Pradesh,Chittoor,2024-08-14,2024,08,2.5922191176,NRSC VIC MODEL
Andhra Pradesh,Chittoor,2024-08-26,2024,08,1.3076272563,NRSC VIC MODEL
Andhra Pradesh,Chittoor,2024-08-28,2024,08,1.6430756514,NRSC VIC MODEL
Andhra Pradesh,Chittoor,2024-09-11,2024,09,0.086886404,NRSC VIC MODEL
Andhra Pradesh,Chittoor,2024-09-12,2024,09,0.0502644829,NRSC VIC MODEL
Andhra Pradesh,Chittoor,2024-09-14,2024,09,0.0337808658,NRSC VIC MODEL
Andhra Pradesh,Chittoor,2024-09-19,2024,09,0.0523126505,NRSC VIC MODEL
Andhra Pradesh,Chittoor,2024-09-22,2024,09,8.4013401114,NRSC VIC MODEL
Andhra Pradesh,Chittoor,2024-10-03,2024,10,14.9458786334,NRSC VIC MODEL
Andhra Pradesh,Chittoor,2024-10-04,2024,10,13.3364408419,NRSC VIC MODEL
Andhra Pradesh,Chittoor,2024-10-05,2024,10,13.6691521096,NRSC VIC MODEL
Andhra Pradesh,Chittoor,2024-10-06,2024,10,4.5103627888,NRSC VIC MODEL
Andhra Pradesh,Chittoor,2024-10-08,2024,10,4.1160462759,NRSC VIC MODEL
Andhra Pradesh,Chittoor,2024-10-11,2024,10,1.0289924495,NRSC VIC MODEL
Andhra Pradesh,Chittoor,2024-10-15,2024,10,22.5442378654,NRSC VIC MODEL
Andhra Pradesh,Chittoor,2024-10-20,2024,10,9.1362949808,NRSC VIC MODEL
Andhra Pradesh,Chittoor,2024-10-22,2024,10,7.6134924106,NRSC VIC MODEL
Andhra Pradesh,Chittoor,2024-10-24,2024,10,6.3457387549,NRSC VIC MODEL
Andhra Pradesh,Chittoor,2024-10-28,2024,10,0.1162393723,NRSC VIC MODEL
Andhra Pradesh,Chittoor,2024-10-30,2024,10,1.6439030722,NRSC VIC MODEL
Andhra Pradesh,Chittoor,2024-11-02,2024,11,8.2118578628,NRSC VIC MODEL
Andhra Pradesh,Chittoor,2024-11-03,2024,11,1.676368016,NRSC VIC MODEL
Andhra Pradesh,Chittoor,2024-11-04,2024,11,3.2287943227,NRSC VIC MODEL
Andhra Pradesh,Chittoor,2024-11-05,2024,11,0.7725947991,NRSC VIC MODEL
Andhra Pradesh,Chittoor,2024-11-06,2024,11,0.3072826618,NRSC VIC MODEL
Andhra Pradesh,Chittoor,2024-11-19,2024,11,0.0,NRSC VIC MODEL
Andhra Pradesh,Chittoor,2024-11-24,2024,11,0.0032724076,NRSC VIC MODEL
Andhra Pradesh,Chittoor,2024-11-26,2024,11,0.2010445887,NRSC VIC MODEL
Andhra Pradesh,Chittoor,2024-11-28,2024,11,0.0545165283,NRSC VIC MODEL
Andhra Pradesh,Chittoor,2024-12-08,2024,12,0.0603489439,NRSC VIC MODEL
Andhra Pradesh,Chittoor,2024-12-22,2024,12,0.2332045181,NRSC VIC MODEL
Andhra Pradesh,East Godavari,2024-01-03,2024,01,0.0,NRSC VIC MODEL
Andhra Pradesh,East Godavari,2024-01-07,2024,01,0.0,NRSC VIC MODEL
Andhra Pradesh,East Godavari,2024-01-08,2024,01,0.0003843798,NRSC VIC MODEL
Andhra Pradesh,East Godavari,2024-01-10,2024,01,0.0062461901,NRSC VIC MODEL
Andhra Pradesh,East Godavari,2024-01-12,2024,01,0.0,NRSC VIC MODEL
Andhra Pradesh,East Godavari,2024-01-17,2024,01,0.0,NRSC VIC MODEL
Andhra Pradesh,East Godavari,2024-01-18,2024,01,0.0,NRSC VIC MODEL
Andhra Pradesh,East Godavari,2024-01-19,2024,01,0.0,NRSC VIC MODEL
Andhra Pradesh,East Godavari,2024-01-20,2024,01,0.0067681713,NRSC VIC MODEL
Andhra Pradesh,East Godavari,2024-01-22,2024,01,0.0,NRSC VIC MODEL
Andhra Pradesh,East Godavari,2024-01-28,2024,01,0.0,NRSC VIC MODEL
Andhra Pradesh,East Godavari,2024-02-01,2024,02,0.0028395227,NRSC VIC MODEL
Andhra Pradesh,East Godavari,2024-02-02,2024,02,0.2691446705,NRSC VIC MODEL
Andhra Pradesh,East Godavari,2024-02-04,2024,02,0.0,NRSC VIC MODEL
Andhra Pradesh,East Godavari,2024-02-06,2024,02,0.0,NRSC VIC MODEL
Andhra Pradesh,East Godavari,2024-02-13,2024,02,0.0,NRSC VIC MODEL
Andhra Pradesh,East Godavari,2024-02-14,2024,02,0.0054592062,NRSC VIC MODEL
Andhra Pradesh,East Godavari,2024-02-15,2024,02,8.51045e-05,NRSC VIC MODEL
Andhra Pradesh,East Godavari,2024-02-21,2024,02,0.0,NRSC VIC MODEL
Andhra Pradesh,East Godavari,2024-02-26,2024,02,0.0,NRSC VIC MODEL
Andhra Pradesh,East Godavari,2024-02-29,2024,02,0.0,NRSC VIC MODEL
Andhra Pradesh,East Godavari,2024-03-11,2024,03,0.0169561845,NRSC VIC MODEL
Andhra Pradesh,East Godavari,2024-03-13,2024,03,0.0,NRSC VIC MODEL
Andhra Pradesh,East Godavari,2024-03-21,2024,03,5.3190594174,NRSC VIC MODEL
Andhra Pradesh,East Godavari,2024-03-27,2024,03,0.0,NRSC VIC MODEL
Andhra Pradesh,East Godavari,2024-04-07,2024,04,0.0,NRSC VIC MODEL
Andhra Pradesh,East Godavari,2024-04-12,2024,04,0.1625616296,NRSC VIC MODEL
Andhra Pradesh,East Godavari,2024-04-23,2024,04,0.0444086316,NRSC VIC MODEL
Andhra Pradesh,East Godavari,2024-04-28,2024,04,0.0225396172,NRSC VIC MODEL
Andhra Pradesh,East Godavari,2024-05-01,2024,05,0.0010352017,NRSC VIC MODEL
Andhra Pradesh,East Godavari,2024-05-02,2024,05,0.0,NRSC VIC MODEL
Andhra Pradesh,East Godavari,2024-05-04,2024,05,0.9022516904,NRSC VIC MODEL
Andhra Pradesh,East Godavari,2024-05-05,2024,05,0.11652359,NRSC VIC MODEL
Andhra Pradesh,East Godavari,2024-05-09,2024,05,0.0002574036,NRSC VIC MODEL
Andhra Pradesh,East Godavari,2024-05-13,2024,05,0.6205573125,NRSC VIC MODEL
Andhra Pradesh,East Godavari,2024-05-22,2024,05,3.6967876491,NRSC VIC MODEL
Andhra Pradesh,East Godavari,2024-05-30,2024,05,0.0,NRSC VIC MODEL
Andhra Pradesh,East Godavari,2024-06-12,2024,06,1.3194515604,NRSC VIC MODEL
Andhra Pradesh,East Godavari,2024-06-19,2024,06,6.4734347708,NRSC VIC MODEL
Andhra Pradesh,East Godavari,2024-07-04,2024,07,2.160131558,NRSC VIC MODEL
Andhra Pradesh,East Godavari,2024-07-08,2024,07,3.9850228795,NRSC VIC MODEL
Andhra Pradesh,East Godavari,2024-07-16,2024,07,1.1415829162,NRSC VIC MODEL
Andhra Pradesh,East Godavari,2024-07-17,2024,07,12.5287740579,NRSC VIC MODEL
Andhra Pradesh,East Godavari,2024-07-23,2024,07,11.9651980738,NRSC VIC MODEL
Andhra Pradesh,East Godavari,2024-07-26,2024,07,3.6246344618,NRSC VIC MODEL
Andhra Pradesh,East Godavari,2024-08-13,2024,08,0.3942191082,NRSC VIC MODEL
Andhra Pradesh,East Godavari,2024-08-14,2024,08,4.6323439961,NRSC VIC MODEL
Andhra Pradesh,East Godavari,2024-08-16,2024,08,4.9566563735,NRSC VIC MODEL
Andhra Pradesh,East Godavari,2024-08-17,2024,08,5.3737975696,NRSC VIC MODEL
Andhra Pradesh,East Godavari,2024-08-20,2024,08,2.82930293,NRSC VIC MODEL
Andhra Pradesh,East Godavari,2024-08-25,2024,08,15.1439862625,NRSC VIC MODEL
Andhra Pradesh,East Godavari,2024-08-31,2024,08,18.9215862149,NRSC VIC MODEL
Andhra Pradesh,East Godavari,2024-09-03,2024,09,7.6651535013,NRSC VIC MODEL
Andhra Pradesh,East Godavari,2024-09-10,2024,09,5.2632886618,NRSC VIC MODEL
Andhra Pradesh,East Godavari,2024-09-13,2024,09,0.8591876534,NRSC VIC MODEL
Andhra Pradesh,East Godavari,2024-09-14,2024,09,1.100454451,NRSC VIC MODEL
Andhra Pradesh,East Godavari,2024-09-16,2024,09,0.4211505353,NRSC VIC MODEL
Andhra Pradesh,East Godavari,2024-09-19,2024,09,1.4108885621,NRSC VIC MODEL
Andhra Pradesh,East Godavari,2024-09-23,2024,09,16.8613172688,NRSC VIC MODEL
Andhra Pradesh,East Godavari,2024-09-24,2024,09,16.0994488642,NRSC VIC MODEL
Andhra Pradesh,East Godavari,2024-09-25,2024,09,16.1833697446,NRSC VIC MODEL
Andhra Pradesh,East Godavari,2024-09-29,2024,09,4.9485499312,NRSC VIC MODEL
Andhra Pradesh,East Godavari,2024-09-30,2024,09,3.8978097733,NRSC VIC MODEL
Andhra Pradesh,East Godavari,2024-10-07,2024,10,6.8689199961,NRSC VIC MODEL
Andhra Pradesh,East Godavari,2024-10-13,2024,10,3.5218089093,NRSC VIC MODEL
Andhra Pradesh,East Godavari,2024-10-26,2024,10,1.9822042278,NRSC VIC MODEL
Andhra Pradesh,East Godavari,2024-10-30,2024,10,1.3506649175,NRSC VIC MODEL
Andhra Pradesh,East Godavari,2024-11-10,2024,11,0.7755179826,NRSC VIC MODEL
Andhra Pradesh,East Godavari,2024-11-11,2024,11,0.8455523684,NRSC VIC MODEL
Andhra Pradesh,East Godavari,2024-11-19,2024,11,0.0006103784,NRSC VIC MODEL
Andhra Pradesh,East Godavari,2024-11-23,2024,11,0.0,NRSC VIC MODEL
Andhra Pradesh,East Godavari,2024-12-07,2024,12,0.0002744027,NRSC VIC MODEL
Andhra Pradesh,East Godavari,2024-12-14,2024,12,0.0188003762,NRSC VIC MODEL
Andhra Pradesh,Guntur,2024-01-01,2024,01,0.005195026,NRSC VIC MODEL
Andhra Pradesh,Guntur,2024-01-03,2024,01,0.0,NRSC VIC MODEL
Andhra Pradesh,Guntur,2024-01-04,2024,01,0.0,NRSC VIC MODEL
Andhra Pradesh,Guntur,2024-01-05,2024,01,2.2607e-05,NRSC VIC MODEL
Andhra Pradesh,Guntur,2024-01-31,2024,01,0.0,NRSC VIC MODEL
Andhra Pradesh,Guntur,2024-02-05,2024,02,0.0,NRSC VIC MODEL
Andhra Pradesh,Guntur,2024-02-06,2024,02,0.0127566064,NRSC VIC MODEL
Andhra Pradesh,Guntur,2024-02-07,2024,02,0.0,NRSC VIC MODEL
Andhra Pradesh,Guntur,2024-02-08,2024,02,0.0,NRSC VIC MODEL
Andhra Pradesh,Guntur,2024-02-14,2024,02,0.0,NRSC VIC MODEL
Andhra Pradesh,Guntur,2024-03-02,2024,03,0.0,NRSC VIC MODEL
Andhra Pradesh,Guntur,2024-03-22,2024,03,0.0,NRSC VIC MODEL
Andhra Pradesh,Guntur,2024-03-30,2024,03,0.0,NRSC VIC MODEL
Andhra Pradesh,Guntur,2024-04-06,2024,04,0.0021031746,NRSC VIC MODEL
Andhra Pradesh,Guntur,2024-04-07,2024,04,0.0003324095,NRSC VIC MODEL
Andhra Pradesh,Guntur,2024-04-08,2024,04,0.002542644,NRSC VIC MODEL
Andhra Pradesh,Guntur,2024-04-09,2024,04,0.0,NRSC VIC MODEL
Andhra Pradesh,Guntur,2024-04-16,2024,04,0.0,NRSC VIC MODEL
Andhra Pradesh,Guntur,2024-04-24,2024,04,0.0123500701,NRSC VIC MODEL
Andhra Pradesh,Guntur,2024-04-26,2024,04,0.000753376,NRSC VIC MODEL
Andhra Pradesh,Guntur,2024-04-27,2024,04,0.0005964227,NRSC VIC MODEL
Andhra Pradesh,Guntur,2024-05-01,2024,05,0.0,NRSC VIC MODEL
Andhra Pradesh,Guntur,2024-05-11,2024,05,1.942630416,NRSC VIC MODEL
Andhra Pradesh,Guntur,2024-05-13,2024,05,2.3213504423,NRSC VIC MODEL
Andhra Pradesh,Guntur,2024-05-16,2024,05,0.2771902268,NRSC VIC MODEL
Andhra Pradesh,Guntur,2024-05-21,2024,05,5.3125545078,NRSC VIC MODEL
Andhra Pradesh,Guntur,2024-05-22,2024,05,0.7123105915,NRSC VIC MODEL
Andhra Pradesh,Guntur,2024-05-23,2024,05,0.0,NRSC VIC MODEL
Andhra Pradesh,Guntur,2024-05-24,2024,05,2.4914034352,NRSC VIC MODEL
Andhra Pradesh,Guntur,2024-05-30,2024,05,0.0,NRSC VIC MODEL
Andhra Pradesh,Guntur,2024-06-06,2024,06,13.1984414781,NRSC VIC MODEL
Andhra Pradesh,Guntur,2024-06-08,2024,06,9.690908042,NRSC VIC MODEL
Andhra Pradesh,Guntur,2024-06-19,2024,06,12.3968567442,NRSC VIC MODEL
Andhra Pradesh,Guntur,2024-06-22,2024,06,3.558249118,NRSC VIC MODEL
Andhra Pradesh,Guntur,2024-06-24,2024,06,2.9700906195,NRSC VIC MODEL
Andhra Pradesh,Guntur,2024-07-01,2024,07,10.6067008908,NRSC VIC MODEL
Andhra Pradesh,Guntur,2024-07-27,2024,07,1.2240504229,NRSC VIC MODEL
Andhra Pradesh,Guntur,2024-08-05,2024,08,0.1710903261,NRSC VIC MODEL
Andhra Pradesh,Guntur,2024-08-10,2024,08,3.4505285391,NRSC VIC MODEL
Andhra Pradesh,Guntur,2024-08-12,2024,08,0.0691062123,NRSC VIC MODEL
Andhra Pradesh,Guntur,2024-08-13,2024,08,5.1211185761,NRSC VIC MODEL
Andhra Pradesh,Guntur,2024-08-16,2024,08,4.9596465094,NRSC VIC MODEL
Andhra Pradesh,Guntur,2024-08-18,2024,08,1.9265198549,NRSC VIC MODEL
Andhra Pradesh,Guntur,2024-08-24,2024,08,3.5983480167,NRSC VIC MODEL
Andhra Pradesh,Srikakulam,2024-08-22,2024,08,8.0823136872,NRSC VIC MODEL
Andhra Pradesh,Srikakulam,2024-09-06,2024,09,9.7641247916,NRSC VIC MODEL
Andhra Pradesh,Srikakulam,2024-09-07,2024,09,10.2381119142,NRSC VIC MODEL
Andhra Pradesh,Srikakulam,2024-09-16,2024,09,1.4533628947,NRSC VIC MODEL
Andhra Pradesh,Srikakulam,2024-09-20,2024,09,5.0907995782,NRSC VIC MODEL
Andhra Pradesh,Srikakulam,2024-09-28,2024,09,1.4136279084,NRSC VIC MODEL
Andhra Pradesh,Srikakulam,2024-09-29,2024,09,4.1562453595,NRSC VIC MODEL
Andhra Pradesh,Srikakulam,2024-10-12,2024,10,0.5038935357,NRSC VIC MODEL
Andhra Pradesh,Srikakulam,2024-10-15,2024,10,0.6653832322,NRSC VIC MODEL
Andhra Pradesh,Srikakulam,2024-10-19,2024,10,11.254464515,NRSC VIC MODEL
Andhra Pradesh,Srikakulam,2024-10-30,2024,10,1.7201253891,NRSC VIC MODEL
Andhra Pradesh,Srikakulam,2024-11-11,2024,11,0.8032662002,NRSC VIC MODEL
Andhra Pradesh,Srikakulam,2024-11-16,2024,11,0.0,NRSC VIC MODEL
Andhra Pradesh,Srikakulam,2024-11-22,2024,11,2.0343e-06,NRSC VIC MODEL
Andhra Pradesh,Srikakulam,2024-11-28,2024,11,0.0,NRSC VIC MODEL
Andhra Pradesh,Srikakulam,2024-12-03,2024,12,0.3044509132,NRSC VIC MODEL
Andhra Pradesh,Srikakulam,2024-12-05,2024,12,0.0,NRSC VIC MODEL
Andhra Pradesh,Srikakulam,2024-12-08,2024,12,0.0600574129,NRSC VIC MODEL
Andhra Pradesh,Srikakulam,2024-12-09,2024,12,0.0277084299,NRSC VIC MODEL
Andhra Pradesh,Srikakulam,2024-12-11,2024,12,0.1279268315,NRSC VIC MODEL
Andhra Pradesh,Srikakulam,2024-12-15,2024,12,0.0008927644,NRSC VIC MODEL
Andhra Pradesh,Srikakulam,2024-12-30,2024,12,0.0,NRSC VIC MODEL
Andhra Pradesh,Visakhapatanam,2024-01-12,2024,01,0.0,NRSC VIC MODEL
Andhra Pradesh,Visakhapatanam,2024-01-27,2024,01,0.0577855382,NRSC VIC MODEL
Andhra Pradesh,Visakhapatanam,2024-01-28,2024,01,0.0,NRSC VIC MODEL
Andhra Pradesh,Visakhapatanam,2024-01-31,2024,01,0.0,NRSC VIC MODEL
Andhra Pradesh,Visakhapatanam,2024-02-02,2024,02,0.6084823951,NRSC VIC MODEL
Andhra Pradesh,Visakhapatanam,2024-02-12,2024,02,0.0,NRSC VIC MODEL
Andhra Pradesh,Visakhapatanam,2024-02-16,2024,02,0.0052240444,NRSC VIC MODEL
Andhra Pradesh,Visakhapatanam,2024-03-01,2024,03,0.0062794275,NRSC VIC MODEL
Andhra Pradesh,Visakhapatanam,2024-03-02,2024,03,0.0010072197,NRSC VIC MODEL
Andhra Pradesh,Visakhapatanam,2024-03-04,2024,03,0.0,NRSC VIC MODEL
Andhra Pradesh,Visakhapatanam,2024-03-13,2024,03,4.04056e-05,NRSC VIC MODEL
Andhra Pradesh,Visakhapatanam,2024-03-18,2024,03,0.0045832383,NRSC VIC MODEL
Andhra Pradesh,Visakhapatanam,2024-03-19,2024,03,0.0035112157,NRSC VIC MODEL
Andhra Pradesh,Visakhapatanam,2024-03-20,2024,03,0.8270829252,NRSC VIC MODEL
Andhra Pradesh,Visakhapatanam,2024-03-25,2024,03,0.0072129747,NRSC VIC MODEL
Andhra Pradesh,Visakhapatanam,2024-03-28,2024,03,0.004872728,NRSC VIC MODEL
Andhra Pradesh,Visakhapatanam,2024-04-03,2024,04,0.0,NRSC VIC MODEL
Andhra Pradesh,Visakhapatanam,2024-04-10,2024,04,0.0004881483,NRSC VIC MODEL
Andhra Pradesh,Visakhapatanam,2024-04-11,2024,04,0.1824890008,NRSC VIC MODEL
Andhra Pradesh,Visakhapatanam,2024-04-19,2024,04,0.5341325449,NRSC VIC MODEL
Andhra Pradesh,Visakhapatanam,2024-04-22,2024,04,8.7711216114,NRSC VIC MODEL
Andhra Pradesh,Visakhapatanam,2024-04-29,2024,04,2.4797833092,NRSC VIC MODEL
Andhra Pradesh,Visakhapatanam,2024-04-30,2024,04,0.9796631175,NRSC VIC MODEL
Andhra Pradesh,Visakhapatanam,2024-05-08,2024,05,4.9588699107,NRSC VIC MODEL
Andhra Pradesh,Visakhapatanam,2024-05-22,2024,05,1.537859139,NRSC VIC MODEL
Andhra Pradesh,Visakhapatanam,2024-05-24,2024,05,0.1973408035,NRSC VIC MODEL
Andhra Pradesh,Visakhapatanam,2024-06-08,2024,06,0.6839360507,NRSC VIC MODEL
Andhra Pradesh,Visakhapatanam,2024-06-10,2024,06,1.1989022547,NRSC VIC MODEL
Andhra Pradesh,Visakhapatanam,2024-06-16,2024,06,14.7389841737,NRSC VIC MODEL
Andhra Pradesh,Visakhapatanam,2024-06-27,2024,06,28.7503848127,NRSC VIC MODEL
Andhra Pradesh,Visakhapatanam,2024-06-28,2024,06,12.5188753034,NRSC VIC MODEL
Andhra Pradesh,Visakhapatanam,2024-07-03,2024,07,5.9532689122,NRSC VIC MODEL
Andhra Pradesh,Visakhapatanam,2024-07-18,2024,07,4.6667779135,NRSC VIC MODEL
Andhra Pradesh,Visakhapatanam,2024-07-24,2024,07,9.625502467,NRSC VIC MODEL
Andhra Pradesh,Visakhapatanam,2024-07-26,2024,07,16.9742607027,NRSC VIC MODEL
Andhra Pradesh,Visakhapatanam,2024-07-28,2024,07,4.4666931663,NRSC VIC MODEL
Andhra Pradesh,Visakhapatanam,2024-08-08,2024,08,4.7421102279,NRSC VIC MODEL
Andhra Pradesh,Visakhapatanam,2024-08-14,2024,08,8.1518898621,NRSC VIC MODEL
Andhra Pradesh,Visakhapatanam,2024-08-15,2024,08,5.6088311866,NRSC VIC MODEL
Andhra Pradesh,Visakhapatanam,2024-08-18,2024,08,6.9168739369,NRSC VIC MODEL
Andhra Pradesh,Visakhapatanam,2024-08-22,2024,08,12.9459935783,NRSC VIC MODEL
Andhra Pradesh,Visakhapatanam,2024-08-24,2024,08,10.9985319723,NRSC VIC MODEL
Andhra Pradesh,Visakhapatanam,2024-08-25,2024,08,5.0283237631,NRSC VIC MODEL
Andhra Pradesh,Visakhapatanam,2024-08-30,2024,08,18.5307779987,NRSC VIC MODEL
Andhra Pradesh,Visakhapatanam,2024-09-05,2024,09,20.7931798173,NRSC VIC MODEL
Andhra Pradesh,Visakhapatanam,2024-09-12,2024,09,0.4870187928,NRSC VIC MODEL
Andhra Pradesh,Visakhapatanam,2024-09-17,2024,09,1.7813965162,NRSC VIC MODEL
Andhra Pradesh,Visakhapatanam,2024-09-19,2024,09,5.7100556399,NRSC VIC MODEL
Andhra Pradesh,Visakhapatanam,2024-10-03,2024,10,0.3283858857,NRSC VIC MODEL
Andhra Pradesh,Visakhapatanam,2024-10-04,2024,10,0.3865992127,NRSC VIC MODEL
Andhra Pradesh,Visakhapatanam,2024-10-10,2024,10,0.4971173609,NRSC VIC MODEL
Andhra Pradesh,Visakhapatanam,2024-10-13,2024,10,1.4291099101,NRSC VIC MODEL
Andhra Pradesh,Visakhapatanam,2024-10-21,2024,10,6.0762460501,NRSC VIC MODEL
Andhra Pradesh,Visakhapatanam,2024-10-23,2024,10,0.0599253785,NRSC VIC MODEL
Andhra Pradesh,Visakhapatanam,2024-10-25,2024,10,1.1851311426,NRSC VIC MODEL
Andhra Pradesh,Visakhapatanam,2024-10-30,2024,10,3.5802970216,NRSC VIC MODEL
Andhra Pradesh,Visakhapatanam,2024-10-31,2024,10,0.4017167795,NRSC VIC MODEL
Andhra Pradesh,Visakhapatanam,2024-11-01,2024,11,0.0786329939,NRSC VIC MODEL
Andhra Pradesh,Visakhapatanam,2024-11-06,2024,11,0.2498577325,NRSC VIC MODEL
Andhra Pradesh,Visakhapatanam,2024-11-10,2024,11,0.5477023028,NRSC VIC MODEL
Andhra Pradesh,Visakhapatanam,2024-11-11,2024,11,0.8909673727,NRSC VIC MODEL
Andhra Pradesh,Visakhapatanam,2024-11-16,2024,11,0.0013576775,NRSC VIC MODEL
Andhra Pradesh,Visakhapatanam,2024-11-21,2024,11,0.0,NRSC VIC MODEL
Andhra Pradesh,Visakhapatanam,2024-11-22,2024,11,0.0,NRSC VIC MODEL
Andhra Pradesh,Visakhapatanam,2024-11-27,2024,11,0.0531729153,NRSC VIC MODEL
Andhra Pradesh,Visakhapatanam,2024-12-06,2024,12,0.812876873,NRSC VIC MODEL
Andhra Pradesh,Visakhapatanam,2024-12-12,2024,12,0.0,NRSC VIC MODEL
Andhra Pradesh,Visakhapatanam,2024-12-22,2024,12,0.7256055073,NRSC VIC MODEL
Andhra Pradesh,Visakhapatanam,2024-12-26,2024,12,1.8017283018,NRSC VIC MODEL
Andhra Pradesh,Visakhapatanam,2024-12-28,2024,12,0.0,NRSC VIC MODEL
Andhra Pradesh,Vizianagaram,2024-01-09,2024,01,0.0001138324,NRSC VIC MODEL
Andhra Pradesh,Vizianagaram,2024-01-11,2024,01,3.8469e-06,NRSC VIC MODEL
Andhra Pradesh,Vizianagaram,2024-01-16,2024,01,0.0,NRSC VIC MODEL
Andhra Pradesh,Vizianagaram,2024-01-19,2024,01,0.0002873136,NRSC VIC MODEL
Andhra Pradesh,Vizianagaram,2024-01-21,2024,01,0.0,NRSC VIC MODEL
Andhra Pradesh,Vizianagaram,2024-01-22,2024,01,0.0,NRSC VIC MODEL
Andhra Pradesh,Vizianagaram,2024-02-07,2024,02,0.0,NRSC VIC MODEL
Andhra Pradesh,Vizianagaram,2024-02-15,2024,02,0.0,NRSC VIC MODEL
Andhra Pradesh,Vizianagaram,2024-02-18,2024,02,0.0005398361,NRSC VIC MODEL
Andhra Pradesh,Vizianagaram,2024-02-27,2024,02,0.0048744386,NRSC VIC MODEL
Andhra Pradesh,Vizianagaram,2024-03-01,2024,03,0.0,NRSC VIC MODEL
Andhra Pradesh,Vizianagaram,2024-03-03,2024,03,0.0,NRSC VIC MODEL
Andhra Pradesh,Vizianagaram,2024-03-18,2024,03,0.0086379307,NRSC VIC MODEL
Andhra Pradesh,Vizianagaram,2024-03-20,2024,03,19.4887706723,NRSC VIC MODEL
Andhra Pradesh,Vizianagaram,2024-03-25,2024,03,4.11605e-05,NRSC VIC MODEL
Andhra Pradesh,Vizianagaram,2024-03-27,2024,03,0.0001245699,NRSC VIC MODEL
Andhra Pradesh,Vizianagaram,2024-04-01,2024,04,0.7461240857,NRSC VIC MODEL
Andhra Pradesh,Vizianagaram,2024-04-07,2024,04,0.0010912271,NRSC VIC MODEL
Andhra Pradesh,Vizianagaram,2024-04-12,2024,04,0.0097201393,NRSC VIC MODEL
Andhra Pradesh,Vizianagaram,2024-04-15,2024,04,0.0,NRSC VIC MODEL
Andhra Pradesh,Vizianagaram,2024-04-16,2024,04,0.0,NRSC VIC MODEL
Andhra Pradesh,Vizianagaram,2024-04-19,2024,04,0.0013172278,NRSC VIC MODEL
Andhra Pradesh,Vizianagaram,2024-04-20,2024,04,0.2113692058,NRSC VIC MODEL
Andhra Pradesh,Vizianagaram,2024-04-21,2024,04,1.1918690281,NRSC VIC MODEL
Andhra Pradesh,Vizianagaram,2024-04-28,2024,04,0.4919107941,NRSC VIC MODEL
Andhra Pradesh,Vizianagaram,2024-05-03,2024,05,0.1252376872,NRSC VIC MODEL
Andhra Pradesh,Vizianagaram,2024-05-05,2024,05,0.0001138324,NRSC VIC MODEL
Andhra Pradesh,Vizianagaram,2024-05-08,2024,05,2.6851277782,NRSC VIC MODEL
Andhra Pradesh,Vizianagaram,2024-05-12,2024,05,0.0742095181,NRSC VIC MODEL
Andhra Pradesh,Vizianagaram,2024-05-13,2024,05,0.7205065745,NRSC VIC MODEL
Andhra Pradesh,Vizianagaram,2024-05-29,2024,05,0.0,NRSC VIC MODEL
Andhra Pradesh,Vizianagaram,2024-06-01,2024,06,24.9173198084,NRSC VIC MODEL
Andhra Pradesh,Vizianagaram,2024-06-05,2024,06,5.0751180914,NRSC VIC MODEL
Andhra Pradesh,Vizianagaram,2024-06-06,2024,06,13.5874166591,NRSC VIC MODEL
Andhra Pradesh,Vizianagaram,2024-06-22,2024,06,11.0296809761,NRSC VIC MODEL
Andhra Pradesh,Vizianagaram,2024-06-28,2024,06,17.568757679,NRSC VIC MODEL
Andhra Pradesh,Vizianagaram,2024-07-03,2024,07,0.2998164019,NRSC VIC MODEL
Andhra Pradesh,Vizianagaram,2024-07-06,2024,07,9.9107281388,NRSC VIC MODEL
Andhra Pradesh,Vizianagaram,2024-07-27,2024,07,10.9849589196,NRSC VIC MODEL
Andhra Pradesh,Vizianagaram,2024-07-29,2024,07,0.0258032228,NRSC VIC MODEL
Andhra Pradesh,Vizianagaram,2024-07-30,2024,07,2.5405734489,NRSC VIC MODEL
Andhra Pradesh,Anantapur,2024-01-01,2024,01,0.1431652975,NRSC VIC MODEL
Andhra Pradesh,Anantapur,2024-01-04,2024,01,0.0162323679,NRSC VIC MODEL
Andhra Pradesh,Anantapur,2024-01-07,2024,01,0.0021907681,NRSC VIC MODEL
Andhra Pradesh,Anantapur,2024-01-10,2024,01,0.0014340467,NRSC VIC MODEL
Andhra Pradesh,Anantapur,2024-01-17,2024,01,0.0,NRSC VIC MODEL
Andhra Pradesh,Anantapur,2024-01-20,2024,01,0.0,NRSC VIC MODEL
Andhra Pradesh,Anantapur,2024-01-28,2024,01,0.0,NRSC VIC MODEL
Andhra Pradesh,Anantapur,2024-02-04,2024,02,0.0,NRSC VIC MODEL
Andhra Pradesh,Anantapur,2024-02-06,2024,02,0.0017542476,NRSC VIC MODEL
Andhra Pradesh,Anantapur,2024-02-19,2024,02,0.0,NRSC VIC MODEL
Andhra Pradesh,Anantapur,2024-02-28,2024,02,0.0,NRSC VIC MODEL
Andhra Pradesh,Anantapur,2024-02-29,2024,02,8.97632e-05,NRSC VIC MODEL
Andhra Pradesh,Anantapur,2024-03-10,2024,03,0.0,NRSC VIC MODEL
Andhra Pradesh,Anantapur,2024-03-12,2024,03,0.0012132996,NRSC VIC MODEL
Andhra Pradesh,Anantapur,2024-03-15,2024,03,0.0,NRSC VIC MODEL
Andhra Pradesh,Anantapur,2024-03-16,2024,03,6.50608e-05,NRSC VIC MODEL
Andhra Pradesh,Anantapur,2024-03-18,2024,03,0.0,NRSC VIC MODEL
Andhra Pradesh,Anantapur,2024-03-22,2024,03,0.0,NRSC VIC MODEL
Andhra Pradesh,Anantapur,2024-04-06,2024,04,0.0062963415,NRSC VIC MODEL
Andhra Pradesh,Anantapur,2024-04-11,2024,04,0.1063228513,NRSC VIC MODEL
Andhra Pradesh,Anantapur,2024-04-12,2024,04,0.1145360335,NRSC VIC MODEL
Andhra Pradesh,Anantapur,2024-04-22,2024,04,7.60995e-05,NRSC VIC MODEL
Andhra Pradesh,Anantapur,2024-04-23,2024,04,0.1834531388,NRSC VIC MODEL
Andhra Pradesh,Anantapur,2024-04-27,2024,04,0.0,NRSC VIC MODEL
Andhra Pradesh,Anantapur,2024-05-02,2024,05,0.0002952097,NRSC VIC MODEL
Andhra Pradesh,Anantapur,2024-05-04,2024,05,0.4216108594,NRSC VIC MODEL
Andhra Pradesh,Anantapur,2024-05-06,2024,05,0.0,NRSC VIC MODEL
Andhra Pradesh,Anantapur,2024-05-15,2024,05,1.3519529929,NRSC VIC MODEL
Andhra Pradesh,Anantapur,2024-05-17,2024,05,1.8349650713,NRSC VIC MODEL
Andhra Pradesh,Anantapur,2024-06-02,2024,06,16.5980282296,NRSC VIC MODEL
Andhra Pradesh,Anantapur,2024-06-05,2024,06,3.3934595127,NRSC VIC MODEL
Andhra Pradesh,Anantapur,2024-06-06,2024,06,15.147991233,NRSC VIC MODEL
Andhra Pradesh,Anantapur,2024-06-07,2024,06,12.5562781209,NRSC VIC MODEL
Andhra Pradesh,Anantapur,2024-06-10,2024,06,2.5537356492,NRSC VIC MODEL
Andhra Pradesh,Anantapur,2024-06-16,2024,06,0.000856076,NRSC VIC MODEL
Andhra Pradesh,Anantapur,2024-06-18,2024,06,5.3404841841,NRSC VIC MODEL
Andhra Pradesh,Anantapur,2024-06-19,2024,06,6.8927288871,NRSC VIC MODEL
Andhra Pradesh,Anantapur,2024-06-22,2024,06,0.6048129966,NRSC VIC MODEL
Andhra Pradesh,Anantapur,2024-07-25,2024,07,0.0003226061,NRSC VIC MODEL
Andhra Pradesh,Anantapur,2024-08-03,2024,08,0.40858178,NRSC VIC MODEL
Andhra Pradesh,Anantapur,2024-08-10,2024,08,2.7706940849,NRSC VIC MODEL
Andhra Pradesh,Anantapur,2024-08-17,2024,08,11.0565944853,NRSC VIC MODEL
Andhra Pradesh,Anantapur,2024-08-18,2024,08,3.4619738235,NRSC VIC MODEL
Andhra Pradesh,Anantapur,2024-08-22,2024,08,1.9420031024,NRSC VIC MODEL
Andhra Pradesh,Anantapur,2024-08-25,2024,08,0.1914605871,NRSC VIC MODEL
Andhra Pradesh,Anantapur,2024-08-31,2024,08,14.3408417311,NRSC VIC MODEL
Andhra Pradesh,Anantapur,2024-09-03,2024,09,0.9099668486,NRSC VIC MODEL
Andhra Pradesh,Anantapur,2024-09-13,2024,09,0.19581141,NRSC VIC MODEL
Andhra Pradesh,Anantapur,2024-09-20,2024,09,0.6565494328,NRSC VIC MODEL
Andhra Pradesh,Anantapur,2024-09-22,2024,09,9.0340463337,NRSC VIC MODEL
Andhra Pradesh,Anantapur,2024-09-23,2024,09,7.7570666433,NRSC VIC MODEL
Andhra Pradesh,Anantapur,2024-09-26,2024,09,3.161652238,NRSC VIC MODEL
Andhra Pradesh,Anantapur,2024-10-06,2024,10,5.5756587164,NRSC VIC MODEL
Andhra Pradesh,Anantapur,2024-10-11,2024,10,11.0406570742,NRSC VIC MODEL
Andhra Pradesh,Anantapur,2024-10-15,2024,10,15.8339487389,NRSC VIC MODEL
Andhra Pradesh,Anantapur,2024-10-16,2024,10,19.3370067118,NRSC VIC MODEL
Andhra Pradesh,Anantapur,2024-10-17,2024,10,13.1284481434,NRSC VIC MODEL
Andhra Pradesh,Anantapur,2024-10-19,2024,10,9.3147477867,NRSC VIC MODEL
Andhra Pradesh,Anantapur,2024-10-20,2024,10,1.1954682173,NRSC VIC MODEL
Andhra Pradesh,Anantapur,2024-10-25,2024,10,0.0,NRSC VIC MODEL
Andhra Pradesh,Anantapur,2024-11-01,2024,11,1.4547326704,NRSC VIC MODEL
Andhra Pradesh,Anantapur,2024-11-02,2024,11,0.1490638163,NRSC VIC MODEL
Andhra Pradesh,Anantapur,2024-11-13,2024,11,1.3657967218,NRSC VIC MODEL
Andhra Pradesh,Anantapur,2024-11-28,2024,11,0.0,NRSC VIC MODEL
Andhra Pradesh,Anantapur,2024-12-06,2024,12,0.8465477351,NRSC VIC MODEL
Andhra Pradesh,Anantapur,2024-12-21,2024,12,0.0002584385,NRSC VIC MODEL
Andhra Pradesh,Chittoor,2024-01-03,2024,01,0.0018067879,NRSC VIC MODEL
Andhra Pradesh,Chittoor,2024-01-05,2024,01,0.274727136,NRSC VIC MODEL
Andhra Pradesh,Chittoor,2024-01-12,2024,01,0.0,NRSC VIC MODEL
Andhra Pradesh,Chittoor,2024-01-24,2024,01,0.0,NRSC VIC MODEL
Andhra Pradesh,Chittoor,2024-01-31,2024,01,0.0,NRSC VIC MODEL
Andhra Pradesh,Chittoor,2024-02-02,2024,02,0.7163208387,NRSC VIC MODEL
Andhra Pradesh,Chittoor,2024-02-19,2024,02,0.0,NRSC VIC MODEL
Andhra Pradesh,Chittoor,2024-02-25,2024,02,0.0,NRSC VIC MODEL
Andhra Pradesh,Guntur,2024-08-27,2024,08,2.6468934743,NRSC VIC MODEL
Andhra Pradesh,Guntur,2024-08-31,2024,08,77.0862164482,NRSC VIC MODEL
Andhra Pradesh,Guntur,2024-09-01,2024,09,14.3927445756,NRSC VIC MODEL
Andhra Pradesh,Guntur,2024-09-07,2024,09,9.2771231666,NRSC VIC MODEL
Andhra Pradesh,Guntur,2024-09-09,2024,09,2.4193707593,NRSC VIC MODEL
Andhra Pradesh,Guntur,2024-09-15,2024,09,0.0770434053,NRSC VIC MODEL
Andhra Pradesh,Guntur,2024-09-19,2024,09,0.2077590627,NRSC VIC MODEL
Andhra Pradesh,Guntur,2024-09-22,2024,09,12.3098535355,NRSC VIC MODEL
Andhra Pradesh,Guntur,2024-09-27,2024,09,7.1126209453,NRSC VIC MODEL
Andhra Pradesh,Guntur,2024-10-01,2024,10,0.5372245201,NRSC VIC MODEL
Andhra Pradesh,Guntur,2024-10-04,2024,10,1.2575521627,NRSC VIC MODEL
Andhra Pradesh,Guntur,2024-10-10,2024,10,6.2382437992,NRSC VIC MODEL
Andhra Pradesh,Guntur,2024-10-12,2024,10,6.7843812623,NRSC VIC MODEL
Andhra Pradesh,Guntur,2024-10-14,2024,10,7.0405703265,NRSC VIC MODEL
Andhra Pradesh,Guntur,2024-10-18,2024,10,10.8840451013,NRSC VIC MODEL
Andhra Pradesh,Guntur,2024-11-01,2024,11,0.0304746581,NRSC VIC MODEL
Andhra Pradesh,Guntur,2024-11-06,2024,11,0.0514953374,NRSC VIC MODEL
Andhra Pradesh,Guntur,2024-11-09,2024,11,1.282960084,NRSC VIC MODEL
Andhra Pradesh,Guntur,2024-11-22,2024,11,0.0549687562,NRSC VIC MODEL
Andhra Pradesh,Guntur,2024-11-24,2024,11,0.0002768641,NRSC VIC MODEL
Andhra Pradesh,Guntur,2024-11-28,2024,11,0.0,NRSC VIC MODEL
Andhra Pradesh,Guntur,2024-11-29,2024,11,0.0478320134,NRSC VIC MODEL
Andhra Pradesh,Guntur,2024-12-12,2024,12,0.0017400063,NRSC VIC MODEL
Andhra Pradesh,Guntur,2024-12-16,2024,12,0.0088453877,NRSC VIC MODEL
Andhra Pradesh,Guntur,2024-12-17,2024,12,0.0016906026,NRSC VIC MODEL
Andhra Pradesh,Guntur,2024-12-20,2024,12,0.2511309432,NRSC VIC MODEL
Andhra Pradesh,Guntur,2024-12-23,2024,12,0.0,NRSC VIC MODEL
Andhra Pradesh,Guntur,2024-12-31,2024,12,6.21315e-05,NRSC VIC MODEL
Andhra Pradesh,Krishna,2024-01-02,2024,01,0.0,NRSC VIC MODEL
Andhra Pradesh,Krishna,2024-01-03,2024,01,0.0,NRSC VIC MODEL
Andhra Pradesh,Krishna,2024-01-04,2024,01,0.0,NRSC VIC MODEL
Andhra Pradesh,Krishna,2024-01-08,2024,01,0.0022196354,NRSC VIC MODEL
Andhra Pradesh,Krishna,2024-01-10,2024,01,0.0024680287,NRSC VIC MODEL
Andhra Pradesh,Krishna,2024-01-14,2024,01,0.0,NRSC VIC MODEL
Andhra Pradesh,Krishna,2024-01-23,2024,01,0.0,NRSC VIC MODEL
Andhra Pradesh,Krishna,2024-01-28,2024,01,0.0,NRSC VIC MODEL
Andhra Pradesh,Krishna,2024-02-04,2024,02,0.0,NRSC VIC MODEL
Andhra Pradesh,Krishna,2024-02-08,2024,02,0.0,NRSC VIC MODEL
Andhra Pradesh,Krishna,2024-02-13,2024,02,0.0,NRSC VIC MODEL
Andhra Pradesh,Krishna,2024-02-20,2024,02,0.0,NRSC VIC MODEL
Andhra Pradesh,Krishna,2024-03-03,2024,03,0.0,NRSC VIC MODEL
Andhra Pradesh,Krishna,2024-03-12,2024,03,0.005369384,NRSC VIC MODEL
Andhra Pradesh,Krishna,2024-03-25,2024,03,0.0,NRSC VIC MODEL
Andhra Pradesh,Krishna,2024-03-26,2024,03,0.0,NRSC VIC MODEL
Andhra Pradesh,Krishna,2024-04-01,2024,04,0.3017666127,NRSC VIC MODEL
Andhra Pradesh,Krishna,2024-04-13,2024,04,-0.0007896749,NRSC VIC MODEL
Andhra Pradesh,Krishna,2024-04-18,2024,04,0.0497115318,NRSC VIC MODEL
Andhra Pradesh,Krishna,2024-04-21,2024,04,0.0003467143,NRSC VIC MODEL
Andhra Pradesh,Krishna,2024-04-25,2024,04,0.0,NRSC VIC MODEL
Andhra Pradesh,Krishna,2024-05-03,2024,05,0.0,NRSC VIC MODEL
Andhra Pradesh,Krishna,2024-05-05,2024,05,0.1131629044,NRSC VIC MODEL
Andhra Pradesh,Krishna,2024-05-06,2024,05,1.8588376894,NRSC VIC MODEL
Andhra Pradesh,Krishna,2024-05-13,2024,05,1.3771954649,NRSC VIC MODEL
Andhra Pradesh,Krishna,2024-05-23,2024,05,0.000233784,NRSC VIC MODEL
Andhra Pradesh,Krishna,2024-05-30,2024,05,0.0,NRSC VIC MODEL
Andhra Pradesh,Krishna,2024-06-03,2024,06,21.8462418412,NRSC VIC MODEL
Andhra Pradesh,Krishna,2024-06-05,2024,06,0.0769042062,NRSC VIC MODEL
Andhra Pradesh,Krishna,2024-06-09,2024,06,0.7936785018,NRSC VIC MODEL
Andhra Pradesh,Krishna,2024-06-15,2024,06,3.6931141805,NRSC VIC MODEL
Andhra Pradesh,Krishna,2024-06-16,2024,06,0.7820527244,NRSC VIC MODEL
Andhra Pradesh,Krishna,2024-06-17,2024,06,2.3629671123,NRSC VIC MODEL
Andhra Pradesh,Krishna,2024-06-19,2024,06,13.9403638562,NRSC VIC MODEL
Andhra Pradesh,Krishna,2024-06-27,2024,06,17.2978683359,NRSC VIC MODEL
Andhra Pradesh,Krishna,2024-06-28,2024,06,13.9985359756,NRSC VIC MODEL
Andhra Pradesh,Krishna,2024-07-01,2024,07,10.9827666323,NRSC VIC MODEL
Andhra Pradesh,Krishna,2024-07-06,2024,07,11.5460908686,NRSC VIC MODEL
Andhra Pradesh,Krishna,2024-07-14,2024,07,0.5406365721,NRSC VIC MODEL
Andhra Pradesh,Krishna,2024-07-17,2024,07,2.2426619157,NRSC VIC MODEL
Andhra Pradesh,Krishna,2024-08-06,2024,08,13.7419931451,NRSC VIC MODEL
Andhra Pradesh,Krishna,2024-08-09,2024,08,0.368074952,NRSC VIC MODEL
Andhra Pradesh,Krishna,2024-08-10,2024,08,5.686593071,NRSC VIC MODEL
Andhra Pradesh,Krishna,2024-08-13,2024,08,0.0347773459,NRSC VIC MODEL
Andhra Pradesh,Krishna,2024-08-18,2024,08,2.2445453928,NRSC VIC MODEL
Andhra Pradesh,Krishna,2024-08-20,2024,08,1.7605260972,NRSC VIC MODEL
Andhra Pradesh,Krishna,2024-08-23,2024,08,9.1088956983,NRSC VIC MODEL
Andhra Pradesh,Krishna,2024-09-01,2024,09,5.6132178662,NRSC VIC MODEL
Andhra Pradesh,Krishna,2024-09-04,2024,09,32.1739212869,NRSC VIC MODEL
Andhra Pradesh,Krishna,2024-09-08,2024,09,0.0,NRSC VIC MODEL
Andhra Pradesh,Krishna,2024-09-09,2024,09,3.0961943552,NRSC VIC MODEL
Andhra Pradesh,Krishna,2024-09-11,2024,09,0.2210129237,NRSC VIC MODEL
Andhra Pradesh,Krishna,2024-09-14,2024,09,0.5892927108,NRSC VIC MODEL
Andhra Pradesh,Krishna,2024-09-18,2024,09,0.143750688,NRSC VIC MODEL
Andhra Pradesh,Krishna,2024-09-19,2024,09,0.3095479689,NRSC VIC MODEL
Andhra Pradesh,Krishna,2024-09-22,2024,09,11.7502387703,NRSC VIC MODEL
Andhra Pradesh,Krishna,2024-09-28,2024,09,7.9375753241,NRSC VIC MODEL
Andhra Pradesh,Krishna,2024-10-14,2024,10,6.8850542855,NRSC VIC MODEL
Andhra Pradesh,Krishna,2024-10-20,2024,10,9.4962788254,NRSC VIC MODEL
Andhra Pradesh,Krishna,2024-10-24,2024,10,0.0019893192,NRSC VIC MODEL
Andhra Pradesh,Krishna,2024-10-29,2024,10,0.0019818796,NRSC VIC MODEL
Andhra Pradesh,Krishna,2024-11-09,2024,11,0.63694616,NRSC VIC MODEL
Andhra Pradesh,Krishna,2024-11-17,2024,11,5.30884e-05,NRSC VIC MODEL
Andhra Pradesh,Krishna,2024-11-20,2024,11,0.0,NRSC VIC MODEL
Andhra Pradesh,Krishna,2024-11-22,2024,11,0.0,NRSC VIC MODEL
Andhra Pradesh,Krishna,2024-11-24,2024,11,0.0,NRSC VIC MODEL
Andhra Pradesh,Krishna,2024-11-29,2024,11,0.0193699621,NRSC VIC MODEL
Andhra Pradesh,Krishna,2024-12-15,2024,12,3.73224e-05,NRSC VIC MODEL
Andhra Pradesh,Krishna,2024-12-21,2024,12,0.1427727458,NRSC VIC MODEL
Andhra Pradesh,Krishna,2024-12-22,2024,12,0.000451908,NRSC VIC MODEL
Andhra Pradesh,Krishna,2024-12-30,2024,12,3.9967e-05,NRSC VIC MODEL
Andhra Pradesh,Kurnool,2024-01-02,2024,01,0.0,NRSC VIC MODEL
Andhra Pradesh,Kurnool,2024-01-03,2024,01,2.94798e-05,NRSC VIC MODEL
Andhra Pradesh,Kurnool,2024-01-12,2024,01,0.0,NRSC VIC MODEL
Andhra Pradesh,Kurnool,2024-01-19,2024,01,0.0,NRSC VIC MODEL
Andhra Pradesh,Kurnool,2024-01-21,2024,01,0.0,NRSC VIC MODEL
Andhra Pradesh,Kurnool,2024-01-28,2024,01,0.0,NRSC VIC MODEL
Andhra Pradesh,Kurnool,2024-01-30,2024,01,0.0003437761,NRSC VIC MODEL
Andhra Pradesh,Kurnool,2024-02-05,2024,02,0.0,NRSC VIC MODEL
Andhra Pradesh,Kurnool,2024-02-06,2024,02,5.89595e-05,NRSC VIC MODEL
Andhra Pradesh,Kurnool,2024-02-09,2024,02,0.0,NRSC VIC MODEL
Andhra Pradesh,Kurnool,2024-02-11,2024,02,2.94798e-05,NRSC VIC MODEL
Andhra Pradesh,Kurnool,2024-02-12,2024,02,0.0,NRSC VIC MODEL
Andhra Pradesh,Kurnool,2024-02-16,2024,02,0.0006940125,NRSC VIC MODEL
Andhra Pradesh,Kurnool,2024-02-19,2024,02,0.0,NRSC VIC MODEL
Andhra Pradesh,Kurnool,2024-02-20,2024,02,0.0,NRSC VIC MODEL
Andhra Pradesh,Kurnool,2024-03-01,2024,03,0.0,NRSC VIC MODEL
Andhra Pradesh,Kurnool,2024-03-03,2024,03,0.0,NRSC VIC MODEL
Andhra Pradesh,Kurnool,2024-03-04,2024,03,0.0,NRSC VIC MODEL
Andhra Pradesh,Kurnool,2024-03-29,2024,03,0.0,NRSC VIC MODEL
Andhra Pradesh,Kurnool,2024-04-01,2024,04,0.4524428688,NRSC VIC MODEL
Andhra Pradesh,Kurnool,2024-04-06,2024,04,0.0001454594,NRSC VIC MODEL
Andhra Pradesh,Kurnool,2024-04-09,2024,04,0.0,NRSC VIC MODEL
Andhra Pradesh,Kurnool,2024-04-10,2024,04,1.1538e-06,NRSC VIC MODEL
Andhra Pradesh,Kurnool,2024-04-13,2024,04,0.1735730373,NRSC VIC MODEL
Andhra Pradesh,Kurnool,2024-04-21,2024,04,3.1579689351,NRSC VIC MODEL
Andhra Pradesh,Kurnool,2024-04-23,2024,04,0.1349852091,NRSC VIC MODEL
Andhra Pradesh,Kurnool,2024-04-24,2024,04,0.0007989208,NRSC VIC MODEL
Andhra Pradesh,Kurnool,2024-04-25,2024,04,0.0,NRSC VIC MODEL
Andhra Pradesh,Kurnool,2024-04-26,2024,04,4.154e-06,NRSC VIC MODEL
Andhra Pradesh,Kurnool,2024-04-27,2024,04,0.0,NRSC VIC MODEL
Andhra Pradesh,Kurnool,2024-04-28,2024,04,0.0,NRSC VIC MODEL
Andhra Pradesh,Kurnool,2024-05-01,2024,05,0.0004396496,NRSC VIC MODEL
Andhra Pradesh,Kurnool,2024-05-03,2024,05,0.0010185387,NRSC VIC MODEL
